mc	mn	quarterbeats	quarterbeats_all_endings	duration_qb	mc_onset	mn_onset	event	timesig	staff	voice	duration	nominal_duration	scalar	chord_id	dynamics	articulation	staff_text	slur	decrescendo_hairpin	diminuendo_line
1	0	0	0	0.0	0	1	Dynamic	12/8	1	1	0				pp					
1	0	0	0	0.0	0	1	StaffText	12/8	1	1	0						Vivace			
1	0	0	0	0.0	0	1	StaffText	12/8	2	1	0						con			
1	0	0	0	0.5	0	1	Chord	12/8	2	1	1/8	1/8	1	0				0		
1	0	1/2	1/2	1.0	1/8	9/8	Chord	12/8	2	1	1/4	1/4	1	1				0		
1	0	3/2	3/2	0.5	3/8	11/8	Chord	12/8	2	1	1/8	1/8	1	2						
2	1	2	2	1.0	0	0	Chord	12/8	2	1	1/4	1/4	1	3						
2	1	3	3	0.5	1/4	1/4	Chord	12/8	2	1	1/8	1/8	1	4				1		
2	1	7/2	7/2	1.0	3/8	3/8	Chord	12/8	2	1	1/4	1/4	1	5				1		
2	1	9/2	9/2	0.5	5/8	5/8	Chord	12/8	2	1	1/8	1/8	1	6						
2	1	5	5	1.0	3/4	3/4	Chord	12/8	2	1	1/4	1/4	1	7						
2	1	6	6	0.5	1	1	Chord	12/8	2	1	1/8	1/8	1	8				2		
2	1	13/2	13/2	1.0	9/8	9/8	Chord	12/8	2	1	1/4	1/4	1	9				2		
2	1	15/2	15/2	0.5	11/8	11/8	Chord	12/8	2	1	1/8	1/8	1	10						
3	2	8	8	0.0	0	0	Dynamic	12/8	1	1	0				pp					
3	2	8	8	0.5	0	0	Chord	12/8	1	1	1/8	1/8	1	11		articStaccatoAbove		3		
3	2	17/2	17/2	0.5	1/8	1/8	Chord	12/8	1	1	1/8	1/8	1	12		articStaccatoAbove		3		
3	2	9	9	0.5	1/4	1/4	Chord	12/8	1	1	1/8	1/8	1	13		articStaccatoAbove				
3	2	19/2	19/2	0.5	3/8	3/8	Chord	12/8	1	1	1/8	1/8	1	14				4		
3	2	10	10	0.5	1/2	1/2	Chord	12/8	1	1	1/8	1/8	1	15						
3	2	21/2	21/2	0.5	5/8	5/8	Chord	12/8	1	1	1/8	1/8	1	16						
3	2	11	11	0.5	3/4	3/4	Chord	12/8	1	1	1/8	1/8	1	17		articStaccatoAbove		5		
3	2	23/2	23/2	0.5	7/8	7/8	Chord	12/8	1	1	1/8	1/8	1	18		articStaccatoAbove		5		
3	2	12	12	0.5	1	1	Chord	12/8	1	1	1/8	1/8	1	19		articStaccatoAbove				
3	2	25/2	25/2	0.5	9/8	9/8	Chord	12/8	1	1	1/8	1/8	1	20				6		
3	2	13	13	0.5	5/4	5/4	Chord	12/8	1	1	1/8	1/8	1	21						
3	2	27/2	27/2	0.5	11/8	11/8	Chord	12/8	1	1	1/8	1/8	1	22						
3	2	19/2	19/2	1.0	3/8	3/8	Chord	12/8	1	2	1/4	1/4	1	23						
3	2	21/2	21/2	0.5	5/8	5/8	Chord	12/8	1	2	1/8	1/8	1	24						
3	2	11	11	0.5	3/4	3/4	Chord	12/8	1	2	1/8	1/8	1	25		articStaccatoBelow				
3	2	23/2	23/2	0.5	7/8	7/8	Chord	12/8	1	2	1/8	1/8	1	26		articStaccatoBelow				
3	2	12	12	0.5	1	1	Chord	12/8	1	2	1/8	1/8	1	27		articStaccatoBelow				
3	2	25/2	25/2	1.0	9/8	9/8	Chord	12/8	1	2	1/4	1/4	1	28						
3	2	27/2	27/2	0.5	11/8	11/8	Chord	12/8	1	2	1/8	1/8	1	29						
3	2	9	9	0.5	1/4	1/4	Chord	12/8	2	1	1/8	1/8	1	30				7		
3	2	19/2	19/2	1.0	3/8	3/8	Chord	12/8	2	1	1/4	1/4	1	31				7		
3	2	21/2	21/2	0.5	5/8	5/8	Chord	12/8	2	1	1/8	1/8	1	32				7		
3	2	11	11	1.0	3/4	3/4	Chord	12/8	2	1	1/4	1/4	1	33				7		
3	2	12	12	0.5	1	1	Chord	12/8	2	1	1/8	1/8	1	34				7		
3	2	25/2	25/2	1.0	9/8	9/8	Chord	12/8	2	1	1/4	1/4	1	35				7		
3	2	27/2	27/2	0.5	11/8	11/8	Chord	12/8	2	1	1/8	1/8	1	36						
3	2	8	8	6.0	0	0	Chord	12/8	2	2	3/2	1	3/2	37						
4	3	14	14	0.5	0	0	Chord	12/8	1	1	1/8	1/8	1	38		articStaccatoAbove		8		
4	3	29/2	29/2	0.5	1/8	1/8	Chord	12/8	1	1	1/8	1/8	1	39		articStaccatoAbove		8		
4	3	15	15	0.5	1/4	1/4	Chord	12/8	1	1	1/8	1/8	1	40		articStaccatoAbove				
4	3	31/2	31/2	0.5	3/8	3/8	Chord	12/8	1	1	1/8	1/8	1	41				9		
4	3	16	16	0.5	1/2	1/2	Chord	12/8	1	1	1/8	1/8	1	42						
4	3	33/2	33/2	0.5	5/8	5/8	Chord	12/8	1	1	1/8	1/8	1	43						
4	3	17	17	0.5	3/4	3/4	Chord	12/8	1	1	1/8	1/8	1	44		articStaccatoAbove		10		
4	3	35/2	35/2	0.5	7/8	7/8	Chord	12/8	1	1	1/8	1/8	1	45		articStaccatoAbove		10		
4	3	18	18	0.5	1	1	Chord	12/8	1	1	1/8	1/8	1	46		articStaccatoAbove				
4	3	37/2	37/2	1.0	9/8	9/8	Chord	12/8	1	1	1/4	1/4	1	47						
4	3	31/2	31/2	1.0	3/8	3/8	Chord	12/8	1	2	1/4	1/4	1	48						
4	3	33/2	33/2	0.5	5/8	5/8	Chord	12/8	1	2	1/8	1/8	1	49						
4	3	17	17	0.5	3/4	3/4	Chord	12/8	1	2	1/8	1/8	1	50		articStaccatoBelow				
4	3	35/2	35/2	0.5	7/8	7/8	Chord	12/8	1	2	1/8	1/8	1	51		articStaccatoBelow				
4	3	18	18	0.5	1	1	Chord	12/8	1	2	1/8	1/8	1	52		articStaccatoBelow				
4	3	37/2	37/2	1.0	9/8	9/8	Chord	12/8	1	2	1/4	1/4	1	53						
4	3	15	15	0.5	1/4	1/4	Chord	12/8	2	1	1/8	1/8	1	54				11		
4	3	31/2	31/2	1.0	3/8	3/8	Chord	12/8	2	1	1/4	1/4	1	55				11		
4	3	33/2	33/2	0.5	5/8	5/8	Chord	12/8	2	1	1/8	1/8	1	56				11		
4	3	17	17	1.0	3/4	3/4	Chord	12/8	2	1	1/4	1/4	1	57				11		
4	3	18	18	0.5	1	1	Chord	12/8	2	1	1/8	1/8	1	58				11		
4	3	37/2	37/2	1.0	9/8	9/8	Chord	12/8	2	1	1/4	1/4	1	59				11		
4	3	39/2	39/2	0.5	11/8	11/8	Chord	12/8	2	1	1/8	1/8	1	60						
4	3	14	14	6.0	0	0	Chord	12/8	2	2	3/2	1	3/2	61						
5	4	20	20	0.5	0	0	Chord	12/8	1	1	1/8	1/8	1	62		articStaccatoBelow		12		
5	4	41/2	41/2	0.5	1/8	1/8	Chord	12/8	1	1	1/8	1/8	1	63		articStaccatoBelow		12		
5	4	21	21	0.5	1/4	1/4	Chord	12/8	1	1	1/8	1/8	1	64		articStaccatoBelow				
5	4	43/2	43/2	0.5	3/8	3/8	Chord	12/8	1	1	1/8	1/8	1	65				13		
5	4	22	22	0.5	1/2	1/2	Chord	12/8	1	1	1/8	1/8	1	66						
5	4	45/2	45/2	0.5	5/8	5/8	Chord	12/8	1	1	1/8	1/8	1	67						
5	4	23	23	0.5	3/4	3/4	Chord	12/8	1	1	1/8	1/8	1	68		articStaccatoBelow		14		
5	4	47/2	47/2	0.5	7/8	7/8	Chord	12/8	1	1	1/8	1/8	1	69		articStaccatoBelow		14		
5	4	24	24	0.5	1	1	Chord	12/8	1	1	1/8	1/8	1	70		articStaccatoBelow				
5	4	49/2	49/2	0.5	9/8	9/8	Chord	12/8	1	1	1/8	1/8	1	71				15		
5	4	25	25	0.5	5/4	5/4	Chord	12/8	1	1	1/8	1/8	1	72						
5	4	51/2	51/2	0.5	11/8	11/8	Chord	12/8	1	1	1/8	1/8	1	73						
5	4	43/2	43/2	1.0	3/8	3/8	Chord	12/8	1	2	1/4	1/4	1	74						
5	4	45/2	45/2	0.5	5/8	5/8	Chord	12/8	1	2	1/8	1/8	1	75						
5	4	49/2	49/2	1.0	9/8	9/8	Chord	12/8	1	2	1/4	1/4	1	76						
5	4	51/2	51/2	0.5	11/8	11/8	Chord	12/8	1	2	1/8	1/8	1	77						
5	4	21	21	0.5	1/4	1/4	Chord	12/8	2	1	1/8	1/8	1	78				16		
5	4	43/2	43/2	1.0	3/8	3/8	Chord	12/8	2	1	1/4	1/4	1	79				16		
5	4	45/2	45/2	0.5	5/8	5/8	Chord	12/8	2	1	1/8	1/8	1	80				16		
5	4	23	23	1.0	3/4	3/4	Chord	12/8	2	1	1/4	1/4	1	81				16		
5	4	24	24	0.5	1	1	Chord	12/8	2	1	1/8	1/8	1	82				16		
5	4	49/2	49/2	1.0	9/8	9/8	Chord	12/8	2	1	1/4	1/4	1	83				16		
5	4	51/2	51/2	0.5	11/8	11/8	Chord	12/8	2	1	1/8	1/8	1	84						
5	4	20	20	6.0	0	0	Chord	12/8	2	2	3/2	1	3/2	85						
6	5	26	26	0.5	0	0	Chord	12/8	1	1	1/8	1/8	1	86		articStaccatoBelow		17		
6	5	53/2	53/2	0.5	1/8	1/8	Chord	12/8	1	1	1/8	1/8	1	87		articStaccatoBelow		17		
6	5	27	27	0.5	1/4	1/4	Chord	12/8	1	1	1/8	1/8	1	88		articStaccatoBelow				
6	5	55/2	55/2	0.5	3/8	3/8	Chord	12/8	1	1	1/8	1/8	1	89				18		
6	5	28	28	0.5	1/2	1/2	Chord	12/8	1	1	1/8	1/8	1	90						
6	5	57/2	57/2	0.5	5/8	5/8	Chord	12/8	1	1	1/8	1/8	1	91						
6	5	29	29	0.5	3/4	3/4	Chord	12/8	1	1	1/8	1/8	1	92		articStaccatoBelow		19		
6	5	59/2	59/2	0.5	7/8	7/8	Chord	12/8	1	1	1/8	1/8	1	93		articStaccatoBelow		19		
6	5	30	30	0.5	1	1	Chord	12/8	1	1	1/8	1/8	1	94		articStaccatoBelow				
6	5	61/2	61/2	1.0	9/8	9/8	Chord	12/8	1	1	1/4	1/4	1	95						
6	5	55/2	55/2	1.0	3/8	3/8	Chord	12/8	1	2	1/4	1/4	1	96						
6	5	57/2	57/2	0.5	5/8	5/8	Chord	12/8	1	2	1/8	1/8	1	97						
6	5	27	27	0.5	1/4	1/4	Chord	12/8	2	1	1/8	1/8	1	98				20		
6	5	55/2	55/2	1.0	3/8	3/8	Chord	12/8	2	1	1/4	1/4	1	99				20		
6	5	57/2	57/2	0.5	5/8	5/8	Chord	12/8	2	1	1/8	1/8	1	100				20		
6	5	29	29	1.0	3/4	3/4	Chord	12/8	2	1	1/4	1/4	1	101				20		
6	5	30	30	0.5	1	1	Chord	12/8	2	1	1/8	1/8	1	102				20		
6	5	61/2	61/2	1.0	9/8	9/8	Chord	12/8	2	1	1/4	1/4	1	103						
6	5	63/2	63/2	0.5	11/8	11/8	Chord	12/8	2	1	1/8	1/8	1	104						
6	5	26	26	6.0	0	0	Chord	12/8	2	2	3/2	1	3/2	105						
7	6	32	32	1.0	0	0	Chord	12/8	2	1	1/4	1/4	1	106						
7	6	33	33	0.5	1/4	1/4	Chord	12/8	2	1	1/8	1/8	1	107				21		
7	6	67/2	67/2	1.0	3/8	3/8	Chord	12/8	2	1	1/4	1/4	1	108				21		
7	6	69/2	69/2	0.5	5/8	5/8	Chord	12/8	2	1	1/8	1/8	1	109						
7	6	35	35	1.0	3/4	3/4	Chord	12/8	2	1	1/4	1/4	1	110						
7	6	36	36	0.5	1	1	Chord	12/8	2	1	1/8	1/8	1	111				22		
7	6	73/2	73/2	1.0	9/8	9/8	Chord	12/8	2	1	1/4	1/4	1	112				22		
7	6	75/2	75/2	0.5	11/8	11/8	Chord	12/8	2	1	1/8	1/8	1	113						
8	7	38	38	0.5	0	0	Chord	12/8	1	1	1/8	1/8	1	114		articStaccatoAbove		23		
8	7	77/2	77/2	0.5	1/8	1/8	Chord	12/8	1	1	1/8	1/8	1	115		articStaccatoAbove		23		
8	7	39	39	0.5	1/4	1/4	Chord	12/8	1	1	1/8	1/8	1	116		articStaccatoAbove				
8	7	79/2	79/2	0.5	3/8	3/8	Chord	12/8	1	1	1/8	1/8	1	117				24		
8	7	40	40	0.5	1/2	1/2	Chord	12/8	1	1	1/8	1/8	1	118						
8	7	81/2	81/2	0.5	5/8	5/8	Chord	12/8	1	1	1/8	1/8	1	119						
8	7	41	41	0.5	3/4	3/4	Chord	12/8	1	1	1/8	1/8	1	120		articStaccatoAbove		25		
8	7	83/2	83/2	0.5	7/8	7/8	Chord	12/8	1	1	1/8	1/8	1	121		articStaccatoAbove		25		
8	7	42	42	0.5	1	1	Chord	12/8	1	1	1/8	1/8	1	122		articStaccatoAbove				
8	7	85/2	85/2	0.5	9/8	9/8	Chord	12/8	1	1	1/8	1/8	1	123				26		
8	7	43	43	0.5	5/4	5/4	Chord	12/8	1	1	1/8	1/8	1	124						
8	7	87/2	87/2	0.5	11/8	11/8	Chord	12/8	1	1	1/8	1/8	1	125						
8	7	79/2	79/2	1.0	3/8	3/8	Chord	12/8	1	2	1/4	1/4	1	126						
8	7	81/2	81/2	0.5	5/8	5/8	Chord	12/8	1	2	1/8	1/8	1	127						
8	7	41	41	0.5	3/4	3/4	Chord	12/8	1	2	1/8	1/8	1	128		articStaccatoBelow				
8	7	83/2	83/2	0.5	7/8	7/8	Chord	12/8	1	2	1/8	1/8	1	129		articStaccatoBelow				
8	7	42	42	0.5	1	1	Chord	12/8	1	2	1/8	1/8	1	130		articStaccatoBelow				
8	7	85/2	85/2	1.0	9/8	9/8	Chord	12/8	1	2	1/4	1/4	1	131						
8	7	87/2	87/2	0.5	11/8	11/8	Chord	12/8	1	2	1/8	1/8	1	132						
8	7	39	39	0.5	1/4	1/4	Chord	12/8	2	1	1/8	1/8	1	133				27		
8	7	79/2	79/2	1.0	3/8	3/8	Chord	12/8	2	1	1/4	1/4	1	134				27		
8	7	81/2	81/2	0.5	5/8	5/8	Chord	12/8	2	1	1/8	1/8	1	135				27		
8	7	41	41	1.0	3/4	3/4	Chord	12/8	2	1	1/4	1/4	1	136				27		
8	7	42	42	0.5	1	1	Chord	12/8	2	1	1/8	1/8	1	137				27		
8	7	85/2	85/2	1.0	9/8	9/8	Chord	12/8	2	1	1/4	1/4	1	138				27		
8	7	87/2	87/2	0.5	11/8	11/8	Chord	12/8	2	1	1/8	1/8	1	139						
8	7	38	38	6.0	0	0	Chord	12/8	2	2	3/2	1	3/2	140						
9	8	44	44	0.5	0	0	Chord	12/8	1	1	1/8	1/8	1	141		articStaccatoAbove		28		
9	8	89/2	89/2	0.5	1/8	1/8	Chord	12/8	1	1	1/8	1/8	1	142		articStaccatoAbove		28		
9	8	45	45	0.5	1/4	1/4	Chord	12/8	1	1	1/8	1/8	1	143		articStaccatoAbove				
9	8	91/2	91/2	0.5	3/8	3/8	Chord	12/8	1	1	1/8	1/8	1	144				29		
9	8	46	46	0.5	1/2	1/2	Chord	12/8	1	1	1/8	1/8	1	145						
9	8	93/2	93/2	0.5	5/8	5/8	Chord	12/8	1	1	1/8	1/8	1	146						
9	8	47	47	0.5	3/4	3/4	Chord	12/8	1	1	1/8	1/8	1	147		articStaccatoAbove		30		
9	8	95/2	95/2	0.5	7/8	7/8	Chord	12/8	1	1	1/8	1/8	1	148		articStaccatoAbove		30		
9	8	48	48	0.5	1	1	Chord	12/8	1	1	1/8	1/8	1	149		articStaccatoAbove				
9	8	97/2	97/2	1.0	9/8	9/8	Chord	12/8	1	1	1/4	1/4	1	150						
9	8	91/2	91/2	1.0	3/8	3/8	Chord	12/8	1	2	1/4	1/4	1	151						
9	8	93/2	93/2	0.5	5/8	5/8	Chord	12/8	1	2	1/8	1/8	1	152						
9	8	47	47	0.5	3/4	3/4	Chord	12/8	1	2	1/8	1/8	1	153		articStaccatoBelow				
9	8	95/2	95/2	0.5	7/8	7/8	Chord	12/8	1	2	1/8	1/8	1	154		articStaccatoBelow				
9	8	48	48	0.5	1	1	Chord	12/8	1	2	1/8	1/8	1	155		articStaccatoBelow				
9	8	97/2	97/2	1.0	9/8	9/8	Chord	12/8	1	2	1/4	1/4	1	156						
9	8	45	45	0.5	1/4	1/4	Chord	12/8	2	1	1/8	1/8	1	157				31		
9	8	91/2	91/2	1.0	3/8	3/8	Chord	12/8	2	1	1/4	1/4	1	158				31		
9	8	93/2	93/2	0.5	5/8	5/8	Chord	12/8	2	1	1/8	1/8	1	159				31		
9	8	47	47	1.0	3/4	3/4	Chord	12/8	2	1	1/4	1/4	1	160				31		
9	8	48	48	0.5	1	1	Chord	12/8	2	1	1/8	1/8	1	161				31		
9	8	97/2	97/2	1.0	9/8	9/8	Chord	12/8	2	1	1/4	1/4	1	162				31		
9	8	99/2	99/2	0.5	11/8	11/8	Chord	12/8	2	1	1/8	1/8	1	163						
9	8	44	44	6.0	0	0	Chord	12/8	2	2	3/2	1	3/2	164						
10	9	50	50	0.5	0	0	Chord	12/8	1	1	1/8	1/8	1	165		articStaccatoBelow		32		
10	9	101/2	101/2	0.5	1/8	1/8	Chord	12/8	1	1	1/8	1/8	1	166		articStaccatoBelow		32		
10	9	51	51	0.5	1/4	1/4	Chord	12/8	1	1	1/8	1/8	1	167		articStaccatoBelow				
10	9	103/2	103/2	0.5	3/8	3/8	Chord	12/8	1	1	1/8	1/8	1	168				33		
10	9	52	52	0.5	1/2	1/2	Chord	12/8	1	1	1/8	1/8	1	169						
10	9	105/2	105/2	0.5	5/8	5/8	Chord	12/8	1	1	1/8	1/8	1	170						
10	9	53	53	0.5	3/4	3/4	Chord	12/8	1	1	1/8	1/8	1	171		articStaccatoBelow		34		
10	9	107/2	107/2	0.5	7/8	7/8	Chord	12/8	1	1	1/8	1/8	1	172		articStaccatoBelow		34		
10	9	54	54	0.5	1	1	Chord	12/8	1	1	1/8	1/8	1	173		articStaccatoBelow				
10	9	109/2	109/2	0.5	9/8	9/8	Chord	12/8	1	1	1/8	1/8	1	174				35		
10	9	55	55	0.5	5/4	5/4	Chord	12/8	1	1	1/8	1/8	1	175						
10	9	111/2	111/2	0.5	11/8	11/8	Chord	12/8	1	1	1/8	1/8	1	176						
10	9	103/2	103/2	1.0	3/8	3/8	Chord	12/8	1	2	1/4	1/4	1	177						
10	9	105/2	105/2	0.5	5/8	5/8	Chord	12/8	1	2	1/8	1/8	1	178						
10	9	109/2	109/2	1.0	9/8	9/8	Chord	12/8	1	2	1/4	1/4	1	179						
10	9	111/2	111/2	0.5	11/8	11/8	Chord	12/8	1	2	1/8	1/8	1	180						
10	9	51	51	0.5	1/4	1/4	Chord	12/8	2	1	1/8	1/8	1	181				36		
10	9	103/2	103/2	1.0	3/8	3/8	Chord	12/8	2	1	1/4	1/4	1	182				36		
10	9	105/2	105/2	0.5	5/8	5/8	Chord	12/8	2	1	1/8	1/8	1	183				36		
10	9	53	53	1.0	3/4	3/4	Chord	12/8	2	1	1/4	1/4	1	184				36		
10	9	54	54	0.5	1	1	Chord	12/8	2	1	1/8	1/8	1	185				36		
10	9	109/2	109/2	1.0	9/8	9/8	Chord	12/8	2	1	1/4	1/4	1	186				36		
10	9	111/2	111/2	0.5	11/8	11/8	Chord	12/8	2	1	1/8	1/8	1	187						
10	9	50	50	6.0	0	0	Chord	12/8	2	2	3/2	1	3/2	188						
11	10	56	56	0.5	0	0	Chord	12/8	1	1	1/8	1/8	1	189		articStaccatoBelow		37		
11	10	113/2	113/2	0.5	1/8	1/8	Chord	12/8	1	1	1/8	1/8	1	190		articStaccatoBelow		37		
11	10	57	57	0.5	1/4	1/4	Chord	12/8	1	1	1/8	1/8	1	191		articStaccatoBelow				
11	10	115/2	115/2	0.5	3/8	3/8	Chord	12/8	1	1	1/8	1/8	1	192				38		
11	10	58	58	0.5	1/2	1/2	Chord	12/8	1	1	1/8	1/8	1	193						
11	10	117/2	117/2	0.5	5/8	5/8	Chord	12/8	1	1	1/8	1/8	1	194						
11	10	59	59	0.5	3/4	3/4	Chord	12/8	1	1	1/8	1/8	1	195		articStaccatoBelow		39		
11	10	119/2	119/2	0.5	7/8	7/8	Chord	12/8	1	1	1/8	1/8	1	196		articStaccatoBelow		39		
11	10	60	60	0.5	1	1	Chord	12/8	1	1	1/8	1/8	1	197		articStaccatoBelow				
11	10	121/2	121/2	1.0	9/8	9/8	Chord	12/8	1	1	1/4	1/4	1	198						
11	10	115/2	115/2	1.0	3/8	3/8	Chord	12/8	1	2	1/4	1/4	1	199						
11	10	117/2	117/2	0.5	5/8	5/8	Chord	12/8	1	2	1/8	1/8	1	200						
11	10	57	57	0.5	1/4	1/4	Chord	12/8	2	1	1/8	1/8	1	201				40		
11	10	115/2	115/2	1.0	3/8	3/8	Chord	12/8	2	1	1/4	1/4	1	202				40		
11	10	117/2	117/2	0.5	5/8	5/8	Chord	12/8	2	1	1/8	1/8	1	203				40		
11	10	59	59	1.0	3/4	3/4	Chord	12/8	2	1	1/4	1/4	1	204				40		
11	10	60	60	0.5	1	1	Chord	12/8	2	1	1/8	1/8	1	205				40		
11	10	121/2	121/2	1.0	9/8	9/8	Chord	12/8	2	1	1/4	1/4	1	206						
11	10	56	56	6.0	0	0	Chord	12/8	2	2	3/2	1	3/2	207						
12	11	62	62	0.0	0	0	StaffText	6/8	1	1	0						"<font size=""12""/>un poco marcato"			
12	11	62	62	1.5	0	0	Chord	6/8	1	1	3/8	1/4	3/2	208		articAccentAbove				
12	11	127/2	127/2	0.375	3/8	3/8	Chord	6/8	1	1	3/32	1/8	3/4	209				41		
12	11	511/8	511/8	0.375	15/32	15/32	Chord	6/8	1	1	3/32	1/8	3/4	210				41		
12	11	257/4	257/4	0.375	9/16	9/16	Chord	6/8	1	1	3/32	1/8	3/4	211				41		
12	11	517/8	517/8	0.375	21/32	21/32	Chord	6/8	1	1	3/32	1/8	3/4	212						
12	11	62	62	0.5	0	0	Chord	6/8	1	2	1/8	1/8	1	213				42		
12	11	125/2	125/2	0.25	1/8	1/8	Chord	6/8	1	2	1/16	1/16	1	214				42		
12	11	251/4	251/4	0.25	3/16	3/16	Chord	6/8	1	2	1/16	1/16	1	215				42		
12	11	63	63	0.25	1/4	1/4	Chord	6/8	1	2	1/16	1/16	1	216				42		
12	11	253/4	253/4	0.25	5/16	5/16	Chord	6/8	1	2	1/16	1/16	1	217						
12	11	127/2	127/2	1.5	3/8	3/8	Chord	6/8	1	2	3/8	1/4	3/2	218						
12	11	125/2	125/2	0.5	1/8	1/8	Chord	6/8	2	1	1/8	1/8	1	219						
12	11	63	63	0.5	1/4	1/4	Chord	6/8	2	1	1/8	1/8	1	220						
12	11	127/2	127/2	1.5	3/8	3/8	Chord	6/8	2	1	3/8	1/4	3/2	221		articAccentAbove				
13	12	65	65	1.5	0	0	Chord	6/8	1	1	3/8	1/4	3/2	222		articAccentAbove				
13	12	133/2	133/2	0.375	3/8	3/8	Chord	6/8	1	1	3/32	1/8	3/4	223				43		
13	12	535/8	535/8	0.375	15/32	15/32	Chord	6/8	1	1	3/32	1/8	3/4	224				43		
13	12	269/4	269/4	0.375	9/16	9/16	Chord	6/8	1	1	3/32	1/8	3/4	225				43		
13	12	541/8	541/8	0.375	21/32	21/32	Chord	6/8	1	1	3/32	1/8	3/4	226						
13	12	65	65	0.5	0	0	Chord	6/8	1	2	1/8	1/8	1	227				44		
13	12	131/2	131/2	0.25	1/8	1/8	Chord	6/8	1	2	1/16	1/16	1	228				44		
13	12	263/4	263/4	0.25	3/16	3/16	Chord	6/8	1	2	1/16	1/16	1	229				44		
13	12	66	66	0.25	1/4	1/4	Chord	6/8	1	2	1/16	1/16	1	230				44		
13	12	265/4	265/4	0.25	5/16	5/16	Chord	6/8	1	2	1/16	1/16	1	231						
13	12	133/2	133/2	1.5	3/8	3/8	Chord	6/8	1	2	3/8	1/4	3/2	232						
13	12	131/2	131/2	0.5	1/8	1/8	Chord	6/8	2	1	1/8	1/8	1	233						
13	12	66	66	0.5	1/4	1/4	Chord	6/8	2	1	1/8	1/8	1	234						
13	12	133/2	133/2	1.5	3/8	3/8	Chord	6/8	2	1	3/8	1/4	3/2	235		articAccentAbove				
14	13	68	68	1.5	0	0	Chord	6/8	1	1	3/8	1/4	3/2	236		articAccentAbove				
14	13	139/2	139/2	0.375	3/8	3/8	Chord	6/8	1	1	3/32	1/8	3/4	237				45		
14	13	559/8	559/8	0.375	15/32	15/32	Chord	6/8	1	1	3/32	1/8	3/4	238				45		
14	13	281/4	281/4	0.375	9/16	9/16	Chord	6/8	1	1	3/32	1/8	3/4	239				45		
14	13	565/8	565/8	0.375	21/32	21/32	Chord	6/8	1	1	3/32	1/8	3/4	240						
14	13	68	68	0.5	0	0	Chord	6/8	1	2	1/8	1/8	1	241				46		
14	13	137/2	137/2	0.25	1/8	1/8	Chord	6/8	1	2	1/16	1/16	1	242				46		
14	13	275/4	275/4	0.25	3/16	3/16	Chord	6/8	1	2	1/16	1/16	1	243				46		
14	13	69	69	0.25	1/4	1/4	Chord	6/8	1	2	1/16	1/16	1	244				46		
14	13	277/4	277/4	0.25	5/16	5/16	Chord	6/8	1	2	1/16	1/16	1	245						
14	13	139/2	139/2	1.5	3/8	3/8	Chord	6/8	1	2	3/8	1/4	3/2	246						
14	13	137/2	137/2	0.5	1/8	1/8	Chord	6/8	2	1	1/8	1/8	1	247						
14	13	69	69	0.5	1/4	1/4	Chord	6/8	2	1	1/8	1/8	1	248						
14	13	139/2	139/2	1.5	3/8	3/8	Chord	6/8	2	1	3/8	1/4	3/2	249		articAccentAbove				
15	14	71	71	1.5	0	0	Chord	6/8	1	1	3/8	1/4	3/2	250		articAccentAbove				
15	14	145/2	145/2	0.375	3/8	3/8	Chord	6/8	1	1	3/32	1/8	3/4	251				47		
15	14	583/8	583/8	0.375	15/32	15/32	Chord	6/8	1	1	3/32	1/8	3/4	252				47		
15	14	293/4	293/4	0.375	9/16	9/16	Chord	6/8	1	1	3/32	1/8	3/4	253				47		
15	14	589/8	589/8	0.375	21/32	21/32	Chord	6/8	1	1	3/32	1/8	3/4	254						
15	14	71	71	0.5	0	0	Chord	6/8	1	2	1/8	1/8	1	255				48		
15	14	143/2	143/2	0.25	1/8	1/8	Chord	6/8	1	2	1/16	1/16	1	256				48		
15	14	287/4	287/4	0.25	3/16	3/16	Chord	6/8	1	2	1/16	1/16	1	257				48		
15	14	72	72	0.25	1/4	1/4	Chord	6/8	1	2	1/16	1/16	1	258				48		
15	14	289/4	289/4	0.25	5/16	5/16	Chord	6/8	1	2	1/16	1/16	1	259						
15	14	145/2	145/2	1.5	3/8	3/8	Chord	6/8	1	2	3/8	1/4	3/2	260						
15	14	143/2	143/2	0.5	1/8	1/8	Chord	6/8	2	1	1/8	1/8	1	261						
15	14	72	72	0.5	1/4	1/4	Chord	6/8	2	1	1/8	1/8	1	262						
15	14	145/2	145/2	1.5	3/8	3/8	Chord	6/8	2	1	3/8	1/4	3/2	263		articAccentBelow				
16	15	74	74	1.5	0	0	Chord	6/8	1	1	3/8	1/4	3/2	264		articAccentAbove				
16	15	151/2	151/2	0.375	3/8	3/8	Chord	6/8	1	1	3/32	1/8	3/4	265				49		
16	15	607/8	607/8	0.375	15/32	15/32	Chord	6/8	1	1	3/32	1/8	3/4	266				49		
16	15	305/4	305/4	0.375	9/16	9/16	Chord	6/8	1	1	3/32	1/8	3/4	267				49		
16	15	613/8	613/8	0.375	21/32	21/32	Chord	6/8	1	1	3/32	1/8	3/4	268						
16	15	74	74	0.5	0	0	Chord	6/8	1	2	1/8	1/8	1	269				50		
16	15	149/2	149/2	0.25	1/8	1/8	Chord	6/8	1	2	1/16	1/16	1	270				50		
16	15	299/4	299/4	0.25	3/16	3/16	Chord	6/8	1	2	1/16	1/16	1	271				50		
16	15	75	75	0.25	1/4	1/4	Chord	6/8	1	2	1/16	1/16	1	272				50		
16	15	301/4	301/4	0.25	5/16	5/16	Chord	6/8	1	2	1/16	1/16	1	273						
16	15	151/2	151/2	1.5	3/8	3/8	Chord	6/8	1	2	3/8	1/4	3/2	274						
16	15	149/2	149/2	0.5	1/8	1/8	Chord	6/8	2	1	1/8	1/8	1	275						
16	15	75	75	0.5	1/4	1/4	Chord	6/8	2	1	1/8	1/8	1	276						
16	15	151/2	151/2	1.5	3/8	3/8	Chord	6/8	2	1	3/8	1/4	3/2	277		articAccentBelow				
17	16	77	77	1.5	0	0	Chord	6/8	1	1	3/8	1/4	3/2	278		articAccentAbove				
17	16	157/2	157/2	0.375	3/8	3/8	Chord	6/8	1	1	3/32	1/8	3/4	279				51		
17	16	631/8	631/8	0.375	15/32	15/32	Chord	6/8	1	1	3/32	1/8	3/4	280				51		
17	16	317/4	317/4	0.375	9/16	9/16	Chord	6/8	1	1	3/32	1/8	3/4	281				51		
17	16	637/8	637/8	0.375	21/32	21/32	Chord	6/8	1	1	3/32	1/8	3/4	282						
17	16	77	77	0.5	0	0	Chord	6/8	1	2	1/8	1/8	1	283				52		
17	16	155/2	155/2	0.25	1/8	1/8	Chord	6/8	1	2	1/16	1/16	1	284				52		
17	16	311/4	311/4	0.25	3/16	3/16	Chord	6/8	1	2	1/16	1/16	1	285				52		
17	16	78	78	0.25	1/4	1/4	Chord	6/8	1	2	1/16	1/16	1	286				52		
17	16	313/4	313/4	0.25	5/16	5/16	Chord	6/8	1	2	1/16	1/16	1	287						
17	16	157/2	157/2	1.5	3/8	3/8	Chord	6/8	1	2	3/8	1/4	3/2	288						
17	16	155/2	155/2	0.5	1/8	1/8	Chord	6/8	2	1	1/8	1/8	1	289						
17	16	78	78	0.5	1/4	1/4	Chord	6/8	2	1	1/8	1/8	1	290						
17	16	157/2	157/2	1.5	3/8	3/8	Chord	6/8	2	1	3/8	1/4	3/2	291		articAccentBelow				
18	17	80	80	1.5	0	0	Chord	6/8	1	1	3/8	1/4	3/2	292		articAccentAbove				
18	17	163/2	163/2	0.375	3/8	3/8	Chord	6/8	1	1	3/32	1/8	3/4	293				53		
18	17	655/8	655/8	0.375	15/32	15/32	Chord	6/8	1	1	3/32	1/8	3/4	294				53		
18	17	329/4	329/4	0.375	9/16	9/16	Chord	6/8	1	1	3/32	1/8	3/4	295				53		
18	17	661/8	661/8	0.375	21/32	21/32	Chord	6/8	1	1	3/32	1/8	3/4	296						
18	17	80	80	0.5	0	0	Chord	6/8	1	2	1/8	1/8	1	297				54		
18	17	161/2	161/2	0.25	1/8	1/8	Chord	6/8	1	2	1/16	1/16	1	298				54		
18	17	323/4	323/4	0.25	3/16	3/16	Chord	6/8	1	2	1/16	1/16	1	299				54		
18	17	81	81	0.25	1/4	1/4	Chord	6/8	1	2	1/16	1/16	1	300				54		
18	17	325/4	325/4	0.25	5/16	5/16	Chord	6/8	1	2	1/16	1/16	1	301						
18	17	163/2	163/2	1.5	3/8	3/8	Chord	6/8	1	2	3/8	1/4	3/2	302						
18	17	161/2	161/2	0.5	1/8	1/8	Chord	6/8	2	1	1/8	1/8	1	303						
18	17	81	81	0.5	1/4	1/4	Chord	6/8	2	1	1/8	1/8	1	304						
18	17	163/2	163/2	1.5	3/8	3/8	Chord	6/8	2	1	3/8	1/4	3/2	305		articAccentAbove				
19	18	83	83	1.5	0	0	Chord	6/8	1	1	3/8	1/4	3/2	306		articAccentAbove				
19	18	169/2	169/2	0.375	3/8	3/8	Chord	6/8	1	1	3/32	1/8	3/4	307				55		
19	18	679/8	679/8	0.375	15/32	15/32	Chord	6/8	1	1	3/32	1/8	3/4	308				55		
19	18	341/4	341/4	0.375	9/16	9/16	Chord	6/8	1	1	3/32	1/8	3/4	309				55		
19	18	685/8	685/8	0.375	21/32	21/32	Chord	6/8	1	1	3/32	1/8	3/4	310						
19	18	83	83	0.5	0	0	Chord	6/8	1	2	1/8	1/8	1	311				56		
19	18	167/2	167/2	0.25	1/8	1/8	Chord	6/8	1	2	1/16	1/16	1	312				56		
19	18	335/4	335/4	0.25	3/16	3/16	Chord	6/8	1	2	1/16	1/16	1	313				56		
19	18	84	84	0.25	1/4	1/4	Chord	6/8	1	2	1/16	1/16	1	314				56		
19	18	337/4	337/4	0.25	5/16	5/16	Chord	6/8	1	2	1/16	1/16	1	315						
19	18	169/2	169/2	1.5	3/8	3/8	Chord	6/8	1	2	3/8	1/4	3/2	316						
19	18	167/2	167/2	0.5	1/8	1/8	Chord	6/8	2	1	1/8	1/8	1	317						
19	18	84	84	0.5	1/4	1/4	Chord	6/8	2	1	1/8	1/8	1	318						
19	18	169/2	169/2	1.5	3/8	3/8	Chord	6/8	2	1	3/8	1/4	3/2	319		articAccentAbove				
20	19	86	86	1.5	0	0	Chord	6/8	1	1	3/8	1/4	3/2	320		articAccentAbove				
20	19	175/2	175/2	0.375	3/8	3/8	Chord	6/8	1	1	3/32	1/8	3/4	321				57		
20	19	703/8	703/8	0.375	15/32	15/32	Chord	6/8	1	1	3/32	1/8	3/4	322				57		
20	19	353/4	353/4	0.375	9/16	9/16	Chord	6/8	1	1	3/32	1/8	3/4	323				57		
20	19	709/8	709/8	0.375	21/32	21/32	Chord	6/8	1	1	3/32	1/8	3/4	324						
20	19	86	86	0.5	0	0	Chord	6/8	1	2	1/8	1/8	1	325				58		
20	19	173/2	173/2	0.25	1/8	1/8	Chord	6/8	1	2	1/16	1/16	1	326				58		
20	19	347/4	347/4	0.25	3/16	3/16	Chord	6/8	1	2	1/16	1/16	1	327				58		
20	19	87	87	0.25	1/4	1/4	Chord	6/8	1	2	1/16	1/16	1	328				58		
20	19	349/4	349/4	0.25	5/16	5/16	Chord	6/8	1	2	1/16	1/16	1	329						
20	19	175/2	175/2	1.5	3/8	3/8	Chord	6/8	1	2	3/8	1/4	3/2	330						
20	19	173/2	173/2	0.5	1/8	1/8	Chord	6/8	2	1	1/8	1/8	1	331						
20	19	87	87	0.5	1/4	1/4	Chord	6/8	2	1	1/8	1/8	1	332						
20	19	175/2	175/2	1.5	3/8	3/8	Chord	6/8	2	1	3/8	1/4	3/2	333		articAccentAbove				
21	20	89	89	1.5	0	0	Chord	6/8	1	1	3/8	1/4	3/2	334		articAccentAbove				
21	20	181/2	181/2	0.375	3/8	3/8	Chord	6/8	1	1	3/32	1/8	3/4	335				59		
21	20	727/8	727/8	0.375	15/32	15/32	Chord	6/8	1	1	3/32	1/8	3/4	336				59		
21	20	365/4	365/4	0.375	9/16	9/16	Chord	6/8	1	1	3/32	1/8	3/4	337				59		
21	20	733/8	733/8	0.375	21/32	21/32	Chord	6/8	1	1	3/32	1/8	3/4	338						
21	20	89	89	0.5	0	0	Chord	6/8	1	2	1/8	1/8	1	339				60		
21	20	179/2	179/2	0.25	1/8	1/8	Chord	6/8	1	2	1/16	1/16	1	340				60		
21	20	359/4	359/4	0.25	3/16	3/16	Chord	6/8	1	2	1/16	1/16	1	341				60		
21	20	90	90	0.25	1/4	1/4	Chord	6/8	1	2	1/16	1/16	1	342				60		
21	20	361/4	361/4	0.25	5/16	5/16	Chord	6/8	1	2	1/16	1/16	1	343						
21	20	181/2	181/2	1.5	3/8	3/8	Chord	6/8	1	2	3/8	1/4	3/2	344						
21	20	179/2	179/2	0.5	1/8	1/8	Chord	6/8	2	1	1/8	1/8	1	345						
21	20	90	90	0.5	1/4	1/4	Chord	6/8	2	1	1/8	1/8	1	346						
21	20	181/2	181/2	1.5	3/8	3/8	Chord	6/8	2	1	3/8	1/4	3/2	347		articAccentBelow				
22	21	92	92	1.5	0	0	Chord	6/8	1	1	3/8	1/4	3/2	348		articAccentAbove				
22	21	187/2	187/2	0.375	3/8	3/8	Chord	6/8	1	1	3/32	1/8	3/4	349				61		
22	21	751/8	751/8	0.375	15/32	15/32	Chord	6/8	1	1	3/32	1/8	3/4	350				61		
22	21	377/4	377/4	0.375	9/16	9/16	Chord	6/8	1	1	3/32	1/8	3/4	351				61		
22	21	757/8	757/8	0.375	21/32	21/32	Chord	6/8	1	1	3/32	1/8	3/4	352						
22	21	92	92	0.5	0	0	Chord	6/8	1	2	1/8	1/8	1	353				62		
22	21	185/2	185/2	0.25	1/8	1/8	Chord	6/8	1	2	1/16	1/16	1	354				62		
22	21	371/4	371/4	0.25	3/16	3/16	Chord	6/8	1	2	1/16	1/16	1	355				62		
22	21	93	93	0.25	1/4	1/4	Chord	6/8	1	2	1/16	1/16	1	356				62		
22	21	373/4	373/4	0.25	5/16	5/16	Chord	6/8	1	2	1/16	1/16	1	357						
22	21	187/2	187/2	1.5	3/8	3/8	Chord	6/8	1	2	3/8	1/4	3/2	358						
22	21	185/2	185/2	0.5	1/8	1/8	Chord	6/8	2	1	1/8	1/8	1	359						
22	21	93	93	0.5	1/4	1/4	Chord	6/8	2	1	1/8	1/8	1	360						
22	21	187/2	187/2	1.5	3/8	3/8	Chord	6/8	2	1	3/8	1/4	3/2	361		articAccentBelow				
23	22	95	95	1.5	0	0	Chord	6/8	1	1	3/8	1/4	3/2	362		articAccentAbove				
23	22	193/2	193/2	0.375	3/8	3/8	Chord	6/8	1	1	3/32	1/8	3/4	363				63		
23	22	775/8	775/8	0.375	15/32	15/32	Chord	6/8	1	1	3/32	1/8	3/4	364				63		
23	22	389/4	389/4	0.375	9/16	9/16	Chord	6/8	1	1	3/32	1/8	3/4	365				63		
23	22	781/8	781/8	0.375	21/32	21/32	Chord	6/8	1	1	3/32	1/8	3/4	366						
23	22	95	95	0.5	0	0	Chord	6/8	1	2	1/8	1/8	1	367				64		
23	22	191/2	191/2	0.25	1/8	1/8	Chord	6/8	1	2	1/16	1/16	1	368				64		
23	22	383/4	383/4	0.25	3/16	3/16	Chord	6/8	1	2	1/16	1/16	1	369				64		
23	22	96	96	0.25	1/4	1/4	Chord	6/8	1	2	1/16	1/16	1	370				64		
23	22	385/4	385/4	0.25	5/16	5/16	Chord	6/8	1	2	1/16	1/16	1	371						
23	22	193/2	193/2	1.5	3/8	3/8	Chord	6/8	1	2	3/8	1/4	3/2	372						
23	22	191/2	191/2	0.5	1/8	1/8	Chord	6/8	2	1	1/8	1/8	1	373						
23	22	96	96	0.5	1/4	1/4	Chord	6/8	2	1	1/8	1/8	1	374						
23	22	193/2	193/2	1.5	3/8	3/8	Chord	6/8	2	1	3/8	1/4	3/2	375		articAccentBelow				
24	23	99	99	0.0	1/4	1/4	Dynamic	6/8	2	1	0				pp					
24	23	99	99	0.5	1/4	1/4	Chord	6/8	2	1	1/8	1/8	1	376				65		
24	23	199/2	199/2	1.0	3/8	3/8	Chord	6/8	2	1	1/4	1/4	1	377				65		
24	23	201/2	201/2	0.5	5/8	5/8	Chord	6/8	2	1	1/8	1/8	1	378						
25	24	101	101	1.0	0	0	Chord	12/8	2	1	1/4	1/4	1	379						
25	24	102	102	0.5	1/4	1/4	Chord	12/8	2	1	1/8	1/8	1	380				66		
25	24	205/2	205/2	1.0	3/8	3/8	Chord	12/8	2	1	1/4	1/4	1	381				66		
25	24	207/2	207/2	0.5	5/8	5/8	Chord	12/8	2	1	1/8	1/8	1	382						
25	24	104	104	1.0	3/4	3/4	Chord	12/8	2	1	1/4	1/4	1	383						
25	24	105	105	0.5	1	1	Chord	12/8	2	1	1/8	1/8	1	384				67		
25	24	211/2	211/2	1.0	9/8	9/8	Chord	12/8	2	1	1/4	1/4	1	385				67		
25	24	213/2	213/2	0.5	11/8	11/8	Chord	12/8	2	1	1/8	1/8	1	386						
26	25	107	107	0.0	0	0	Dynamic	12/8	1	1	0				pp					
26	25	107	107	0.5	0	0	Chord	12/8	1	1	1/8	1/8	1	387		articStaccatoAbove		68		
26	25	215/2	215/2	0.5	1/8	1/8	Chord	12/8	1	1	1/8	1/8	1	388		articStaccatoAbove		68		
26	25	108	108	0.5	1/4	1/4	Chord	12/8	1	1	1/8	1/8	1	389		articStaccatoAbove				
26	25	217/2	217/2	0.5	3/8	3/8	Chord	12/8	1	1	1/8	1/8	1	390				69		
26	25	109	109	0.5	1/2	1/2	Chord	12/8	1	1	1/8	1/8	1	391						
26	25	219/2	219/2	0.5	5/8	5/8	Chord	12/8	1	1	1/8	1/8	1	392						
26	25	110	110	0.5	3/4	3/4	Chord	12/8	1	1	1/8	1/8	1	393		articStaccatoAbove		70		
26	25	221/2	221/2	0.5	7/8	7/8	Chord	12/8	1	1	1/8	1/8	1	394		articStaccatoAbove		70		
26	25	111	111	0.5	1	1	Chord	12/8	1	1	1/8	1/8	1	395		articStaccatoAbove				
26	25	223/2	223/2	0.5	9/8	9/8	Chord	12/8	1	1	1/8	1/8	1	396				71		
26	25	112	112	0.5	5/4	5/4	Chord	12/8	1	1	1/8	1/8	1	397						
26	25	225/2	225/2	0.5	11/8	11/8	Chord	12/8	1	1	1/8	1/8	1	398						
26	25	217/2	217/2	1.0	3/8	3/8	Chord	12/8	1	2	1/4	1/4	1	399						
26	25	219/2	219/2	0.5	5/8	5/8	Chord	12/8	1	2	1/8	1/8	1	400						
26	25	110	110	0.5	3/4	3/4	Chord	12/8	1	2	1/8	1/8	1	401		articStaccatoBelow				
26	25	221/2	221/2	0.5	7/8	7/8	Chord	12/8	1	2	1/8	1/8	1	402		articStaccatoBelow				
26	25	111	111	0.5	1	1	Chord	12/8	1	2	1/8	1/8	1	403		articStaccatoBelow				
26	25	223/2	223/2	1.0	9/8	9/8	Chord	12/8	1	2	1/4	1/4	1	404						
26	25	225/2	225/2	0.5	11/8	11/8	Chord	12/8	1	2	1/8	1/8	1	405						
26	25	108	108	0.5	1/4	1/4	Chord	12/8	2	1	1/8	1/8	1	406				72		
26	25	217/2	217/2	1.0	3/8	3/8	Chord	12/8	2	1	1/4	1/4	1	407				72		
26	25	219/2	219/2	0.5	5/8	5/8	Chord	12/8	2	1	1/8	1/8	1	408				72		
26	25	110	110	1.0	3/4	3/4	Chord	12/8	2	1	1/4	1/4	1	409				72		
26	25	111	111	0.5	1	1	Chord	12/8	2	1	1/8	1/8	1	410				72		
26	25	223/2	223/2	1.0	9/8	9/8	Chord	12/8	2	1	1/4	1/4	1	411				72		
26	25	225/2	225/2	0.5	11/8	11/8	Chord	12/8	2	1	1/8	1/8	1	412						
26	25	107	107	6.0	0	0	Chord	12/8	2	2	3/2	1	3/2	413						
27	26	113	113	0.5	0	0	Chord	12/8	1	1	1/8	1/8	1	414		articStaccatoAbove		73		
27	26	227/2	227/2	0.5	1/8	1/8	Chord	12/8	1	1	1/8	1/8	1	415		articStaccatoAbove		73		
27	26	114	114	0.5	1/4	1/4	Chord	12/8	1	1	1/8	1/8	1	416		articStaccatoAbove				
27	26	229/2	229/2	0.5	3/8	3/8	Chord	12/8	1	1	1/8	1/8	1	417				74		
27	26	115	115	0.5	1/2	1/2	Chord	12/8	1	1	1/8	1/8	1	418						
27	26	231/2	231/2	0.5	5/8	5/8	Chord	12/8	1	1	1/8	1/8	1	419						
27	26	116	116	0.5	3/4	3/4	Chord	12/8	1	1	1/8	1/8	1	420		articStaccatoAbove		75		
27	26	233/2	233/2	0.5	7/8	7/8	Chord	12/8	1	1	1/8	1/8	1	421		articStaccatoAbove		75		
27	26	117	117	0.5	1	1	Chord	12/8	1	1	1/8	1/8	1	422		articStaccatoAbove				
27	26	235/2	235/2	1.0	9/8	9/8	Chord	12/8	1	1	1/4	1/4	1	423						
27	26	229/2	229/2	1.0	3/8	3/8	Chord	12/8	1	2	1/4	1/4	1	424						
27	26	231/2	231/2	0.5	5/8	5/8	Chord	12/8	1	2	1/8	1/8	1	425						
27	26	116	116	0.5	3/4	3/4	Chord	12/8	1	2	1/8	1/8	1	426		articStaccatoBelow				
27	26	233/2	233/2	0.5	7/8	7/8	Chord	12/8	1	2	1/8	1/8	1	427		articStaccatoBelow				
27	26	117	117	0.5	1	1	Chord	12/8	1	2	1/8	1/8	1	428		articStaccatoBelow				
27	26	235/2	235/2	1.0	9/8	9/8	Chord	12/8	1	2	1/4	1/4	1	429						
27	26	114	114	0.5	1/4	1/4	Chord	12/8	2	1	1/8	1/8	1	430				76		
27	26	229/2	229/2	1.0	3/8	3/8	Chord	12/8	2	1	1/4	1/4	1	431				76		
27	26	231/2	231/2	0.5	5/8	5/8	Chord	12/8	2	1	1/8	1/8	1	432				76		
27	26	116	116	1.0	3/4	3/4	Chord	12/8	2	1	1/4	1/4	1	433				76		
27	26	117	117	0.5	1	1	Chord	12/8	2	1	1/8	1/8	1	434				76		
27	26	235/2	235/2	1.0	9/8	9/8	Chord	12/8	2	1	1/4	1/4	1	435				76		
27	26	237/2	237/2	0.5	11/8	11/8	Chord	12/8	2	1	1/8	1/8	1	436						
27	26	113	113	6.0	0	0	Chord	12/8	2	2	3/2	1	3/2	437						
28	27	119	119	0.5	0	0	Chord	12/8	1	1	1/8	1/8	1	438		articStaccatoBelow		77		
28	27	239/2	239/2	0.5	1/8	1/8	Chord	12/8	1	1	1/8	1/8	1	439		articStaccatoBelow		77		
28	27	120	120	0.5	1/4	1/4	Chord	12/8	1	1	1/8	1/8	1	440		articStaccatoBelow				
28	27	241/2	241/2	0.5	3/8	3/8	Chord	12/8	1	1	1/8	1/8	1	441				78		
28	27	121	121	0.5	1/2	1/2	Chord	12/8	1	1	1/8	1/8	1	442						
28	27	243/2	243/2	0.5	5/8	5/8	Chord	12/8	1	1	1/8	1/8	1	443						
28	27	122	122	0.5	3/4	3/4	Chord	12/8	1	1	1/8	1/8	1	444		articStaccatoBelow		79		
28	27	245/2	245/2	0.5	7/8	7/8	Chord	12/8	1	1	1/8	1/8	1	445		articStaccatoBelow		79		
28	27	123	123	0.5	1	1	Chord	12/8	1	1	1/8	1/8	1	446		articStaccatoBelow				
28	27	247/2	247/2	0.5	9/8	9/8	Chord	12/8	1	1	1/8	1/8	1	447				80		
28	27	124	124	0.5	5/4	5/4	Chord	12/8	1	1	1/8	1/8	1	448						
28	27	249/2	249/2	0.5	11/8	11/8	Chord	12/8	1	1	1/8	1/8	1	449						
28	27	241/2	241/2	1.0	3/8	3/8	Chord	12/8	1	2	1/4	1/4	1	450						
28	27	243/2	243/2	0.5	5/8	5/8	Chord	12/8	1	2	1/8	1/8	1	451						
28	27	247/2	247/2	1.0	9/8	9/8	Chord	12/8	1	2	1/4	1/4	1	452						
28	27	249/2	249/2	0.5	11/8	11/8	Chord	12/8	1	2	1/8	1/8	1	453						
28	27	120	120	0.5	1/4	1/4	Chord	12/8	2	1	1/8	1/8	1	454				81		
28	27	241/2	241/2	1.0	3/8	3/8	Chord	12/8	2	1	1/4	1/4	1	455				81		
28	27	243/2	243/2	0.5	5/8	5/8	Chord	12/8	2	1	1/8	1/8	1	456				81		
28	27	122	122	1.0	3/4	3/4	Chord	12/8	2	1	1/4	1/4	1	457				81		
28	27	123	123	0.5	1	1	Chord	12/8	2	1	1/8	1/8	1	458				81		
28	27	247/2	247/2	1.0	9/8	9/8	Chord	12/8	2	1	1/4	1/4	1	459				81		
28	27	249/2	249/2	0.5	11/8	11/8	Chord	12/8	2	1	1/8	1/8	1	460						
28	27	119	119	6.0	0	0	Chord	12/8	2	2	3/2	1	3/2	461						
29	28	125	125	0.5	0	0	Chord	12/8	1	1	1/8	1/8	1	462		articStaccatoBelow		82		
29	28	251/2	251/2	0.5	1/8	1/8	Chord	12/8	1	1	1/8	1/8	1	463		articStaccatoBelow		82		
29	28	126	126	0.5	1/4	1/4	Chord	12/8	1	1	1/8	1/8	1	464		articStaccatoBelow				
29	28	253/2	253/2	0.5	3/8	3/8	Chord	12/8	1	1	1/8	1/8	1	465				83		
29	28	127	127	0.5	1/2	1/2	Chord	12/8	1	1	1/8	1/8	1	466						
29	28	255/2	255/2	0.5	5/8	5/8	Chord	12/8	1	1	1/8	1/8	1	467						
29	28	128	128	0.5	3/4	3/4	Chord	12/8	1	1	1/8	1/8	1	468		articStaccatoBelow		84		
29	28	257/2	257/2	0.5	7/8	7/8	Chord	12/8	1	1	1/8	1/8	1	469		articStaccatoBelow		84		
29	28	129	129	0.5	1	1	Chord	12/8	1	1	1/8	1/8	1	470		articStaccatoBelow				
29	28	259/2	259/2	1.0	9/8	9/8	Chord	12/8	1	1	1/4	1/4	1	471						
29	28	253/2	253/2	1.0	3/8	3/8	Chord	12/8	1	2	1/4	1/4	1	472						
29	28	255/2	255/2	0.5	5/8	5/8	Chord	12/8	1	2	1/8	1/8	1	473						
29	28	126	126	0.5	1/4	1/4	Chord	12/8	2	1	1/8	1/8	1	474				85		
29	28	253/2	253/2	1.0	3/8	3/8	Chord	12/8	2	1	1/4	1/4	1	475				85		
29	28	255/2	255/2	0.5	5/8	5/8	Chord	12/8	2	1	1/8	1/8	1	476				85		
29	28	128	128	1.0	3/4	3/4	Chord	12/8	2	1	1/4	1/4	1	477				85		
29	28	129	129	0.5	1	1	Chord	12/8	2	1	1/8	1/8	1	478				85		
29	28	259/2	259/2	1.0	9/8	9/8	Chord	12/8	2	1	1/4	1/4	1	479						
29	28	261/2	261/2	0.5	11/8	11/8	Chord	12/8	2	1	1/8	1/8	1	480						
29	28	125	125	6.0	0	0	Chord	12/8	2	2	3/2	1	3/2	481						
30	29	131	131	1.0	0	0	Chord	12/8	2	1	1/4	1/4	1	482						
30	29	132	132	0.5	1/4	1/4	Chord	12/8	2	1	1/8	1/8	1	483				86		
30	29	265/2	265/2	1.0	3/8	3/8	Chord	12/8	2	1	1/4	1/4	1	484				86		
30	29	267/2	267/2	0.5	5/8	5/8	Chord	12/8	2	1	1/8	1/8	1	485						
30	29	134	134	1.0	3/4	3/4	Chord	12/8	2	1	1/4	1/4	1	486						
30	29	135	135	0.5	1	1	Chord	12/8	2	1	1/8	1/8	1	487				87		
30	29	271/2	271/2	1.0	9/8	9/8	Chord	12/8	2	1	1/4	1/4	1	488				87		
30	29	273/2	273/2	0.5	11/8	11/8	Chord	12/8	2	1	1/8	1/8	1	489						
31	30	137	137	0.0	0	0	Dynamic	12/8	1	1	0				ppp					
31	30	137	137	0.5	0	0	Chord	12/8	1	1	1/8	1/8	1	490		articStaccatoAbove		88		
31	30	275/2	275/2	0.5	1/8	1/8	Chord	12/8	1	1	1/8	1/8	1	491		articStaccatoAbove		88		
31	30	138	138	0.5	1/4	1/4	Chord	12/8	1	1	1/8	1/8	1	492		articStaccatoAbove				
31	30	277/2	277/2	0.5	3/8	3/8	Chord	12/8	1	1	1/8	1/8	1	493				89		
31	30	139	139	0.5	1/2	1/2	Chord	12/8	1	1	1/8	1/8	1	494						
31	30	279/2	279/2	0.5	5/8	5/8	Chord	12/8	1	1	1/8	1/8	1	495						
31	30	140	140	0.5	3/4	3/4	Chord	12/8	1	1	1/8	1/8	1	496		articStaccatoAbove		90		
31	30	281/2	281/2	0.5	7/8	7/8	Chord	12/8	1	1	1/8	1/8	1	497		articStaccatoAbove		90		
31	30	141	141	0.5	1	1	Chord	12/8	1	1	1/8	1/8	1	498		articStaccatoAbove				
31	30	283/2	283/2	0.5	9/8	9/8	Chord	12/8	1	1	1/8	1/8	1	499				91		
31	30	142	142	0.5	5/4	5/4	Chord	12/8	1	1	1/8	1/8	1	500						
31	30	285/2	285/2	0.5	11/8	11/8	Chord	12/8	1	1	1/8	1/8	1	501						
31	30	277/2	277/2	1.0	3/8	3/8	Chord	12/8	1	2	1/4	1/4	1	502						
31	30	279/2	279/2	0.5	5/8	5/8	Chord	12/8	1	2	1/8	1/8	1	503						
31	30	140	140	0.5	3/4	3/4	Chord	12/8	1	2	1/8	1/8	1	504		articStaccatoBelow				
31	30	281/2	281/2	0.5	7/8	7/8	Chord	12/8	1	2	1/8	1/8	1	505		articStaccatoBelow				
31	30	141	141	0.5	1	1	Chord	12/8	1	2	1/8	1/8	1	506		articStaccatoBelow				
31	30	283/2	283/2	1.0	9/8	9/8	Chord	12/8	1	2	1/4	1/4	1	507						
31	30	285/2	285/2	0.5	11/8	11/8	Chord	12/8	1	2	1/8	1/8	1	508						
31	30	138	138	0.5	1/4	1/4	Chord	12/8	2	1	1/8	1/8	1	509				92		
31	30	277/2	277/2	1.0	3/8	3/8	Chord	12/8	2	1	1/4	1/4	1	510				92		
31	30	279/2	279/2	0.5	5/8	5/8	Chord	12/8	2	1	1/8	1/8	1	511				92		
31	30	140	140	1.0	3/4	3/4	Chord	12/8	2	1	1/4	1/4	1	512				92		
31	30	141	141	0.5	1	1	Chord	12/8	2	1	1/8	1/8	1	513				92		
31	30	283/2	283/2	1.0	9/8	9/8	Chord	12/8	2	1	1/4	1/4	1	514				92		
31	30	285/2	285/2	0.5	11/8	11/8	Chord	12/8	2	1	1/8	1/8	1	515						
31	30	137	137	6.0	0	0	Chord	12/8	2	2	3/2	1	3/2	516						
32	31	143	143	0.5	0	0	Chord	12/8	1	1	1/8	1/8	1	517		articStaccatoAbove		93		
32	31	287/2	287/2	0.5	1/8	1/8	Chord	12/8	1	1	1/8	1/8	1	518		articStaccatoAbove		93		
32	31	144	144	0.5	1/4	1/4	Chord	12/8	1	1	1/8	1/8	1	519		articStaccatoAbove				
32	31	289/2	289/2	0.5	3/8	3/8	Chord	12/8	1	1	1/8	1/8	1	520				94		
32	31	145	145	0.5	1/2	1/2	Chord	12/8	1	1	1/8	1/8	1	521						
32	31	291/2	291/2	0.5	5/8	5/8	Chord	12/8	1	1	1/8	1/8	1	522						
32	31	146	146	0.5	3/4	3/4	Chord	12/8	1	1	1/8	1/8	1	523		articStaccatoAbove		95		
32	31	293/2	293/2	0.5	7/8	7/8	Chord	12/8	1	1	1/8	1/8	1	524		articStaccatoAbove		95		
32	31	147	147	0.5	1	1	Chord	12/8	1	1	1/8	1/8	1	525		articStaccatoAbove				
32	31	295/2	295/2	1.0	9/8	9/8	Chord	12/8	1	1	1/4	1/4	1	526						
32	31	289/2	289/2	1.0	3/8	3/8	Chord	12/8	1	2	1/4	1/4	1	527						
32	31	291/2	291/2	0.5	5/8	5/8	Chord	12/8	1	2	1/8	1/8	1	528						
32	31	146	146	0.5	3/4	3/4	Chord	12/8	1	2	1/8	1/8	1	529		articStaccatoBelow				
32	31	293/2	293/2	0.5	7/8	7/8	Chord	12/8	1	2	1/8	1/8	1	530		articStaccatoBelow				
32	31	147	147	0.5	1	1	Chord	12/8	1	2	1/8	1/8	1	531		articStaccatoBelow				
32	31	295/2	295/2	1.0	9/8	9/8	Chord	12/8	1	2	1/4	1/4	1	532						
32	31	144	144	0.5	1/4	1/4	Chord	12/8	2	1	1/8	1/8	1	533				96		
32	31	289/2	289/2	1.0	3/8	3/8	Chord	12/8	2	1	1/4	1/4	1	534				96		
32	31	291/2	291/2	0.5	5/8	5/8	Chord	12/8	2	1	1/8	1/8	1	535				96		
32	31	146	146	1.0	3/4	3/4	Chord	12/8	2	1	1/4	1/4	1	536				96		
32	31	147	147	0.5	1	1	Chord	12/8	2	1	1/8	1/8	1	537				96		
32	31	295/2	295/2	1.0	9/8	9/8	Chord	12/8	2	1	1/4	1/4	1	538				96		
32	31	297/2	297/2	0.5	11/8	11/8	Chord	12/8	2	1	1/8	1/8	1	539						
32	31	143	143	6.0	0	0	Chord	12/8	2	2	3/2	1	3/2	540						
33	32	149	149	0.5	0	0	Chord	12/8	1	1	1/8	1/8	1	541		articStaccatoBelow		97		
33	32	299/2	299/2	0.5	1/8	1/8	Chord	12/8	1	1	1/8	1/8	1	542		articStaccatoBelow		97		
33	32	150	150	0.5	1/4	1/4	Chord	12/8	1	1	1/8	1/8	1	543		articStaccatoBelow				
33	32	301/2	301/2	0.5	3/8	3/8	Chord	12/8	1	1	1/8	1/8	1	544				98		
33	32	151	151	0.5	1/2	1/2	Chord	12/8	1	1	1/8	1/8	1	545						
33	32	303/2	303/2	0.5	5/8	5/8	Chord	12/8	1	1	1/8	1/8	1	546						
33	32	152	152	0.5	3/4	3/4	Chord	12/8	1	1	1/8	1/8	1	547		articStaccatoBelow		99		
33	32	305/2	305/2	0.5	7/8	7/8	Chord	12/8	1	1	1/8	1/8	1	548		articStaccatoBelow		99		
33	32	153	153	0.5	1	1	Chord	12/8	1	1	1/8	1/8	1	549		articStaccatoBelow				
33	32	307/2	307/2	0.5	9/8	9/8	Chord	12/8	1	1	1/8	1/8	1	550				100		
33	32	154	154	0.5	5/4	5/4	Chord	12/8	1	1	1/8	1/8	1	551						
33	32	309/2	309/2	0.5	11/8	11/8	Chord	12/8	1	1	1/8	1/8	1	552						
33	32	301/2	301/2	1.0	3/8	3/8	Chord	12/8	1	2	1/4	1/4	1	553						
33	32	303/2	303/2	0.5	5/8	5/8	Chord	12/8	1	2	1/8	1/8	1	554						
33	32	307/2	307/2	1.0	9/8	9/8	Chord	12/8	1	2	1/4	1/4	1	555						
33	32	309/2	309/2	0.5	11/8	11/8	Chord	12/8	1	2	1/8	1/8	1	556						
33	32	150	150	0.5	1/4	1/4	Chord	12/8	2	1	1/8	1/8	1	557				101		
33	32	301/2	301/2	1.0	3/8	3/8	Chord	12/8	2	1	1/4	1/4	1	558				101		
33	32	303/2	303/2	0.5	5/8	5/8	Chord	12/8	2	1	1/8	1/8	1	559				101		
33	32	152	152	1.0	3/4	3/4	Chord	12/8	2	1	1/4	1/4	1	560				101		
33	32	153	153	0.5	1	1	Chord	12/8	2	1	1/8	1/8	1	561				101		
33	32	307/2	307/2	1.0	9/8	9/8	Chord	12/8	2	1	1/4	1/4	1	562				101		
33	32	309/2	309/2	0.5	11/8	11/8	Chord	12/8	2	1	1/8	1/8	1	563						
33	32	149	149	6.0	0	0	Chord	12/8	2	2	3/2	1	3/2	564						
34	33	155	155	0.5	0	0	Chord	12/8	1	1	1/8	1/8	1	565		articStaccatoBelow		102		
34	33	311/2	311/2	0.5	1/8	1/8	Chord	12/8	1	1	1/8	1/8	1	566		articStaccatoBelow		102		
34	33	156	156	0.5	1/4	1/4	Chord	12/8	1	1	1/8	1/8	1	567		articStaccatoBelow				
34	33	313/2	313/2	0.5	3/8	3/8	Chord	12/8	1	1	1/8	1/8	1	568				103		
34	33	157	157	0.5	1/2	1/2	Chord	12/8	1	1	1/8	1/8	1	569						
34	33	315/2	315/2	0.5	5/8	5/8	Chord	12/8	1	1	1/8	1/8	1	570						
34	33	158	158	0.5	3/4	3/4	Chord	12/8	1	1	1/8	1/8	1	571		articStaccatoBelow		104		
34	33	317/2	317/2	0.5	7/8	7/8	Chord	12/8	1	1	1/8	1/8	1	572		articStaccatoBelow		104		
34	33	159	159	0.5	1	1	Chord	12/8	1	1	1/8	1/8	1	573		articStaccatoBelow				
34	33	319/2	319/2	1.0	9/8	9/8	Chord	12/8	1	1	1/4	1/4	1	574						
34	33	313/2	313/2	1.0	3/8	3/8	Chord	12/8	1	2	1/4	1/4	1	575						
34	33	315/2	315/2	0.5	5/8	5/8	Chord	12/8	1	2	1/8	1/8	1	576						
34	33	156	156	0.5	1/4	1/4	Chord	12/8	2	1	1/8	1/8	1	577				105		
34	33	313/2	313/2	1.0	3/8	3/8	Chord	12/8	2	1	1/4	1/4	1	578				105		
34	33	315/2	315/2	0.5	5/8	5/8	Chord	12/8	2	1	1/8	1/8	1	579				105		
34	33	158	158	1.0	3/4	3/4	Chord	12/8	2	1	1/4	1/4	1	580				105		
34	33	159	159	0.5	1	1	Chord	12/8	2	1	1/8	1/8	1	581				105		
34	33	319/2	319/2	1.0	9/8	9/8	Chord	12/8	2	1	1/4	1/4	1	582						
34	33	155	155	6.0	0	0	Chord	12/8	2	2	3/2	1	3/2	583						
35	34	161	161	0.0	0	0	StaffText	6/8	1	1	0						"<font size=""12""/>un poco marcato"			
35	34	161	161	1.5	0	0	Chord	6/8	1	1	3/8	1/4	3/2	584		articAccentAbove				
35	34	325/2	325/2	0.25	3/8	3/8	Chord	6/8	1	1	1/16	1/16	1	585				106		
35	34	651/4	651/4	0.25	7/16	7/16	Chord	6/8	1	1	1/16	1/16	1	586				106		
35	34	163	163	0.25	1/2	1/2	Chord	6/8	1	1	1/16	1/16	1	587				106		
35	34	653/4	653/4	0.25	9/16	9/16	Chord	6/8	1	1	1/16	1/16	1	588				106		
35	34	327/2	327/2	0.25	5/8	5/8	Chord	6/8	1	1	1/16	1/16	1	589				106		
35	34	655/4	655/4	0.25	11/16	11/16	Chord	6/8	1	1	1/16	1/16	1	590						
35	34	161	161	0.5	0	0	Chord	6/8	1	2	1/8	1/8	1	591				107		
35	34	323/2	323/2	0.25	1/8	1/8	Chord	6/8	1	2	1/16	1/16	1	592				107		
35	34	647/4	647/4	0.25	3/16	3/16	Chord	6/8	1	2	1/16	1/16	1	593				107		
35	34	162	162	0.25	1/4	1/4	Chord	6/8	1	2	1/16	1/16	1	594				107		
35	34	649/4	649/4	0.25	5/16	5/16	Chord	6/8	1	2	1/16	1/16	1	595						
35	34	325/2	325/2	1.5	3/8	3/8	Chord	6/8	1	2	3/8	1/4	3/2	596						
35	34	323/2	323/2	0.5	1/8	1/8	Chord	6/8	2	1	1/8	1/8	1	597						
35	34	162	162	0.5	1/4	1/4	Chord	6/8	2	1	1/8	1/8	1	598						
35	34	325/2	325/2	1.5	3/8	3/8	Chord	6/8	2	1	3/8	1/4	3/2	599		articAccentAbove				
36	35	164	164	1.5	0	0	Chord	6/8	1	1	3/8	1/4	3/2	600		articAccentAbove				
36	35	661/4	661/4	0.0	5/16	5/16	Spanner	6/8	1	1	0								0	
36	35	331/2	331/2	0.25	3/8	3/8	Chord	6/8	1	1	1/16	1/16	1	601				108	0	
36	35	663/4	663/4	0.25	7/16	7/16	Chord	6/8	1	1	1/16	1/16	1	602				108	0	
36	35	166	166	0.25	1/2	1/2	Chord	6/8	1	1	1/16	1/16	1	603				108	0	
36	35	665/4	665/4	0.25	9/16	9/16	Chord	6/8	1	1	1/16	1/16	1	604				108	0	
36	35	333/2	333/2	0.25	5/8	5/8	Chord	6/8	1	1	1/16	1/16	1	605				108	0	
36	35	667/4	667/4	0.25	11/16	11/16	Chord	6/8	1	1	1/16	1/16	1	606					0	
36	35	164	164	0.5	0	0	Chord	6/8	1	2	1/8	1/8	1	607				109	0	
36	35	329/2	329/2	0.25	1/8	1/8	Chord	6/8	1	2	1/16	1/16	1	608				109	0	
36	35	659/4	659/4	0.25	3/16	3/16	Chord	6/8	1	2	1/16	1/16	1	609				109	0	
36	35	165	165	0.25	1/4	1/4	Chord	6/8	1	2	1/16	1/16	1	610				109	0	
36	35	661/4	661/4	0.25	5/16	5/16	Chord	6/8	1	2	1/16	1/16	1	611					0	
36	35	331/2	331/2	1.5	3/8	3/8	Chord	6/8	1	2	3/8	1/4	3/2	612					0	
36	35	329/2	329/2	0.5	1/8	1/8	Chord	6/8	2	1	1/8	1/8	1	613						
36	35	165	165	0.5	1/4	1/4	Chord	6/8	2	1	1/8	1/8	1	614						
36	35	331/2	331/2	1.5	3/8	3/8	Chord	6/8	2	1	3/8	1/4	3/2	615		articAccentAbove				
37	36	167	167	1.5	0	0	Chord	6/8	1	1	3/8	1/4	3/2	616		articAccentAbove			0	
37	36	337/2	337/2	0.0	3/8	3/8	Spanner	6/8	1	1	0									
37	36	337/2	337/2	0.25	3/8	3/8	Chord	6/8	1	1	1/16	1/16	1	617				110		
37	36	675/4	675/4	0.25	7/16	7/16	Chord	6/8	1	1	1/16	1/16	1	618				110		
37	36	169	169	0.25	1/2	1/2	Chord	6/8	1	1	1/16	1/16	1	619				110		
37	36	677/4	677/4	0.25	9/16	9/16	Chord	6/8	1	1	1/16	1/16	1	620				110		
37	36	339/2	339/2	0.25	5/8	5/8	Chord	6/8	1	1	1/16	1/16	1	621				110		
37	36	679/4	679/4	0.25	11/16	11/16	Chord	6/8	1	1	1/16	1/16	1	622						
37	36	167	167	0.5	0	0	Chord	6/8	1	2	1/8	1/8	1	623				111		
37	36	335/2	335/2	0.25	1/8	1/8	Chord	6/8	1	2	1/16	1/16	1	624				111		
37	36	671/4	671/4	0.25	3/16	3/16	Chord	6/8	1	2	1/16	1/16	1	625				111		
37	36	168	168	0.25	1/4	1/4	Chord	6/8	1	2	1/16	1/16	1	626				111		
37	36	673/4	673/4	0.25	5/16	5/16	Chord	6/8	1	2	1/16	1/16	1	627						
37	36	337/2	337/2	1.5	3/8	3/8	Chord	6/8	1	2	3/8	1/4	3/2	628						
37	36	335/2	335/2	0.5	1/8	1/8	Chord	6/8	2	1	1/8	1/8	1	629						
37	36	168	168	0.5	1/4	1/4	Chord	6/8	2	1	1/8	1/8	1	630						
37	36	337/2	337/2	1.5	3/8	3/8	Chord	6/8	2	1	3/8	1/4	3/2	631		articAccentAbove				
38	37	170	170	1.5	0	0	Chord	6/8	1	1	3/8	1/4	3/2	632		articAccentAbove				
38	37	343/2	343/2	0.0	3/8	3/8	Spanner	6/8	1	1	0								1	
38	37	343/2	343/2	0.25	3/8	3/8	Chord	6/8	1	1	1/16	1/16	1	633				112	1	
38	37	687/4	687/4	0.25	7/16	7/16	Chord	6/8	1	1	1/16	1/16	1	634				112	1	
38	37	172	172	0.25	1/2	1/2	Chord	6/8	1	1	1/16	1/16	1	635				112	1	
38	37	689/4	689/4	0.25	9/16	9/16	Chord	6/8	1	1	1/16	1/16	1	636				112	1	
38	37	345/2	345/2	0.25	5/8	5/8	Chord	6/8	1	1	1/16	1/16	1	637				112	1	
38	37	691/4	691/4	0.25	11/16	11/16	Chord	6/8	1	1	1/16	1/16	1	638					1	
38	37	170	170	0.5	0	0	Chord	6/8	1	2	1/8	1/8	1	639				113	1	
38	37	341/2	341/2	0.25	1/8	1/8	Chord	6/8	1	2	1/16	1/16	1	640				113	1	
38	37	683/4	683/4	0.25	3/16	3/16	Chord	6/8	1	2	1/16	1/16	1	641				113	1	
38	37	171	171	0.25	1/4	1/4	Chord	6/8	1	2	1/16	1/16	1	642				113	1	
38	37	685/4	685/4	0.25	5/16	5/16	Chord	6/8	1	2	1/16	1/16	1	643					1	
38	37	343/2	343/2	1.5	3/8	3/8	Chord	6/8	1	2	3/8	1/4	3/2	644					1	
38	37	341/2	341/2	0.5	1/8	1/8	Chord	6/8	2	1	1/8	1/8	1	645						
38	37	171	171	0.5	1/4	1/4	Chord	6/8	2	1	1/8	1/8	1	646						
38	37	343/2	343/2	1.5	3/8	3/8	Chord	6/8	2	1	3/8	1/4	3/2	647		articAccentBelow				
39	38	173	173	1.5	0	0	Chord	6/8	1	1	3/8	1/4	3/2	648		articAccentAbove			1	
39	38	349/2	349/2	0.25	3/8	3/8	Chord	6/8	1	1	1/16	1/16	1	649				114	1	
39	38	699/4	699/4	0.25	7/16	7/16	Chord	6/8	1	1	1/16	1/16	1	650				114	1	
39	38	175	175	0.25	1/2	1/2	Chord	6/8	1	1	1/16	1/16	1	651				114	1	
39	38	701/4	701/4	0.25	9/16	9/16	Chord	6/8	1	1	1/16	1/16	1	652				114	1	
39	38	351/2	351/2	0.25	5/8	5/8	Chord	6/8	1	1	1/16	1/16	1	653				114	1	
39	38	703/4	703/4	0.25	11/16	11/16	Chord	6/8	1	1	1/16	1/16	1	654					1	
39	38	173	173	0.5	0	0	Chord	6/8	1	2	1/8	1/8	1	655				115	1	
39	38	347/2	347/2	0.25	1/8	1/8	Chord	6/8	1	2	1/16	1/16	1	656				115	1	
39	38	695/4	695/4	0.25	3/16	3/16	Chord	6/8	1	2	1/16	1/16	1	657				115	1	
39	38	174	174	0.25	1/4	1/4	Chord	6/8	1	2	1/16	1/16	1	658				115	1	
39	38	697/4	697/4	0.25	5/16	5/16	Chord	6/8	1	2	1/16	1/16	1	659					1	
39	38	349/2	349/2	1.5	3/8	3/8	Chord	6/8	1	2	3/8	1/4	3/2	660					1	
39	38	347/2	347/2	0.5	1/8	1/8	Chord	6/8	2	1	1/8	1/8	1	661						
39	38	174	174	0.5	1/4	1/4	Chord	6/8	2	1	1/8	1/8	1	662						
39	38	349/2	349/2	1.5	3/8	3/8	Chord	6/8	2	1	3/8	1/4	3/2	663		articAccentBelow				
40	39	176	176	1.5	0	0	Chord	6/8	1	1	3/8	1/4	3/2	664		articAccentAbove			1	
40	39	355/2	355/2	0.0	3/8	3/8	Spanner	6/8	1	1	0									
40	39	355/2	355/2	0.25	3/8	3/8	Chord	6/8	1	1	1/16	1/16	1	665				116		
40	39	711/4	711/4	0.25	7/16	7/16	Chord	6/8	1	1	1/16	1/16	1	666				116		
40	39	178	178	0.25	1/2	1/2	Chord	6/8	1	1	1/16	1/16	1	667				116		
40	39	713/4	713/4	0.25	9/16	9/16	Chord	6/8	1	1	1/16	1/16	1	668				116		
40	39	357/2	357/2	0.25	5/8	5/8	Chord	6/8	1	1	1/16	1/16	1	669				116		
40	39	715/4	715/4	0.25	11/16	11/16	Chord	6/8	1	1	1/16	1/16	1	670						
40	39	176	176	0.5	0	0	Chord	6/8	1	2	1/8	1/8	1	671				117		
40	39	353/2	353/2	0.25	1/8	1/8	Chord	6/8	1	2	1/16	1/16	1	672				117		
40	39	707/4	707/4	0.25	3/16	3/16	Chord	6/8	1	2	1/16	1/16	1	673				117		
40	39	177	177	0.25	1/4	1/4	Chord	6/8	1	2	1/16	1/16	1	674				117		
40	39	709/4	709/4	0.25	5/16	5/16	Chord	6/8	1	2	1/16	1/16	1	675						
40	39	355/2	355/2	1.5	3/8	3/8	Chord	6/8	1	2	3/8	1/4	3/2	676						
40	39	353/2	353/2	0.5	1/8	1/8	Chord	6/8	2	1	1/8	1/8	1	677						
40	39	177	177	0.5	1/4	1/4	Chord	6/8	2	1	1/8	1/8	1	678						
40	39	355/2	355/2	1.5	3/8	3/8	Chord	6/8	2	1	3/8	1/4	3/2	679		articAccentBelow				
41	40	179	179	1.5	0	0	Chord	6/8	1	1	3/8	1/4	3/2	680		articAccentAbove				
41	40	361/2	361/2	0.0	3/8	3/8	Spanner	6/8	1	1	0								2	
41	40	361/2	361/2	0.25	3/8	3/8	Chord	6/8	1	1	1/16	1/16	1	681				118	2	
41	40	723/4	723/4	0.25	7/16	7/16	Chord	6/8	1	1	1/16	1/16	1	682				118	2	
41	40	181	181	0.25	1/2	1/2	Chord	6/8	1	1	1/16	1/16	1	683				118	2	
41	40	725/4	725/4	0.25	9/16	9/16	Chord	6/8	1	1	1/16	1/16	1	684				118	2	
41	40	363/2	363/2	0.25	5/8	5/8	Chord	6/8	1	1	1/16	1/16	1	685				118	2	
41	40	727/4	727/4	0.25	11/16	11/16	Chord	6/8	1	1	1/16	1/16	1	686					2	
41	40	179	179	0.5	0	0	Chord	6/8	1	2	1/8	1/8	1	687				119	2	
41	40	359/2	359/2	0.25	1/8	1/8	Chord	6/8	1	2	1/16	1/16	1	688				119	2	
41	40	719/4	719/4	0.25	3/16	3/16	Chord	6/8	1	2	1/16	1/16	1	689				119	2	
41	40	180	180	0.25	1/4	1/4	Chord	6/8	1	2	1/16	1/16	1	690				119	2	
41	40	721/4	721/4	0.25	5/16	5/16	Chord	6/8	1	2	1/16	1/16	1	691					2	
41	40	361/2	361/2	1.5	3/8	3/8	Chord	6/8	1	2	3/8	1/4	3/2	692					2	
41	40	359/2	359/2	0.5	1/8	1/8	Chord	6/8	2	1	1/8	1/8	1	693						
41	40	180	180	0.5	1/4	1/4	Chord	6/8	2	1	1/8	1/8	1	694						
41	40	361/2	361/2	1.5	3/8	3/8	Chord	6/8	2	1	3/8	1/4	3/2	695		articAccentAbove				
42	41	182	182	1.5	0	0	Chord	6/8	1	1	3/8	1/4	3/2	696		articAccentAbove			2	
42	41	367/2	367/2	0.25	3/8	3/8	Chord	6/8	1	1	1/16	1/16	1	697				120	2	
42	41	735/4	735/4	0.25	7/16	7/16	Chord	6/8	1	1	1/16	1/16	1	698				120	2	
42	41	184	184	0.25	1/2	1/2	Chord	6/8	1	1	1/16	1/16	1	699				120	2	
42	41	737/4	737/4	0.25	9/16	9/16	Chord	6/8	1	1	1/16	1/16	1	700				120	2	
42	41	369/2	369/2	0.25	5/8	5/8	Chord	6/8	1	1	1/16	1/16	1	701				120	2	
42	41	739/4	739/4	0.25	11/16	11/16	Chord	6/8	1	1	1/16	1/16	1	702					2	
42	41	182	182	0.5	0	0	Chord	6/8	1	2	1/8	1/8	1	703				121	2	
42	41	365/2	365/2	0.25	1/8	1/8	Chord	6/8	1	2	1/16	1/16	1	704				121	2	
42	41	731/4	731/4	0.25	3/16	3/16	Chord	6/8	1	2	1/16	1/16	1	705				121	2	
42	41	183	183	0.25	1/4	1/4	Chord	6/8	1	2	1/16	1/16	1	706				121	2	
42	41	733/4	733/4	0.25	5/16	5/16	Chord	6/8	1	2	1/16	1/16	1	707					2	
42	41	367/2	367/2	1.5	3/8	3/8	Chord	6/8	1	2	3/8	1/4	3/2	708					2	
42	41	365/2	365/2	0.5	1/8	1/8	Chord	6/8	2	1	1/8	1/8	1	709						
42	41	183	183	0.5	1/4	1/4	Chord	6/8	2	1	1/8	1/8	1	710						
42	41	367/2	367/2	1.5	3/8	3/8	Chord	6/8	2	1	3/8	1/4	3/2	711		articAccentAbove				
43	42	185	185	1.5	0	0	Chord	6/8	1	1	3/8	1/4	3/2	712		articAccentAbove			2	
43	42	373/2	373/2	0.0	3/8	3/8	Spanner	6/8	1	1	0									
43	42	373/2	373/2	0.25	3/8	3/8	Chord	6/8	1	1	1/16	1/16	1	713				122		
43	42	747/4	747/4	0.25	7/16	7/16	Chord	6/8	1	1	1/16	1/16	1	714				122		
43	42	187	187	0.25	1/2	1/2	Chord	6/8	1	1	1/16	1/16	1	715				122		
43	42	749/4	749/4	0.25	9/16	9/16	Chord	6/8	1	1	1/16	1/16	1	716				122		
43	42	375/2	375/2	0.25	5/8	5/8	Chord	6/8	1	1	1/16	1/16	1	717				122		
43	42	751/4	751/4	0.25	11/16	11/16	Chord	6/8	1	1	1/16	1/16	1	718						
43	42	185	185	0.5	0	0	Chord	6/8	1	2	1/8	1/8	1	719				123		
43	42	371/2	371/2	0.25	1/8	1/8	Chord	6/8	1	2	1/16	1/16	1	720				123		
43	42	743/4	743/4	0.25	3/16	3/16	Chord	6/8	1	2	1/16	1/16	1	721				123		
43	42	186	186	0.25	1/4	1/4	Chord	6/8	1	2	1/16	1/16	1	722				123		
43	42	745/4	745/4	0.25	5/16	5/16	Chord	6/8	1	2	1/16	1/16	1	723						
43	42	373/2	373/2	1.5	3/8	3/8	Chord	6/8	1	2	3/8	1/4	3/2	724						
43	42	371/2	371/2	0.5	1/8	1/8	Chord	6/8	2	1	1/8	1/8	1	725						
43	42	186	186	0.5	1/4	1/4	Chord	6/8	2	1	1/8	1/8	1	726						
43	42	373/2	373/2	1.5	3/8	3/8	Chord	6/8	2	1	3/8	1/4	3/2	727		articAccentAbove				
44	43	188	188	1.5	0	0	Chord	6/8	1	1	3/8	1/4	3/2	728		articAccentAbove				
44	43	379/2	379/2	0.25	3/8	3/8	Chord	6/8	1	1	1/16	1/16	1	729				124		
44	43	759/4	759/4	0.25	7/16	7/16	Chord	6/8	1	1	1/16	1/16	1	730				124		
44	43	190	190	0.25	1/2	1/2	Chord	6/8	1	1	1/16	1/16	1	731				124		
44	43	761/4	761/4	0.25	9/16	9/16	Chord	6/8	1	1	1/16	1/16	1	732				124		
44	43	381/2	381/2	0.25	5/8	5/8	Chord	6/8	1	1	1/16	1/16	1	733				124		
44	43	763/4	763/4	0.25	11/16	11/16	Chord	6/8	1	1	1/16	1/16	1	734						
44	43	188	188	0.5	0	0	Chord	6/8	1	2	1/8	1/8	1	735				125		
44	43	377/2	377/2	0.25	1/8	1/8	Chord	6/8	1	2	1/16	1/16	1	736				125		
44	43	755/4	755/4	0.25	3/16	3/16	Chord	6/8	1	2	1/16	1/16	1	737				125		
44	43	189	189	0.25	1/4	1/4	Chord	6/8	1	2	1/16	1/16	1	738				125		
44	43	757/4	757/4	0.25	5/16	5/16	Chord	6/8	1	2	1/16	1/16	1	739						
44	43	379/2	379/2	1.5	3/8	3/8	Chord	6/8	1	2	3/8	1/4	3/2	740						
44	43	377/2	377/2	0.5	1/8	1/8	Chord	6/8	2	1	1/8	1/8	1	741						
44	43	189	189	0.5	1/4	1/4	Chord	6/8	2	1	1/8	1/8	1	742						
44	43	379/2	379/2	1.5	3/8	3/8	Chord	6/8	2	1	3/8	1/4	3/2	743		articAccentBelow				
45	44	191	191	1.5	0	0	Chord	6/8	1	1	3/8	1/4	3/2	744		articAccentAbove				
45	44	385/2	385/2	0.0	3/8	3/8	Spanner	6/8	1	1	0									0
45	44	385/2	385/2	0.25	3/8	3/8	Chord	6/8	1	1	1/16	1/16	1	745				126		0
45	44	771/4	771/4	0.25	7/16	7/16	Chord	6/8	1	1	1/16	1/16	1	746				126		0
45	44	193	193	0.25	1/2	1/2	Chord	6/8	1	1	1/16	1/16	1	747				126		0
45	44	773/4	773/4	0.25	9/16	9/16	Chord	6/8	1	1	1/16	1/16	1	748				126		0
45	44	387/2	387/2	0.25	5/8	5/8	Chord	6/8	1	1	1/16	1/16	1	749				126		0
45	44	775/4	775/4	0.25	11/16	11/16	Chord	6/8	1	1	1/16	1/16	1	750						0
45	44	191	191	0.5	0	0	Chord	6/8	1	2	1/8	1/8	1	751				127		0
45	44	383/2	383/2	0.25	1/8	1/8	Chord	6/8	1	2	1/16	1/16	1	752				127		0
45	44	767/4	767/4	0.25	3/16	3/16	Chord	6/8	1	2	1/16	1/16	1	753				127		0
45	44	192	192	0.25	1/4	1/4	Chord	6/8	1	2	1/16	1/16	1	754				127		0
45	44	769/4	769/4	0.25	5/16	5/16	Chord	6/8	1	2	1/16	1/16	1	755						0
45	44	385/2	385/2	1.5	3/8	3/8	Chord	6/8	1	2	3/8	1/4	3/2	756						0
45	44	383/2	383/2	0.5	1/8	1/8	Chord	6/8	2	1	1/8	1/8	1	757						
45	44	192	192	0.5	1/4	1/4	Chord	6/8	2	1	1/8	1/8	1	758						
45	44	385/2	385/2	1.5	3/8	3/8	Chord	6/8	2	1	3/8	1/4	3/2	759		articAccentBelow				
46	45	194	194	1.5	0	0	Chord	6/8	1	1	3/8	1/4	3/2	760		articAccentAbove				0
46	45	391/2	391/2	0.25	3/8	3/8	Chord	6/8	1	1	1/16	1/16	1	761				128		0
46	45	783/4	783/4	0.25	7/16	7/16	Chord	6/8	1	1	1/16	1/16	1	762				128		0
46	45	196	196	0.25	1/2	1/2	Chord	6/8	1	1	1/16	1/16	1	763				128		0
46	45	785/4	785/4	0.25	9/16	9/16	Chord	6/8	1	1	1/16	1/16	1	764				128		0
46	45	393/2	393/2	0.25	5/8	5/8	Chord	6/8	1	1	1/16	1/16	1	765				128		0
46	45	787/4	787/4	0.25	11/16	11/16	Chord	6/8	1	1	1/16	1/16	1	766						0
46	45	194	194	0.5	0	0	Chord	6/8	1	2	1/8	1/8	1	767				129		0
46	45	389/2	389/2	0.25	1/8	1/8	Chord	6/8	1	2	1/16	1/16	1	768				129		0
46	45	779/4	779/4	0.25	3/16	3/16	Chord	6/8	1	2	1/16	1/16	1	769				129		0
46	45	195	195	0.25	1/4	1/4	Chord	6/8	1	2	1/16	1/16	1	770				129		0
46	45	781/4	781/4	0.25	5/16	5/16	Chord	6/8	1	2	1/16	1/16	1	771						0
46	45	391/2	391/2	1.5	3/8	3/8	Chord	6/8	1	2	3/8	1/4	3/2	772						0
46	45	389/2	389/2	0.5	1/8	1/8	Chord	6/8	2	1	1/8	1/8	1	773						
46	45	195	195	0.5	1/4	1/4	Chord	6/8	2	1	1/8	1/8	1	774						
46	45	391/2	391/2	1.5	3/8	3/8	Chord	6/8	2	1	3/8	1/4	3/2	775		articAccentBelow				
47	46	197	197	0.25	0	0	Chord	6/8	1	1	1/16	1/16	1	776				130		0
47	46	789/4	789/4	0.25	1/16	1/16	Chord	6/8	1	1	1/16	1/16	1	777				130		0
47	46	395/2	395/2	0.25	1/8	1/8	Chord	6/8	1	1	1/16	1/16	1	778				130		0
47	46	791/4	791/4	0.25	3/16	3/16	Chord	6/8	1	1	1/16	1/16	1	779				130		0
47	46	198	198	0.25	1/4	1/4	Chord	6/8	1	1	1/16	1/16	1	780				130		0
47	46	793/4	793/4	0.25	5/16	5/16	Chord	6/8	1	1	1/16	1/16	1	781						0
47	46	397/2	397/2	0.25	3/8	3/8	Chord	6/8	1	1	1/16	1/16	1	782				131		0
47	46	795/4	795/4	0.25	7/16	7/16	Chord	6/8	1	1	1/16	1/16	1	783				131		0
47	46	199	199	0.25	1/2	1/2	Chord	6/8	1	1	1/16	1/16	1	784				131		0
47	46	797/4	797/4	0.25	9/16	9/16	Chord	6/8	1	1	1/16	1/16	1	785				131		0
47	46	399/2	399/2	0.25	5/8	5/8	Chord	6/8	1	1	1/16	1/16	1	786				131		0
47	46	799/4	799/4	0.25	11/16	11/16	Chord	6/8	1	1	1/16	1/16	1	787						0
47	46	197	197	1.5	0	0	Chord	6/8	1	2	3/8	1/4	3/2	788						0
47	46	397/2	397/2	1.5	3/8	3/8	Chord	6/8	1	2	3/8	1/4	3/2	789						0
47	46	197	197	1.5	0	0	Chord	6/8	2	1	3/8	1/4	3/2	790						
47	46	397/2	397/2	1.5	3/8	3/8	Chord	6/8	2	1	3/8	1/4	3/2	791						
48	47	200	200	0.0	0	0	StaffText	6/8	1	1	0						smorz.			
48	47	200	200	0.0	0	0	Spanner	6/8	1	1	0									
48	47	200	200	0.5	0	0	Chord	6/8	1	1	1/8	1/8	1	792				132		
48	47	401/2	401/2	0.5	1/8	1/8	Chord	6/8	1	1	1/8	1/8	1	793				132		
48	47	201	201	0.5	1/4	1/4	Chord	6/8	1	1	1/8	1/8	1	794				132		
48	47	403/2	403/2	0.5	3/8	3/8	Chord	6/8	1	1	1/8	1/8	1	795				132		
48	47	202	202	0.5	1/2	1/2	Chord	6/8	1	1	1/8	1/8	1	796				132		
48	47	405/2	405/2	0.5	5/8	5/8	Chord	6/8	1	1	1/8	1/8	1	797						
48	47	200	200	3.0	0	0	Chord	6/8	1	2	3/4	1/2	3/2	798						
48	47	200	200	0.0	0	0	Dynamic	6/8	2	1	0				ppp					
48	47	200	200	3.0	0	0	Chord	6/8	2	1	3/4	1/2	3/2	799						
49	48	203	203	0.0	0	0	StaffText	6/8	1	1	0						"<font size=""12""/>ritenuto"			
49	48	203	203	0.5	0	0	Chord	6/8	1	1	1/8	1/8	1	800				133		
49	48	407/2	407/2	0.5	1/8	1/8	Chord	6/8	1	1	1/8	1/8	1	801				133		
49	48	204	204	0.5	1/4	1/4	Chord	6/8	1	1	1/8	1/8	1	802				133		
49	48	409/2	409/2	0.5	3/8	3/8	Chord	6/8	1	1	1/8	1/8	1	803				133		
49	48	205	205	0.5	1/2	1/2	Chord	6/8	1	1	1/8	1/8	1	804				133		
49	48	411/2	411/2	0.5	5/8	5/8	Chord	6/8	1	1	1/8	1/8	1	805						
49	48	203	203	3.0	0	0	Chord	6/8	1	2	3/4	1/2	3/2	806						
49	48	203	203	3.0	0	0	Chord	6/8	2	1	3/4	1/2	3/2	807						
