mc	mn	quarterbeats	quarterbeats_all_endings	duration_qb	mc_onset	mn_onset	event	timesig	staff	voice	duration	gracenote	nominal_duration	scalar	chord_id	dynamics	articulation	staff_text	slur	crescendo_hairpin	crescendo_line	decrescendo_hairpin	Ottava:8va
1	1	0	0	0.0	0	0	Dynamic	4/4	1	1	0					f							
1	1	0	0	0.0	0	0	StaffText	4/4	1	1	0							Lento					
1	1	0	0	1.0	0	0	Chord	4/4	1	1	1/4		1/4	1	0				0				
1	1	1	1	0.5	1/4	1/4	Chord	4/4	1	1	1/8		1/8	1	1				0				
1	1	3/2	3/2	0.5	3/8	3/8	Chord	4/4	1	1	1/8		1/8	1	2				0				
1	1	2	2	2.0	1/2	1/2	Chord	4/4	1	1	1/2		1/2	1	3								
2	2	4	4	1.0	0	0	Chord	4/4	1	1	1/4		1/4	1	4		articAccentBelow		1				
2	2	5	5	0.5	1/4	1/4	Chord	4/4	1	1	1/8		1/8	1	5				1				
2	2	11/2	11/2	0.5	3/8	3/8	Chord	4/4	1	1	1/8		1/8	1	6				1				
2	2	6	6	2.0	1/2	1/2	Chord	4/4	1	1	1/2		1/2	1	7				1				
3	3	8	8	2.0	0	0	Chord	4/4	1	1	1/2		1/2	1	8								
3	3	10	10	0.0	1/2	1/2	Dynamic	4/4	2	1	0					p							
3	3	10	10	1.0	1/2	1/2	Chord	4/4	2	1	1/4		1/4	1	9				2				
3	3	11	11	0.5	3/4	3/4	Chord	4/4	2	1	1/8		1/8	1	10				2				
3	3	23/2	23/2	0.5	7/8	7/8	Chord	4/4	2	1	1/8		1/8	1	11				2				
4	4	12	12	2.0	0	0	Chord	4/4	2	1	1/2		1/2	1	12				2				
4	4	14	14	1.0	1/2	1/2	Chord	4/4	2	1	1/4		1/4	1	13		articAccentAbove		2				
4	4	15	15	0.5	3/4	3/4	Chord	4/4	2	1	1/8		1/8	1	14				2				
4	4	31/2	31/2	0.5	7/8	7/8	Chord	4/4	2	1	1/8		1/8	1	15				2				
5	5	16	16	2.0	0	0	Chord	4/4	2	1	1/2		1/2	1	16				2				
5	5	18	18	1.5	1/2	1/2	Chord	4/4	2	1	3/8		1/4	3/2	17								
6	6	20	20	0.0	0	0	Dynamic	4/4	1	1	0					p							
6	6	20	20	0.0	0	0	StaffText	4/4	1	1	0							"<font size=""12""/>accel."					
6	6	20	20	0.25	0	0	Chord	4/4	1	1	1/16		1/16	1	18				3				
6	6	81/4	81/4	0.25	1/16	1/16	Chord	4/4	1	1	1/16		1/16	1	19				3				
6	6	41/2	41/2	0.5	1/8	1/8	Chord	4/4	1	1	1/8		1/8	1	20								
6	6	21	21	0.0	1/4	1/4	Spanner	4/4	1	1	0									0			
6	6	21	21	0.25	1/4	1/4	Chord	4/4	1	1	1/16		1/16	1	21				4	0			
6	6	85/4	85/4	0.25	5/16	5/16	Chord	4/4	1	1	1/16		1/16	1	22				4	0			
6	6	43/2	43/2	0.5	3/8	3/8	Chord	4/4	1	1	1/8		1/8	1	23					0			
6	6	22	22	0.25	1/2	1/2	Chord	4/4	1	1	1/16		1/16	1	24				5	0			
6	6	89/4	89/4	0.25	9/16	9/16	Chord	4/4	1	1	1/16		1/16	1	25				5	0			
6	6	45/2	45/2	0.5	5/8	5/8	Chord	4/4	1	1	1/8		1/8	1	26					0			
6	6	23	23	0.25	3/4	3/4	Chord	4/4	1	1	1/16		1/16	1	27				6	0			
6	6	93/4	93/4	0.25	13/16	13/16	Chord	4/4	1	1	1/16		1/16	1	28				6	0			
6	6	47/2	47/2	0.5	7/8	7/8	Chord	4/4	1	1	1/8		1/8	1	29					0			
6	6	20	20	0.5	0	0	Chord	4/4	2	1	1/8		1/8	1	30				7				
6	6	41/2	41/2	0.25	1/8	1/8	Chord	4/4	2	1	1/16		1/16	1	31				7				
6	6	83/4	83/4	0.25	3/16	3/16	Chord	4/4	2	1	1/16		1/16	1	32								
6	6	21	21	0.5	1/4	1/4	Chord	4/4	2	1	1/8		1/8	1	33				8				
6	6	43/2	43/2	0.25	3/8	3/8	Chord	4/4	2	1	1/16		1/16	1	34				8				
6	6	87/4	87/4	0.25	7/16	7/16	Chord	4/4	2	1	1/16		1/16	1	35								
6	6	22	22	0.5	1/2	1/2	Chord	4/4	2	1	1/8		1/8	1	36				9				
6	6	45/2	45/2	0.25	5/8	5/8	Chord	4/4	2	1	1/16		1/16	1	37				9				
6	6	91/4	91/4	0.25	11/16	11/16	Chord	4/4	2	1	1/16		1/16	1	38								
6	6	23	23	0.5	3/4	3/4	Chord	4/4	2	1	1/8		1/8	1	39				10				
6	6	47/2	47/2	0.25	7/8	7/8	Chord	4/4	2	1	1/16		1/16	1	40				10				
6	6	95/4	95/4	0.25	15/16	15/16	Chord	4/4	2	1	1/16		1/16	1	41								
7	7	24	24	0.0	0	0	Spanner	4/4	1	1	0												
7	7	24	24	0.25	0	0	Chord	4/4	1	1	1/16		1/16	1	42				11				
7	7	97/4	97/4	0.25	1/16	1/16	Chord	4/4	1	1	1/16		1/16	1	43				11				
7	7	49/2	49/2	0.5	1/8	1/8	Chord	4/4	1	1	1/8		1/8	1	44								
7	7	25	25	0.25	1/4	1/4	Chord	4/4	1	1	1/16		1/16	1	45				12				
7	7	101/4	101/4	0.25	5/16	5/16	Chord	4/4	1	1	1/16		1/16	1	46				12				
7	7	51/2	51/2	0.5	3/8	3/8	Chord	4/4	1	1	1/8		1/8	1	47								
7	7	26	26	1.0	1/2	1/2	Chord	4/4	1	1	1/4		1/4	1	48				13				
7	7	27	27	0.5	3/4	3/4	Chord	4/4	1	1	1/8		1/8	1	49		articStaccatoBelow						
7	7	24	24	0.5	0	0	Chord	4/4	2	1	1/8		1/8	1	50				14				
7	7	49/2	49/2	0.25	1/8	1/8	Chord	4/4	2	1	1/16		1/16	1	51				14				
7	7	99/4	99/4	0.25	3/16	3/16	Chord	4/4	2	1	1/16		1/16	1	52								
7	7	25	25	0.5	1/4	1/4	Chord	4/4	2	1	1/8		1/8	1	53				15				
7	7	51/2	51/2	0.25	3/8	3/8	Chord	4/4	2	1	1/16		1/16	1	54				15				
7	7	103/4	103/4	0.25	7/16	7/16	Chord	4/4	2	1	1/16		1/16	1	55								
7	7	26	26	1.0	1/2	1/2	Chord	4/4	2	1	1/4		1/4	1	56								
8	8	28	28	0.0	0	0	Spanner	4/4	1	1	0											0	
8	8	28	28	0.3333333333333333	0	0	Chord	4/4	1	1	1/12		1/8	2/3	57				16			0	
8	8	85/3	85/3	0.3333333333333333	1/12	1/12	Chord	4/4	1	1	1/12		1/8	2/3	58				16			0	
8	8	86/3	86/3	0.3333333333333333	1/6	1/6	Chord	4/4	1	1	1/12		1/8	2/3	59							0	
8	8	29	29	0.3333333333333333	1/4	1/4	Chord	4/4	1	1	1/12		1/8	2/3	60				17			0	
8	8	88/3	88/3	0.3333333333333333	1/3	1/3	Chord	4/4	1	1	1/12		1/8	2/3	61				17			0	
8	8	89/3	89/3	0.3333333333333333	5/12	5/12	Chord	4/4	1	1	1/12		1/8	2/3	62							0	
8	8	30	30	0.0	1/2	1/2	StaffText	4/4	1	1	0							rall.					
8	8	30	30	0.0	1/2	1/2	Spanner	4/4	1	1	0												
8	8	30	30	0.3333333333333333	1/2	1/2	Chord	4/4	1	1	1/12		1/8	2/3	63				18				
8	8	91/3	91/3	0.3333333333333333	7/12	7/12	Chord	4/4	1	1	1/12		1/8	2/3	64				18				
8	8	92/3	92/3	0.3333333333333333	2/3	2/3	Chord	4/4	1	1	1/12		1/8	2/3	65								
8	8	31	31	0.6666666666666666	3/4	3/4	Chord	4/4	1	1	1/6		1/4	2/3	66				19				
8	8	95/3	95/3	0.3333333333333333	11/12	11/12	Chord	4/4	1	1	1/12		1/8	2/3	67		articStaccatoBelow						
8	8	28	28	0.6666666666666666	0	0	Chord	4/4	2	1	1/6		1/4	2/3	68								
8	8	86/3	86/3	0.3333333333333333	1/6	1/6	Chord	4/4	2	1	1/12		1/8	2/3	69								
8	8	29	29	0.6666666666666666	1/4	1/4	Chord	4/4	2	1	1/6		1/4	2/3	70								
8	8	89/3	89/3	0.3333333333333333	5/12	5/12	Chord	4/4	2	1	1/12		1/8	2/3	71								
8	8	30	30	1.0	1/2	1/2	Chord	4/4	2	1	1/4		1/4	1	72								
8	8	31	31	1.0	3/4	3/4	Chord	4/4	2	1	1/4		1/4	1	73								
8	8	28	28	3.0	0	0	Chord	4/4	2	2	3/4		1/2	3/2	74								
9	9	32	32	0.0	0	0	Spanner	4/4	1	1	0											1	
9	9	32	32	0.3333333333333333	0	0	Chord	4/4	1	1	1/12		1/8	2/3	75				20			1	
9	9	97/3	97/3	0.3333333333333333	1/12	1/12	Chord	4/4	1	1	1/12		1/8	2/3	76				20			1	
9	9	98/3	98/3	0.3333333333333333	1/6	1/6	Chord	4/4	1	1	1/12		1/8	2/3	77							1	
9	9	33	33	0.3333333333333333	1/4	1/4	Chord	4/4	1	1	1/12		1/8	2/3	78				21			1	
9	9	100/3	100/3	0.3333333333333333	1/3	1/3	Chord	4/4	1	1	1/12		1/8	2/3	79				21			1	
9	9	101/3	101/3	0.3333333333333333	5/12	5/12	Chord	4/4	1	1	1/12		1/8	2/3	80							1	
9	9	34	34	0.0	1/2	1/2	StaffText	4/4	1	1	0							rall.					
9	9	34	34	0.0	1/2	1/2	Spanner	4/4	1	1	0												
9	9	34	34	0.3333333333333333	1/2	1/2	Chord	4/4	1	1	1/12		1/8	2/3	81				22				
9	9	103/3	103/3	0.3333333333333333	7/12	7/12	Chord	4/4	1	1	1/12		1/8	2/3	82				22				
9	9	104/3	104/3	0.3333333333333333	2/3	2/3	Chord	4/4	1	1	1/12		1/8	2/3	83								
9	9	35	35	0.6666666666666666	3/4	3/4	Chord	4/4	1	1	1/6		1/4	2/3	84		articTenutoBelow		23				
9	9	107/3	107/3	0.3333333333333333	11/12	11/12	Chord	4/4	1	1	1/12		1/8	2/3	85		articStaccatoBelow						
9	9	32	32	0.6666666666666666	0	0	Chord	4/4	2	1	1/6		1/4	2/3	86								
9	9	98/3	98/3	0.3333333333333333	1/6	1/6	Chord	4/4	2	1	1/12		1/8	2/3	87								
9	9	33	33	0.6666666666666666	1/4	1/4	Chord	4/4	2	1	1/6		1/4	2/3	88								
9	9	101/3	101/3	0.3333333333333333	5/12	5/12	Chord	4/4	2	1	1/12		1/8	2/3	89								
9	9	34	34	1.0	1/2	1/2	Chord	4/4	2	1	1/4		1/4	1	90								
9	9	35	35	1.0	3/4	3/4	Chord	4/4	2	1	1/4		1/4	1	91								
9	9	32	32	3.0	0	0	Chord	4/4	2	2	3/4		1/2	3/2	92								
10	10	36	36	0.6666666666666666	0	0	Chord	4/4	1	1	1/6		1/4	2/3	93		articTenutoBelow		24				
10	10	110/3	110/3	0.3333333333333333	1/6	1/6	Chord	4/4	1	1	1/12		1/8	2/3	94		articStaccatoBelow						
10	10	37	37	0.6666666666666666	1/4	1/4	Chord	4/4	1	1	1/6		1/4	2/3	95		articTenutoBelow		25				
10	10	113/3	113/3	0.3333333333333333	5/12	5/12	Chord	4/4	1	1	1/12		1/8	2/3	96		articStaccatoBelow						
10	10	38	38	0.6666666666666666	1/2	1/2	Chord	4/4	1	1	1/6		1/4	2/3	97		articTenutoBelow		26				
10	10	116/3	116/3	0.3333333333333333	2/3	2/3	Chord	4/4	1	1	1/12		1/8	2/3	98		articStaccatoBelow						
10	10	39	39	0.6666666666666666	3/4	3/4	Chord	4/4	1	1	1/6		1/4	2/3	99		articTenutoBelow		27				
10	10	119/3	119/3	0.3333333333333333	11/12	11/12	Chord	4/4	1	1	1/12		1/8	2/3	100		articStaccatoBelow						
10	10	36	36	1.0	0	0	Chord	4/4	2	1	1/4		1/4	1	101								
10	10	37	37	1.0	1/4	1/4	Chord	4/4	2	1	1/4		1/4	1	102								
10	10	38	38	1.0	1/2	1/2	Chord	4/4	2	1	1/4		1/4	1	103								
10	10	39	39	1.0	3/4	3/4	Chord	4/4	2	1	1/4		1/4	1	104								
11	11	40	40	0.6666666666666666	0	0	Chord	4/4	1	1	1/6		1/4	2/3	105		articTenutoBelow		28				
11	11	122/3	122/3	0.3333333333333333	1/6	1/6	Chord	4/4	1	1	1/12		1/8	2/3	106		articStaccatoBelow						
11	11	41	41	0.0	1/4	1/4	StaffText	4/4	1	1	0							accel.					
11	11	41	41	0.6666666666666666	1/4	1/4	Chord	4/4	1	1	1/6		1/4	2/3	107		articTenutoBelow		29				
11	11	125/3	125/3	0.3333333333333333	5/12	5/12	Chord	4/4	1	1	1/12		1/8	2/3	108		articStaccatoBelow						
11	11	42	42	0.6666666666666666	1/2	1/2	Chord	4/4	1	1	1/6		1/4	2/3	109		articTenutoBelow		30				
11	11	128/3	128/3	0.3333333333333333	2/3	2/3	Chord	4/4	1	1	1/12		1/8	2/3	110		articStaccatoBelow						
11	11	43	43	0.6666666666666666	3/4	3/4	Chord	4/4	1	1	1/6		1/4	2/3	111		articTenutoBelow		31				
11	11	131/3	131/3	0.3333333333333333	11/12	11/12	Chord	4/4	1	1	1/12		1/8	2/3	112		articStaccatoBelow						
11	11	40	40	1.0	0	0	Chord	4/4	2	1	1/4		1/4	1	113								
11	11	41	41	1.0	1/4	1/4	Chord	4/4	2	1	1/4		1/4	1	114								
11	11	42	42	1.0	1/2	1/2	Chord	4/4	2	1	1/4		1/4	1	115								
11	11	43	43	1.0	3/4	3/4	Chord	4/4	2	1	1/4		1/4	1	116								
12	12	44	44	0.0	0	0	Dynamic	4/4	1	1	0					p							
12	12	44	44	0.0	0	0	StaffText	4/4	1	1	0							"<font size=""12""/>dolce"					
12	12	44	44	0.0	0	0	StaffText	4/4	1	1	0							Andantino					
12	12	44	44	0.5	0	0	Chord	4/4	1	1	1/8		1/8	1	117		articStaccatoBelow		32				
12	12	89/2	89/2	0.5	1/8	1/8	Chord	4/4	1	1	1/8		1/8	1	118		articStaccatoBelow		32				
12	12	45	45	0.5	1/4	1/4	Chord	4/4	1	1	1/8		1/8	1	119		articStaccatoBelow		32				
12	12	91/2	91/2	0.5	3/8	3/8	Chord	4/4	1	1	1/8		1/8	1	120		articStaccatoBelow		32				
12	12	46	46	0.5	1/2	1/2	Chord	4/4	1	1	1/8		1/8	1	121		articStaccatoBelow		32				
12	12	93/2	93/2	0.5	5/8	5/8	Chord	4/4	1	1	1/8		1/8	1	122		articStaccatoBelow		32				
12	12	47	47	0.5	3/4	3/4	Chord	4/4	1	1	1/8		1/8	1	123		articStaccatoBelow		32				
12	12	95/2	95/2	0.5	7/8	7/8	Chord	4/4	1	1	1/8		1/8	1	124		articStaccatoBelow						
12	12	44	44	0.5	0	0	Chord	4/4	2	1	1/8		1/8	1	125		articStaccatoAbove		33				
12	12	89/2	89/2	0.5	1/8	1/8	Chord	4/4	2	1	1/8		1/8	1	126		articStaccatoAbove		33				
12	12	45	45	0.5	1/4	1/4	Chord	4/4	2	1	1/8		1/8	1	127		articStaccatoAbove		33				
12	12	91/2	91/2	0.5	3/8	3/8	Chord	4/4	2	1	1/8		1/8	1	128		articStaccatoAbove		33				
12	12	46	46	0.5	1/2	1/2	Chord	4/4	2	1	1/8		1/8	1	129		articStaccatoAbove		33				
12	12	93/2	93/2	0.5	5/8	5/8	Chord	4/4	2	1	1/8		1/8	1	130		articStaccatoAbove		33				
12	12	47	47	0.5	3/4	3/4	Chord	4/4	2	1	1/8		1/8	1	131		articStaccatoAbove		33				
12	12	95/2	95/2	0.5	7/8	7/8	Chord	4/4	2	1	1/8		1/8	1	132		articStaccatoAbove						
13	13	48	48	0.5	0	0	Chord	4/4	1	1	1/8		1/8	1	133		articStaccatoBelow		34				
13	13	97/2	97/2	0.5	1/8	1/8	Chord	4/4	1	1	1/8		1/8	1	134		articStaccatoBelow		34				
13	13	49	49	0.0	1/4	1/4	StaffText	4/4	1	1	0							cresc.	34				
13	13	49	49	0.5	1/4	1/4	Chord	4/4	1	1	1/8		1/8	1	135		articStaccatoBelow		34				
13	13	99/2	99/2	0.5	3/8	3/8	Chord	4/4	1	1	1/8		1/8	1	136		articStaccatoBelow		34				
13	13	50	50	0.5	1/2	1/2	Chord	4/4	1	1	1/8		1/8	1	137		articStaccatoBelow		34				
13	13	101/2	101/2	0.5	5/8	5/8	Chord	4/4	1	1	1/8		1/8	1	138		articStaccatoBelow		34				
13	13	51	51	0.5	3/4	3/4	Chord	4/4	1	1	1/8		1/8	1	139		articStaccatoBelow		34				
13	13	103/2	103/2	0.5	7/8	7/8	Chord	4/4	1	1	1/8		1/8	1	140		articStaccatoBelow						
13	13	48	48	0.5	0	0	Chord	4/4	2	1	1/8		1/8	1	141		articStaccatoAbove		35				
13	13	97/2	97/2	0.5	1/8	1/8	Chord	4/4	2	1	1/8		1/8	1	142		articStaccatoAbove		35				
13	13	49	49	0.5	1/4	1/4	Chord	4/4	2	1	1/8		1/8	1	143		articStaccatoAbove		35				
13	13	99/2	99/2	0.5	3/8	3/8	Chord	4/4	2	1	1/8		1/8	1	144		articStaccatoAbove		35				
13	13	50	50	0.5	1/2	1/2	Chord	4/4	2	1	1/8		1/8	1	145		articStaccatoAbove		35				
13	13	101/2	101/2	0.5	5/8	5/8	Chord	4/4	2	1	1/8		1/8	1	146		articStaccatoAbove		35				
13	13	51	51	0.5	3/4	3/4	Chord	4/4	2	1	1/8		1/8	1	147		articStaccatoAbove		35				
13	13	103/2	103/2	0.5	7/8	7/8	Chord	4/4	2	1	1/8		1/8	1	148		articStaccatoAbove						
14	14	52	52	1.5	0	0	Chord	4/4	1	1	3/8		1/4	3/2	149								
14	14	107/2	107/2	0.0	3/8	3/8	StaffText	4/4	1	1	0							"<font size=""12""/>rinforz."					
14	14	107/2	107/2	0.5	3/8	3/8	Chord	4/4	1	1	1/8		1/8	1	150				36				
14	14	54	54	1.0	1/2	1/2	Chord	4/4	1	1	1/4		1/4	1	151				36				
14	14	55	55	1.0	3/4	3/4	Chord	4/4	1	1	1/4		1/4	1	152				36				
14	14	52	52	1.5	0	0	Chord	4/4	2	1	3/8		1/4	3/2	153								
14	14	107/2	107/2	0.5	3/8	3/8	Chord	4/4	2	1	1/8		1/8	1	154				37				
14	14	54	54	1.0	1/2	1/2	Chord	4/4	2	1	1/4		1/4	1	155				37				
14	14	55	55	1.0	3/4	3/4	Chord	4/4	2	1	1/4		1/4	1	156				37				
15	15	56	56	1.5	0	0	Chord	4/4	1	1	3/8		1/4	3/2	157								
15	15	115/2	115/2	0.5	3/8	3/8	Chord	4/4	1	1	1/8		1/8	1	158				38				
15	15	58	58	1.0	1/2	1/2	Chord	4/4	1	1	1/4		1/4	1	159				38				
15	15	59	59	1.0	3/4	3/4	Chord	4/4	1	1	1/4		1/4	1	160								
15	15	56	56	1.5	0	0	Chord	4/4	2	1	3/8		1/4	3/2	161								
15	15	115/2	115/2	0.5	3/8	3/8	Chord	4/4	2	1	1/8		1/8	1	162				39				
15	15	58	58	1.0	1/2	1/2	Chord	4/4	2	1	1/4		1/4	1	163				39				
15	15	59	59	1.0	3/4	3/4	Chord	4/4	2	1	1/4		1/4	1	164								
16	16	60	60	0.0	0	0	Spanner	4/4	1	1	0											2	
16	16	60	60	0.25	0	0	Chord	4/4	1	1	1/16		1/16	1	165							2	
16	16	241/4	241/4	0.25	1/16	1/16	Chord	4/4	1	1	1/16		1/16	1	166							2	
16	16	121/2	121/2	0.5	1/8	1/8	Chord	4/4	1	1	1/8		1/8	1	167							2	
16	16	61	61	0.25	1/4	1/4	Chord	4/4	1	1	1/16		1/16	1	168							2	
16	16	245/4	245/4	0.25	5/16	5/16	Chord	4/4	1	1	1/16		1/16	1	169							2	
16	16	123/2	123/2	0.5	3/8	3/8	Chord	4/4	1	1	1/8		1/8	1	170							2	
16	16	62	62	0.25	1/2	1/2	Chord	4/4	1	1	1/16		1/16	1	171							2	
16	16	249/4	249/4	0.25	9/16	9/16	Chord	4/4	1	1	1/16		1/16	1	172							2	
16	16	125/2	125/2	0.5	5/8	5/8	Chord	4/4	1	1	1/8		1/8	1	173							2	
16	16	63	63	0.25	3/4	3/4	Chord	4/4	1	1	1/16		1/16	1	174							2	
16	16	253/4	253/4	0.25	13/16	13/16	Chord	4/4	1	1	1/16		1/16	1	175							2	
16	16	127/2	127/2	0.5	7/8	7/8	Chord	4/4	1	1	1/8		1/8	1	176							2	
16	16	60	60	0.25	0	0	Chord	4/4	2	1	1/16		1/16	1	177								
16	16	241/4	241/4	0.25	1/16	1/16	Chord	4/4	2	1	1/16		1/16	1	178								
16	16	121/2	121/2	0.5	1/8	1/8	Chord	4/4	2	1	1/8		1/8	1	179								
16	16	61	61	0.25	1/4	1/4	Chord	4/4	2	1	1/16		1/16	1	180								
16	16	245/4	245/4	0.25	5/16	5/16	Chord	4/4	2	1	1/16		1/16	1	181								
16	16	123/2	123/2	0.5	3/8	3/8	Chord	4/4	2	1	1/8		1/8	1	182								
16	16	62	62	0.25	1/2	1/2	Chord	4/4	2	1	1/16		1/16	1	183								
16	16	249/4	249/4	0.25	9/16	9/16	Chord	4/4	2	1	1/16		1/16	1	184								
16	16	125/2	125/2	0.5	5/8	5/8	Chord	4/4	2	1	1/8		1/8	1	185								
16	16	63	63	0.25	3/4	3/4	Chord	4/4	2	1	1/16		1/16	1	186								
16	16	253/4	253/4	0.25	13/16	13/16	Chord	4/4	2	1	1/16		1/16	1	187								
16	16	127/2	127/2	0.5	7/8	7/8	Chord	4/4	2	1	1/8		1/8	1	188								
17	17	64	64	0.0	0	0	StaffText	4/4	1	1	0							"<font size=""12""/>dim."					
17	17	64	64	0.0	0	0	Spanner	4/4	1	1	0												
17	17	64	64	2.0	0	0	Chord	4/4	1	1	1/2		1/2	1	189								
17	17	66	66	2.0	1/2	1/2	Chord	4/4	1	1	1/2		1/2	1	190								
17	17	64	64	0.25	0	0	Chord	4/4	1	2	1/16		1/16	1	191								
17	17	257/4	257/4	0.25	1/16	1/16	Chord	4/4	1	2	1/16		1/16	1	192								
17	17	129/2	129/2	0.5	1/8	1/8	Chord	4/4	1	2	1/8		1/8	1	193								
17	17	65	65	0.25	1/4	1/4	Chord	4/4	1	2	1/16		1/16	1	194								
17	17	261/4	261/4	0.25	5/16	5/16	Chord	4/4	1	2	1/16		1/16	1	195								
17	17	131/2	131/2	0.5	3/8	3/8	Chord	4/4	1	2	1/8		1/8	1	196								
17	17	66	66	0.25	1/2	1/2	Chord	4/4	1	2	1/16		1/16	1	197								
17	17	265/4	265/4	0.25	9/16	9/16	Chord	4/4	1	2	1/16		1/16	1	198								
17	17	133/2	133/2	0.5	5/8	5/8	Chord	4/4	1	2	1/8		1/8	1	199								
17	17	67	67	0.25	3/4	3/4	Chord	4/4	1	2	1/16		1/16	1	200								
17	17	269/4	269/4	0.25	13/16	13/16	Chord	4/4	1	2	1/16		1/16	1	201								
17	17	135/2	135/2	0.5	7/8	7/8	Chord	4/4	1	2	1/8		1/8	1	202								
17	17	64	64	0.25	0	0	Chord	4/4	2	1	1/16		1/16	1	203								
17	17	257/4	257/4	0.25	1/16	1/16	Chord	4/4	2	1	1/16		1/16	1	204								
17	17	129/2	129/2	0.5	1/8	1/8	Chord	4/4	2	1	1/8		1/8	1	205								
17	17	65	65	0.25	1/4	1/4	Chord	4/4	2	1	1/16		1/16	1	206								
17	17	261/4	261/4	0.25	5/16	5/16	Chord	4/4	2	1	1/16		1/16	1	207								
17	17	131/2	131/2	0.5	3/8	3/8	Chord	4/4	2	1	1/8		1/8	1	208								
17	17	66	66	0.25	1/2	1/2	Chord	4/4	2	1	1/16		1/16	1	209								
17	17	265/4	265/4	0.25	9/16	9/16	Chord	4/4	2	1	1/16		1/16	1	210								
17	17	133/2	133/2	0.5	5/8	5/8	Chord	4/4	2	1	1/8		1/8	1	211								
17	17	67	67	0.25	3/4	3/4	Chord	4/4	2	1	1/16		1/16	1	212								
17	17	269/4	269/4	0.25	13/16	13/16	Chord	4/4	2	1	1/16		1/16	1	213								
17	17	135/2	135/2	0.5	7/8	7/8	Chord	4/4	2	1	1/8		1/8	1	214								
18	18	68	68	1.0	0	0	Chord	4/4	1	1	1/4		1/4	1	215								
18	18	69	69	0.25	1/4	1/4	Chord	4/4	1	1	1/16		1/16	1	216				40				
18	18	277/4	277/4	0.25	5/16	5/16	Chord	4/4	1	1	1/16		1/16	1	217				40				
18	18	139/2	139/2	0.25	3/8	3/8	Chord	4/4	1	1	1/16		1/16	1	218				40				
18	18	279/4	279/4	0.25	7/16	7/16	Chord	4/4	1	1	1/16		1/16	1	219				40				
18	18	70	70	0.25	1/2	1/2	Chord	4/4	1	1	1/16		1/16	1	220				40				
18	18	281/4	281/4	0.25	9/16	9/16	Chord	4/4	1	1	1/16		1/16	1	221				40				
18	18	141/2	141/2	0.25	5/8	5/8	Chord	4/4	1	1	1/16		1/16	1	222				40				
18	18	283/4	283/4	0.25	11/16	11/16	Chord	4/4	1	1	1/16		1/16	1	223				40				
18	18	71	71	0.25	3/4	3/4	Chord	4/4	1	1	1/16		1/16	1	224				40				
18	18	285/4	285/4	0.25	13/16	13/16	Chord	4/4	1	1	1/16		1/16	1	225				40				
18	18	143/2	143/2	0.25	7/8	7/8	Chord	4/4	1	1	1/16		1/16	1	226				40				
18	18	287/4	287/4	0.25	15/16	15/16	Chord	4/4	1	1	1/16		1/16	1	227								
18	18	68	68	0.75	0	0	Chord	4/4	2	1	3/16		1/8	3/2	228				41				
18	18	275/4	275/4	0.25	3/16	3/16	Chord	4/4	2	1	1/16		1/16	1	229				41				
18	18	69	69	0.25	1/4	1/4	Chord	4/4	2	1	1/16		1/16	1	230				41				
18	18	277/4	277/4	0.25	5/16	5/16	Chord	4/4	2	1	1/16		1/16	1	231				41				
18	18	139/2	139/2	0.25	3/8	3/8	Chord	4/4	2	1	1/16		1/16	1	232				41				
18	18	279/4	279/4	0.25	7/16	7/16	Chord	4/4	2	1	1/16		1/16	1	233				41				
18	18	70	70	0.25	1/2	1/2	Chord	4/4	2	1	1/16		1/16	1	234				41				
18	18	281/4	281/4	0.25	9/16	9/16	Chord	4/4	2	1	1/16		1/16	1	235				41				
18	18	141/2	141/2	0.25	5/8	5/8	Chord	4/4	2	1	1/16		1/16	1	236				41				
18	18	283/4	283/4	0.25	11/16	11/16	Chord	4/4	2	1	1/16		1/16	1	237				41				
18	18	71	71	0.25	3/4	3/4	Chord	4/4	2	1	1/16		1/16	1	238				41				
18	18	285/4	285/4	0.25	13/16	13/16	Chord	4/4	2	1	1/16		1/16	1	239				41				
18	18	143/2	143/2	0.25	7/8	7/8	Chord	4/4	2	1	1/16		1/16	1	240				41				
18	18	287/4	287/4	0.25	15/16	15/16	Chord	4/4	2	1	1/16		1/16	1	241								
19	19	151/2	151/2	0.0	7/8	7/8	Dynamic	4/4	1	1	0					p							
19	19	151/2	151/2	0.5	7/8	7/8	Chord	4/4	1	1	1/8		1/8	1	242				42				
20	20	76	76	0.0	0	0	StaffText	6/8	1	1	0							"<font size=""12""/>espressivo assai"					
20	20	76	76	0.0	0	0	StaffText	6/8	1	1	0							Adagio dolente					
20	20	76	76	1.0	0	0	Chord	6/8	1	1	1/4		1/4	1	243								
20	20	77	77	0.5	1/4	1/4	Chord	6/8	1	1	1/8		1/8	1	244				43				
20	20	155/2	155/2	1.0	3/8	3/8	Chord	6/8	1	1	1/4		1/4	1	245								
20	20	157/2	157/2	0.5	5/8	5/8	Chord	6/8	1	1	1/8		1/8	1	246				44				
20	20	153/2	153/2	0.5	1/8	1/8	Chord	6/8	1	2	1/8		1/8	1	247		articStaccatoBelow						
20	20	78	78	0.5	1/2	1/2	Chord	6/8	1	2	1/8		1/8	1	248		articStaccatoBelow						
20	20	153/2	153/2	0.5	1/8	1/8	Chord	6/8	2	1	1/8		1/8	1	249		articStaccatoBelow						
20	20	78	78	0.5	1/2	1/2	Chord	6/8	2	1	1/8		1/8	1	250		articStaccatoBelow						
21	21	79	79	1.0	0	0	Chord	6/8	1	1	1/4		1/4	1	251								
21	21	80	80	0.5	1/4	1/4	Chord	6/8	1	1	1/8		1/8	1	252								
21	21	161/2	161/2	1.0	3/8	3/8	Chord	6/8	1	1	1/4		1/4	1	253								
21	21	163/2	163/2	0.5	5/8	5/8	Chord	6/8	1	1	1/8		1/8	1	254				45				
21	21	159/2	159/2	0.5	1/8	1/8	Chord	6/8	1	2	1/8		1/8	1	255		articStaccatoBelow		46				
21	21	80	80	0.5	1/4	1/4	Chord	6/8	1	2	1/8		1/8	1	256		articStaccatoBelow						
21	21	161/2	161/2	1.0	3/8	3/8	Chord	6/8	1	2	1/4		1/4	1	257								
21	21	159/2	159/2	0.5	1/8	1/8	Chord	6/8	2	1	1/8		1/8	1	258		articStaccatoBelow		47				
21	21	80	80	0.5	1/4	1/4	Chord	6/8	2	1	1/8		1/8	1	259		articStaccatoBelow						
21	21	161/2	161/2	1.0	3/8	3/8	Chord	6/8	2	1	1/4		1/4	1	260								
22	22	82	82	1.0	0	0	Chord	6/8	1	1	1/4		1/4	1	261								
22	22	83	83	0.5	1/4	1/4	Chord	6/8	1	1	1/8		1/8	1	262				48				
22	22	167/2	167/2	1.0	3/8	3/8	Chord	6/8	1	1	1/4		1/4	1	263								
22	22	169/2	169/2	0.5	5/8	5/8	Chord	6/8	1	1	1/8		1/8	1	264				49				
22	22	165/2	165/2	0.5	1/8	1/8	Chord	6/8	1	2	1/8		1/8	1	265		articStaccatoBelow						
22	22	84	84	0.5	1/2	1/2	Chord	6/8	1	2	1/8		1/8	1	266		articStaccatoBelow						
22	22	165/2	165/2	0.5	1/8	1/8	Chord	6/8	2	1	1/8		1/8	1	267		articStaccatoBelow						
22	22	84	84	0.5	1/2	1/2	Chord	6/8	2	1	1/8		1/8	1	268		articStaccatoBelow						
23	23	85	85	1.0	0	0	Chord	6/8	1	1	1/4		1/4	1	269				50				
23	23	86	86	0.0	1/4	1/4	Chord	6/8	1	1	0	grace32	1/32	1	270				50				
23	23	86	86	0.0	1/4	1/4	Chord	6/8	1	1	0	grace32	1/32	1	271				50				
23	23	86	86	0.0	1/4	1/4	Chord	6/8	1	1	0	grace32	1/32	1	272				50				
23	23	86	86	0.0	1/4	1/4	Chord	6/8	1	1	0	grace32	1/32	1	273				50				
23	23	86	86	0.375	1/4	1/4	Chord	6/8	1	1	3/32		1/16	3/2	274				50				
23	23	691/8	691/8	0.125	11/32	11/32	Chord	6/8	1	1	1/32		1/32	1	275				50				
23	23	173/2	173/2	1.0	3/8	3/8	Chord	6/8	1	1	1/4		1/4	1	276								
23	23	175/2	175/2	0.5	5/8	5/8	Chord	6/8	1	1	1/8		1/8	1	277								
23	23	171/2	171/2	0.0	1/8	1/8	Spanner	6/8	1	2	0									1			
23	23	171/2	171/2	0.5	1/8	1/8	Chord	6/8	1	2	1/8		1/8	1	278					1			
23	23	86	86	0.0	1/4	1/4	Spanner	6/8	1	2	0												
23	23	86	86	0.5	1/4	1/4	Chord	6/8	1	2	1/8		1/8	1	279								
23	23	173/2	173/2	1.0	3/8	3/8	Chord	6/8	1	2	1/4		1/4	1	280								
23	23	171/2	171/2	0.5	1/8	1/8	Chord	6/8	2	1	1/8		1/8	1	281								
23	23	86	86	0.5	1/4	1/4	Chord	6/8	2	1	1/8		1/8	1	282								
23	23	173/2	173/2	1.0	3/8	3/8	Chord	6/8	2	1	1/4		1/4	1	283								
24	24	88	88	0.0	0	0	StaffText	6/8	1	1	0							"<font size=""12""/>dolciss."					
24	24	88	88	0.5	0	0	Chord	6/8	1	1	1/8		1/8	1	284		articStaccatoAbove		51				
24	24	177/2	177/2	0.5	1/8	1/8	Chord	6/8	1	1	1/8		1/8	1	285		articStaccatoAbove		51				
24	24	89	89	0.5	1/4	1/4	Chord	6/8	1	1	1/8		1/8	1	286		articStaccatoAbove						
24	24	179/2	179/2	1.0	3/8	3/8	Chord	6/8	1	1	1/4		1/4	1	287								
24	24	359/4	359/4	0.0	7/16	7/16	Spanner	6/8	1	1	0									2			
24	24	181/2	181/2	0.5	5/8	5/8	Chord	6/8	1	1	1/8		1/8	1	288				52	2			
24	24	88	88	0.25	0	0	Chord	6/8	1	2	1/16		1/16	1	289					2			
24	24	353/4	353/4	0.25	1/16	1/16	Chord	6/8	1	2	1/16		1/16	1	290					2			
24	24	177/2	177/2	0.25	1/8	1/8	Chord	6/8	1	2	1/16		1/16	1	291					2			
24	24	355/4	355/4	0.25	3/16	3/16	Chord	6/8	1	2	1/16		1/16	1	292					2			
24	24	89	89	0.25	1/4	1/4	Chord	6/8	1	2	1/16		1/16	1	293					2			
24	24	357/4	357/4	0.25	5/16	5/16	Chord	6/8	1	2	1/16		1/16	1	294					2			
24	24	179/2	179/2	0.25	3/8	3/8	Chord	6/8	1	2	1/16		1/16	1	295					2			
24	24	359/4	359/4	0.25	7/16	7/16	Chord	6/8	1	2	1/16		1/16	1	296					2			
24	24	90	90	0.25	1/2	1/2	Chord	6/8	1	2	1/16		1/16	1	297					2			
24	24	361/4	361/4	0.25	9/16	9/16	Chord	6/8	1	2	1/16		1/16	1	298					2			
24	24	181/2	181/2	0.25	5/8	5/8	Chord	6/8	1	2	1/16		1/16	1	299					2			
24	24	363/4	363/4	0.25	11/16	11/16	Chord	6/8	1	2	1/16		1/16	1	300					2			
24	24	88	88	1.5	0	0	Chord	6/8	2	1	3/8		1/4	3/2	301								
24	24	179/2	179/2	1.5	3/8	3/8	Chord	6/8	2	1	3/8		1/4	3/2	302								
25	25	91	91	0.5	0	0	Chord	6/8	1	1	1/8		1/8	1	303				52	2			
25	25	365/4	365/4	0.0	1/16	1/16	Spanner	6/8	1	1	0								52				
25	25	183/2	183/2	0.75	1/8	1/8	Chord	6/8	1	1	3/16		1/8	3/2	304				52				
25	25	369/4	369/4	0.25	5/16	5/16	Chord	6/8	1	1	1/16		1/16	1	305								
25	25	185/2	185/2	1.0	3/8	3/8	Chord	6/8	1	1	1/4		1/4	1	306								
25	25	187/2	187/2	0.5	5/8	5/8	Chord	6/8	1	1	1/8		1/8	1	307								
25	25	91	91	0.25	0	0	Chord	6/8	1	2	1/16		1/16	1	308								
25	25	365/4	365/4	0.25	1/16	1/16	Chord	6/8	1	2	1/16		1/16	1	309								
25	25	183/2	183/2	0.25	1/8	1/8	Chord	6/8	1	2	1/16		1/16	1	310								
25	25	367/4	367/4	0.25	3/16	3/16	Chord	6/8	1	2	1/16		1/16	1	311								
25	25	92	92	0.25	1/4	1/4	Chord	6/8	1	2	1/16		1/16	1	312								
25	25	369/4	369/4	0.25	5/16	5/16	Chord	6/8	1	2	1/16		1/16	1	313								
25	25	185/2	185/2	0.25	3/8	3/8	Chord	6/8	1	2	1/16		1/16	1	314								
25	25	371/4	371/4	0.25	7/16	7/16	Chord	6/8	1	2	1/16		1/16	1	315								
25	25	93	93	0.25	1/2	1/2	Chord	6/8	1	2	1/16		1/16	1	316								
25	25	373/4	373/4	0.25	9/16	9/16	Chord	6/8	1	2	1/16		1/16	1	317								
25	25	91	91	0.5	0	0	Chord	6/8	2	1	1/8		1/8	1	318								
25	25	183/2	183/2	0.75	1/8	1/8	Chord	6/8	2	1	3/16		1/8	3/2	319								
25	25	369/4	369/4	0.25	5/16	5/16	Chord	6/8	2	1	1/16		1/16	1	320								
25	25	185/2	185/2	1.0	3/8	3/8	Chord	6/8	2	1	1/4		1/4	1	321								
25	25	91	91	1.5	0	0	Chord	6/8	2	2	3/8		1/4	3/2	322								
25	25	185/2	185/2	1.0	3/8	3/8	Chord	6/8	2	2	1/4		1/4	1	323								
26	26	94	94	0.75	0	0	Chord	6/8	1	1	3/16		1/8	3/2	324		articAccentAbove		53				
26	26	379/4	379/4	0.25	3/16	3/16	Chord	6/8	1	1	1/16		1/16	1	325				53				
26	26	95	95	0.5	1/4	1/4	Chord	6/8	1	1	1/8		1/8	1	326								
26	26	191/2	191/2	1.0	3/8	3/8	Chord	6/8	1	1	1/4		1/4	1	327								
26	26	193/2	193/2	0.5	5/8	5/8	Chord	6/8	1	1	1/8		1/8	1	328								
26	26	377/4	377/4	0.25	1/16	1/16	Chord	6/8	1	2	1/16		1/16	1	329		articStaccatoBelow		54				
26	26	189/2	189/2	0.25	1/8	1/8	Chord	6/8	1	2	1/16		1/16	1	330		articStaccatoBelow		54				
26	26	379/4	379/4	0.25	3/16	3/16	Chord	6/8	1	2	1/16		1/16	1	331		articStaccatoBelow						
26	26	383/4	383/4	0.25	7/16	7/16	Chord	6/8	1	2	1/16		1/16	1	332		articStaccatoBelow		55				
26	26	96	96	0.25	1/2	1/2	Chord	6/8	1	2	1/16		1/16	1	333		articStaccatoBelow		55				
26	26	385/4	385/4	0.25	9/16	9/16	Chord	6/8	1	2	1/16		1/16	1	334		articStaccatoBelow						
26	26	377/4	377/4	0.25	1/16	1/16	Chord	6/8	2	1	1/16		1/16	1	335		articStaccatoAbove		56				
26	26	189/2	189/2	0.25	1/8	1/8	Chord	6/8	2	1	1/16		1/16	1	336		articStaccatoAbove		56				
26	26	379/4	379/4	0.25	3/16	3/16	Chord	6/8	2	1	1/16		1/16	1	337		articStaccatoAbove						
26	26	383/4	383/4	0.25	7/16	7/16	Chord	6/8	2	1	1/16		1/16	1	338		articStaccatoAbove		57				
26	26	96	96	0.25	1/2	1/2	Chord	6/8	2	1	1/16		1/16	1	339		articStaccatoAbove		57				
26	26	385/4	385/4	0.25	9/16	9/16	Chord	6/8	2	1	1/16		1/16	1	340		articStaccatoAbove						
27	27	97	97	0.5	0	0	Chord	4/4	1	1	1/8		1/8	1	341				58				
27	27	195/2	195/2	0.0	1/8	1/8	Chord	4/4	1	1	0	acciaccatura	1/8	1	342				58				
27	27	195/2	195/2	0.75	1/8	1/8	Chord	4/4	1	1	3/16		1/8	3/2	343				58				
27	27	393/4	393/4	0.25	5/16	5/16	Chord	4/4	1	1	1/16		1/16	1	344								
27	27	197/2	197/2	1.5	3/8	3/8	Chord	4/4	1	1	3/8		1/4	3/2	345								
27	27	389/4	389/4	0.0	1/16	1/16	Spanner	4/4	1	2	0									3			
27	27	389/4	389/4	0.25	1/16	1/16	Chord	4/4	1	2	1/16		1/16	1	346					3			
27	27	391/4	391/4	0.25	3/16	3/16	Chord	4/4	1	2	1/16		1/16	1	347					3			
27	27	393/4	393/4	0.25	5/16	5/16	Chord	4/4	1	2	1/16		1/16	1	348					3			
27	27	197/2	197/2	0.0	3/8	3/8	Spanner	4/4	1	2	0												
27	27	389/4	389/4	0.25	1/16	1/16	Chord	4/4	2	1	1/16		1/16	1	349								
27	27	391/4	391/4	0.25	3/16	3/16	Chord	4/4	2	1	1/16		1/16	1	350								
27	27	393/4	393/4	0.25	5/16	5/16	Chord	4/4	2	1	1/16		1/16	1	351								
27	27	197/2	197/2	1.5	3/8	3/8	Chord	4/4	2	1	3/8		1/4	3/2	352								
28	28	101	101	0.0	0	0	Dynamic	4/4	1	1	0					f							
28	28	101	101	0.0	0	0	StaffText	4/4	1	1	0							Lento					
28	28	101	101	1.0	0	0	Chord	4/4	1	1	1/4		1/4	1	353				59				
28	28	102	102	0.5	1/4	1/4	Chord	4/4	1	1	1/8		1/8	1	354				59				
28	28	205/2	205/2	0.5	3/8	3/8	Chord	4/4	1	1	1/8		1/8	1	355				59				
28	28	103	103	2.0	1/2	1/2	Chord	4/4	1	1	1/2		1/2	1	356				59				
29	29	105	105	1.0	0	0	Chord	4/4	1	1	1/4		1/4	1	357				59				
29	29	106	106	0.5	1/4	1/4	Chord	4/4	1	1	1/8		1/8	1	358				59				
29	29	213/2	213/2	0.5	3/8	3/8	Chord	4/4	1	1	1/8		1/8	1	359				59				
29	29	107	107	2.0	1/2	1/2	Chord	4/4	1	1	1/2		1/2	1	360				59				
30	30	109	109	2.0	0	0	Chord	4/4	1	1	1/2		1/2	1	361								
30	30	111	111	0.0	1/2	1/2	Dynamic	4/4	2	1	0					p							
30	30	111	111	1.0	1/2	1/2	Chord	4/4	2	1	1/4		1/4	1	362				60				
30	30	112	112	0.5	3/4	3/4	Chord	4/4	2	1	1/8		1/8	1	363				60				
30	30	225/2	225/2	0.5	7/8	7/8	Chord	4/4	2	1	1/8		1/8	1	364				60				
31	31	113	113	2.0	0	0	Chord	4/4	2	1	1/2		1/2	1	365				60				
31	31	115	115	1.0	1/2	1/2	Chord	4/4	2	1	1/4		1/4	1	366				60				
31	31	116	116	0.5	3/4	3/4	Chord	4/4	2	1	1/8		1/8	1	367				60				
31	31	233/2	233/2	0.5	7/8	7/8	Chord	4/4	2	1	1/8		1/8	1	368				60				
32	32	117	117	2.0	0	0	Chord	4/4	2	1	1/2		1/2	1	369				60				
32	32	119	119	1.5	1/2	1/2	Chord	4/4	2	1	3/8		1/4	3/2	370								
33	33	121	121	0.0	0	0	StaffText	4/4	1	1	0							"<font size=""12""/>accel."					
33	33	121	121	0.0	0	0	Dynamic	4/4	1	1	0					p							
33	33	121	121	0.25	0	0	Chord	4/4	1	1	1/16		1/16	1	371				61				
33	33	485/4	485/4	0.25	1/16	1/16	Chord	4/4	1	1	1/16		1/16	1	372				61				
33	33	243/2	243/2	0.5	1/8	1/8	Chord	4/4	1	1	1/8		1/8	1	373								
33	33	122	122	0.25	1/4	1/4	Chord	4/4	1	1	1/16		1/16	1	374				62				
33	33	489/4	489/4	0.25	5/16	5/16	Chord	4/4	1	1	1/16		1/16	1	375				62				
33	33	245/2	245/2	0.5	3/8	3/8	Chord	4/4	1	1	1/8		1/8	1	376								
33	33	123	123	0.0	1/2	1/2	Spanner	4/4	1	1	0									4			
33	33	123	123	0.25	1/2	1/2	Chord	4/4	1	1	1/16		1/16	1	377				63	4			
33	33	493/4	493/4	0.25	9/16	9/16	Chord	4/4	1	1	1/16		1/16	1	378				63	4			
33	33	247/2	247/2	0.5	5/8	5/8	Chord	4/4	1	1	1/8		1/8	1	379					4			
33	33	124	124	0.25	3/4	3/4	Chord	4/4	1	1	1/16		1/16	1	380				64	4			
33	33	497/4	497/4	0.25	13/16	13/16	Chord	4/4	1	1	1/16		1/16	1	381				64	4			
33	33	249/2	249/2	0.5	7/8	7/8	Chord	4/4	1	1	1/8		1/8	1	382					4			
33	33	121	121	0.5	0	0	Chord	4/4	2	1	1/8		1/8	1	383				65				
33	33	243/2	243/2	0.25	1/8	1/8	Chord	4/4	2	1	1/16		1/16	1	384				65				
33	33	487/4	487/4	0.25	3/16	3/16	Chord	4/4	2	1	1/16		1/16	1	385								
33	33	122	122	0.5	1/4	1/4	Chord	4/4	2	1	1/8		1/8	1	386				66				
33	33	245/2	245/2	0.25	3/8	3/8	Chord	4/4	2	1	1/16		1/16	1	387				66				
33	33	491/4	491/4	0.25	7/16	7/16	Chord	4/4	2	1	1/16		1/16	1	388								
33	33	123	123	0.5	1/2	1/2	Chord	4/4	2	1	1/8		1/8	1	389				67				
33	33	247/2	247/2	0.25	5/8	5/8	Chord	4/4	2	1	1/16		1/16	1	390				67				
33	33	495/4	495/4	0.25	11/16	11/16	Chord	4/4	2	1	1/16		1/16	1	391								
33	33	124	124	0.5	3/4	3/4	Chord	4/4	2	1	1/8		1/8	1	392				68				
33	33	249/2	249/2	0.25	7/8	7/8	Chord	4/4	2	1	1/16		1/16	1	393				68				
33	33	499/4	499/4	0.25	15/16	15/16	Chord	4/4	2	1	1/16		1/16	1	394								
34	34	125	125	0.25	0	0	Chord	4/4	1	1	1/16		1/16	1	395				69	4			
34	34	501/4	501/4	0.25	1/16	1/16	Chord	4/4	1	1	1/16		1/16	1	396				69	4			
34	34	251/2	251/2	0.5	1/8	1/8	Chord	4/4	1	1	1/8		1/8	1	397					4			
34	34	126	126	0.25	1/4	1/4	Chord	4/4	1	1	1/16		1/16	1	398				70	4			
34	34	505/4	505/4	0.25	5/16	5/16	Chord	4/4	1	1	1/16		1/16	1	399				70	4			
34	34	253/2	253/2	0.5	3/8	3/8	Chord	4/4	1	1	1/8		1/8	1	400					4			
34	34	127	127	0.0	1/2	1/2	Spanner	4/4	1	1	0												
34	34	127	127	1.0	1/2	1/2	Chord	4/4	1	1	1/4		1/4	1	401				71				
34	34	128	128	0.5	3/4	3/4	Chord	4/4	1	1	1/8		1/8	1	402		articStaccatoAbove						
34	34	125	125	0.5	0	0	Chord	4/4	2	1	1/8		1/8	1	403				72				
34	34	251/2	251/2	0.25	1/8	1/8	Chord	4/4	2	1	1/16		1/16	1	404				72				
34	34	503/4	503/4	0.25	3/16	3/16	Chord	4/4	2	1	1/16		1/16	1	405								
34	34	126	126	0.5	1/4	1/4	Chord	4/4	2	1	1/8		1/8	1	406				73				
34	34	253/2	253/2	0.25	3/8	3/8	Chord	4/4	2	1	1/16		1/16	1	407				73				
34	34	507/4	507/4	0.25	7/16	7/16	Chord	4/4	2	1	1/16		1/16	1	408								
34	34	127	127	1.0	1/2	1/2	Chord	4/4	2	1	1/4		1/4	1	409								
35	35	129	129	0.0	0	0	Spanner	4/4	1	1	0											3	
35	35	129	129	0.3333333333333333	0	0	Chord	4/4	1	1	1/12		1/8	2/3	410				74			3	
35	35	388/3	388/3	0.3333333333333333	1/12	1/12	Chord	4/4	1	1	1/12		1/8	2/3	411				74			3	
35	35	389/3	389/3	0.3333333333333333	1/6	1/6	Chord	4/4	1	1	1/12		1/8	2/3	412							3	
35	35	130	130	0.3333333333333333	1/4	1/4	Chord	4/4	1	1	1/12		1/8	2/3	413				75			3	
35	35	391/3	391/3	0.3333333333333333	1/3	1/3	Chord	4/4	1	1	1/12		1/8	2/3	414				75			3	
35	35	392/3	392/3	0.3333333333333333	5/12	5/12	Chord	4/4	1	1	1/12		1/8	2/3	415							3	
35	35	131	131	0.3333333333333333	1/2	1/2	Chord	4/4	1	1	1/12		1/8	2/3	416				76			3	
35	35	394/3	394/3	0.3333333333333333	7/12	7/12	Chord	4/4	1	1	1/12		1/8	2/3	417				76			3	
35	35	395/3	395/3	0.3333333333333333	2/3	2/3	Chord	4/4	1	1	1/12		1/8	2/3	418							3	
35	35	132	132	0.0	3/4	3/4	StaffText	4/4	1	1	0							rall.					
35	35	132	132	0.0	3/4	3/4	Spanner	4/4	1	1	0												
35	35	132	132	0.6666666666666666	3/4	3/4	Chord	4/4	1	1	1/6		1/4	2/3	419		articTenutoBelow		77				
35	35	398/3	398/3	0.3333333333333333	11/12	11/12	Chord	4/4	1	1	1/12		1/8	2/3	420		articStaccatoAbove						
35	35	129	129	0.6666666666666666	0	0	Chord	4/4	2	1	1/6		1/4	2/3	421								
35	35	389/3	389/3	0.3333333333333333	1/6	1/6	Chord	4/4	2	1	1/12		1/8	2/3	422								
35	35	130	130	0.6666666666666666	1/4	1/4	Chord	4/4	2	1	1/6		1/4	2/3	423								
35	35	392/3	392/3	0.3333333333333333	5/12	5/12	Chord	4/4	2	1	1/12		1/8	2/3	424								
35	35	131	131	1.0	1/2	1/2	Chord	4/4	2	1	1/4		1/4	1	425								
35	35	132	132	1.0	3/4	3/4	Chord	4/4	2	1	1/4		1/4	1	426								
35	35	129	129	3.0	0	0	Chord	4/4	2	2	3/4		1/2	3/2	427								
36	36	133	133	0.3333333333333333	0	0	Chord	4/4	1	1	1/12		1/8	2/3	428				78				
36	36	400/3	400/3	0.3333333333333333	1/12	1/12	Chord	4/4	1	1	1/12		1/8	2/3	429				78				
36	36	401/3	401/3	0.3333333333333333	1/6	1/6	Chord	4/4	1	1	1/12		1/8	2/3	430								
36	36	134	134	0.3333333333333333	1/4	1/4	Chord	4/4	1	1	1/12		1/8	2/3	431				79				
36	36	403/3	403/3	0.3333333333333333	1/3	1/3	Chord	4/4	1	1	1/12		1/8	2/3	432				79				
36	36	404/3	404/3	0.3333333333333333	5/12	5/12	Chord	4/4	1	1	1/12		1/8	2/3	433								
36	36	135	135	0.3333333333333333	1/2	1/2	Chord	4/4	1	1	1/12		1/8	2/3	434				80				
36	36	406/3	406/3	0.3333333333333333	7/12	7/12	Chord	4/4	1	1	1/12		1/8	2/3	435				80				
36	36	407/3	407/3	0.3333333333333333	2/3	2/3	Chord	4/4	1	1	1/12		1/8	2/3	436								
36	36	136	136	0.0	3/4	3/4	StaffText	4/4	1	1	0							rall.					
36	36	136	136	0.6666666666666666	3/4	3/4	Chord	4/4	1	1	1/6		1/4	2/3	437		articTenutoBelow		81				
36	36	410/3	410/3	0.3333333333333333	11/12	11/12	Chord	4/4	1	1	1/12		1/8	2/3	438		articStaccatoAbove						
36	36	133	133	0.6666666666666666	0	0	Chord	4/4	2	1	1/6		1/4	2/3	439								
36	36	401/3	401/3	0.3333333333333333	1/6	1/6	Chord	4/4	2	1	1/12		1/8	2/3	440								
36	36	134	134	0.6666666666666666	1/4	1/4	Chord	4/4	2	1	1/6		1/4	2/3	441								
36	36	404/3	404/3	0.3333333333333333	5/12	5/12	Chord	4/4	2	1	1/12		1/8	2/3	442								
36	36	135	135	1.0	1/2	1/2	Chord	4/4	2	1	1/4		1/4	1	443								
36	36	136	136	1.0	3/4	3/4	Chord	4/4	2	1	1/4		1/4	1	444								
36	36	133	133	3.0	0	0	Chord	4/4	2	2	3/4		1/2	3/2	445								
37	37	137	137	0.6666666666666666	0	0	Chord	4/4	1	1	1/6		1/4	2/3	446		articTenutoBelow		82				
37	37	413/3	413/3	0.3333333333333333	1/6	1/6	Chord	4/4	1	1	1/12		1/8	2/3	447		articStaccatoAbove						
37	37	138	138	0.6666666666666666	1/4	1/4	Chord	4/4	1	1	1/6		1/4	2/3	448		articTenutoAbove		83				
37	37	416/3	416/3	0.3333333333333333	5/12	5/12	Chord	4/4	1	1	1/12		1/8	2/3	449		articStaccatoAbove						
37	37	139	139	0.6666666666666666	1/2	1/2	Chord	4/4	1	1	1/6		1/4	2/3	450		articTenutoBelow		84				
37	37	419/3	419/3	0.3333333333333333	2/3	2/3	Chord	4/4	1	1	1/12		1/8	2/3	451		articStaccatoAbove						
37	37	140	140	0.6666666666666666	3/4	3/4	Chord	4/4	1	1	1/6		1/4	2/3	452		articTenutoBelow		85				
37	37	422/3	422/3	0.3333333333333333	11/12	11/12	Chord	4/4	1	1	1/12		1/8	2/3	453		articStaccatoAbove						
37	37	137	137	1.0	0	0	Chord	4/4	2	1	1/4		1/4	1	454								
37	37	138	138	1.0	1/4	1/4	Chord	4/4	2	1	1/4		1/4	1	455								
37	37	139	139	1.0	1/2	1/2	Chord	4/4	2	1	1/4		1/4	1	456								
37	37	140	140	1.0	3/4	3/4	Chord	4/4	2	1	1/4		1/4	1	457								
38	38	141	141	0.6666666666666666	0	0	Chord	4/4	1	1	1/6		1/4	2/3	458		articTenutoBelow		86				
38	38	425/3	425/3	0.3333333333333333	1/6	1/6	Chord	4/4	1	1	1/12		1/8	2/3	459		articStaccatoAbove						
38	38	142	142	0.0	1/4	1/4	StaffText	4/4	1	1	0							accel.					
38	38	142	142	0.6666666666666666	1/4	1/4	Chord	4/4	1	1	1/6		1/4	2/3	460		articTenutoAbove		87				
38	38	428/3	428/3	0.3333333333333333	5/12	5/12	Chord	4/4	1	1	1/12		1/8	2/3	461		articStaccatoAbove						
38	38	143	143	0.6666666666666666	1/2	1/2	Chord	4/4	1	1	1/6		1/4	2/3	462		articTenutoBelow		88				
38	38	431/3	431/3	0.3333333333333333	2/3	2/3	Chord	4/4	1	1	1/12		1/8	2/3	463		articStaccatoAbove						
38	38	144	144	0.6666666666666666	3/4	3/4	Chord	4/4	1	1	1/6		1/4	2/3	464		articTenutoBelow		89				
38	38	434/3	434/3	0.3333333333333333	11/12	11/12	Chord	4/4	1	1	1/12		1/8	2/3	465		articStaccatoAbove						
38	38	141	141	1.0	0	0	Chord	4/4	2	1	1/4		1/4	1	466								
38	38	142	142	1.0	1/4	1/4	Chord	4/4	2	1	1/4		1/4	1	467								
38	38	143	143	1.0	1/2	1/2	Chord	4/4	2	1	1/4		1/4	1	468								
38	38	144	144	1.0	3/4	3/4	Chord	4/4	2	1	1/4		1/4	1	469								
39	39	145	145	0.0	0	0	StaffText	4/4	1	1	0							Andantino					
39	39	145	145	0.5	0	0	Chord	4/4	1	1	1/8		1/8	1	470		articStaccatoAbove		90				
39	39	291/2	291/2	0.5	1/8	1/8	Chord	4/4	1	1	1/8		1/8	1	471		articStaccatoAbove		90				
39	39	146	146	0.5	1/4	1/4	Chord	4/4	1	1	1/8		1/8	1	472		articStaccatoAbove		90				
39	39	293/2	293/2	0.5	3/8	3/8	Chord	4/4	1	1	1/8		1/8	1	473		articStaccatoAbove		90				
39	39	147	147	0.5	1/2	1/2	Chord	4/4	1	1	1/8		1/8	1	474		articStaccatoAbove		90				
39	39	295/2	295/2	0.5	5/8	5/8	Chord	4/4	1	1	1/8		1/8	1	475		articStaccatoAbove		90				
39	39	148	148	0.5	3/4	3/4	Chord	4/4	1	1	1/8		1/8	1	476		articStaccatoAbove		90				
39	39	297/2	297/2	0.5	7/8	7/8	Chord	4/4	1	1	1/8		1/8	1	477		articStaccatoAbove						
39	39	145	145	0.5	0	0	Chord	4/4	2	1	1/8		1/8	1	478		articStaccatoAbove		91				
39	39	291/2	291/2	0.5	1/8	1/8	Chord	4/4	2	1	1/8		1/8	1	479		articStaccatoAbove		91				
39	39	146	146	0.5	1/4	1/4	Chord	4/4	2	1	1/8		1/8	1	480		articStaccatoAbove		91				
39	39	293/2	293/2	0.5	3/8	3/8	Chord	4/4	2	1	1/8		1/8	1	481		articStaccatoAbove		91				
39	39	147	147	0.5	1/2	1/2	Chord	4/4	2	1	1/8		1/8	1	482		articStaccatoAbove		91				
39	39	295/2	295/2	0.5	5/8	5/8	Chord	4/4	2	1	1/8		1/8	1	483		articStaccatoAbove		91				
39	39	148	148	0.5	3/4	3/4	Chord	4/4	2	1	1/8		1/8	1	484		articStaccatoAbove		91				
39	39	297/2	297/2	0.5	7/8	7/8	Chord	4/4	2	1	1/8		1/8	1	485		articStaccatoAbove						
40	40	149	149	0.0	0	0	StaffText	4/4	1	1	0							cresc.					
40	40	149	149	0.5	0	0	Chord	4/4	1	1	1/8		1/8	1	486		articStaccatoAbove		92				
40	40	299/2	299/2	0.5	1/8	1/8	Chord	4/4	1	1	1/8		1/8	1	487		articStaccatoAbove		92				
40	40	150	150	0.5	1/4	1/4	Chord	4/4	1	1	1/8		1/8	1	488		articStaccatoAbove		92				
40	40	301/2	301/2	0.5	3/8	3/8	Chord	4/4	1	1	1/8		1/8	1	489		articStaccatoAbove		92				
40	40	151	151	0.5	1/2	1/2	Chord	4/4	1	1	1/8		1/8	1	490		articStaccatoAbove		92				
40	40	303/2	303/2	0.5	5/8	5/8	Chord	4/4	1	1	1/8		1/8	1	491		articStaccatoAbove		92				
40	40	152	152	0.5	3/4	3/4	Chord	4/4	1	1	1/8		1/8	1	492		articStaccatoAbove		92				
40	40	305/2	305/2	0.5	7/8	7/8	Chord	4/4	1	1	1/8		1/8	1	493		articStaccatoAbove						
40	40	149	149	0.5	0	0	Chord	4/4	2	1	1/8		1/8	1	494		articStaccatoAbove		93				
40	40	299/2	299/2	0.5	1/8	1/8	Chord	4/4	2	1	1/8		1/8	1	495		articStaccatoAbove		93				
40	40	150	150	0.5	1/4	1/4	Chord	4/4	2	1	1/8		1/8	1	496		articStaccatoAbove		93				
40	40	301/2	301/2	0.5	3/8	3/8	Chord	4/4	2	1	1/8		1/8	1	497		articStaccatoAbove		93				
40	40	151	151	0.5	1/2	1/2	Chord	4/4	2	1	1/8		1/8	1	498		articStaccatoAbove		93				
40	40	303/2	303/2	0.5	5/8	5/8	Chord	4/4	2	1	1/8		1/8	1	499		articStaccatoAbove		93				
40	40	152	152	0.5	3/4	3/4	Chord	4/4	2	1	1/8		1/8	1	500		articStaccatoAbove		93				
40	40	305/2	305/2	0.5	7/8	7/8	Chord	4/4	2	1	1/8		1/8	1	501		articStaccatoAbove						
41	41	153	153	1.5	0	0	Chord	4/4	1	1	3/8		1/4	3/2	502								
41	41	309/2	309/2	0.0	3/8	3/8	StaffText	4/4	1	1	0							"<font size=""12""/>rinforz."					
41	41	309/2	309/2	0.5	3/8	3/8	Chord	4/4	1	1	1/8		1/8	1	503				94				
41	41	155	155	1.0	1/2	1/2	Chord	4/4	1	1	1/4		1/4	1	504				94				
41	41	156	156	1.0	3/4	3/4	Chord	4/4	1	1	1/4		1/4	1	505				94				
41	41	153	153	1.5	0	0	Chord	4/4	2	1	3/8		1/4	3/2	506								
41	41	309/2	309/2	0.5	3/8	3/8	Chord	4/4	2	1	1/8		1/8	1	507				95				
41	41	155	155	1.0	1/2	1/2	Chord	4/4	2	1	1/4		1/4	1	508				95				
41	41	156	156	1.0	3/4	3/4	Chord	4/4	2	1	1/4		1/4	1	509				95				
42	42	157	157	1.5	0	0	Chord	4/4	1	1	3/8		1/4	3/2	510								
42	42	317/2	317/2	0.5	3/8	3/8	Chord	4/4	1	1	1/8		1/8	1	511				96				
42	42	159	159	1.0	1/2	1/2	Chord	4/4	1	1	1/4		1/4	1	512				96				
42	42	160	160	1.0	3/4	3/4	Chord	4/4	1	1	1/4		1/4	1	513								
42	42	157	157	1.5	0	0	Chord	4/4	2	1	3/8		1/4	3/2	514								
42	42	317/2	317/2	0.5	3/8	3/8	Chord	4/4	2	1	1/8		1/8	1	515				97				
42	42	159	159	1.0	1/2	1/2	Chord	4/4	2	1	1/4		1/4	1	516				97				
42	42	160	160	1.0	3/4	3/4	Chord	4/4	2	1	1/4		1/4	1	517								
43	43	161	161	0.0	0	0	Spanner	4/4	1	1	0											4	
43	43	161	161	0.25	0	0	Chord	4/4	1	1	1/16		1/16	1	518							4	
43	43	645/4	645/4	0.25	1/16	1/16	Chord	4/4	1	1	1/16		1/16	1	519							4	
43	43	323/2	323/2	0.5	1/8	1/8	Chord	4/4	1	1	1/8		1/8	1	520							4	
43	43	162	162	0.25	1/4	1/4	Chord	4/4	1	1	1/16		1/16	1	521							4	
43	43	649/4	649/4	0.25	5/16	5/16	Chord	4/4	1	1	1/16		1/16	1	522							4	
43	43	325/2	325/2	0.5	3/8	3/8	Chord	4/4	1	1	1/8		1/8	1	523							4	
43	43	163	163	0.25	1/2	1/2	Chord	4/4	1	1	1/16		1/16	1	524							4	
43	43	653/4	653/4	0.25	9/16	9/16	Chord	4/4	1	1	1/16		1/16	1	525							4	
43	43	327/2	327/2	0.5	5/8	5/8	Chord	4/4	1	1	1/8		1/8	1	526							4	
43	43	164	164	0.0	3/4	3/4	Spanner	4/4	1	1	0												
43	43	164	164	0.25	3/4	3/4	Chord	4/4	1	1	1/16		1/16	1	527								
43	43	657/4	657/4	0.25	13/16	13/16	Chord	4/4	1	1	1/16		1/16	1	528								
43	43	329/2	329/2	0.5	7/8	7/8	Chord	4/4	1	1	1/8		1/8	1	529								
43	43	161	161	0.25	0	0	Chord	4/4	2	1	1/16		1/16	1	530								
43	43	645/4	645/4	0.25	1/16	1/16	Chord	4/4	2	1	1/16		1/16	1	531								
43	43	323/2	323/2	0.5	1/8	1/8	Chord	4/4	2	1	1/8		1/8	1	532								
43	43	162	162	0.25	1/4	1/4	Chord	4/4	2	1	1/16		1/16	1	533								
43	43	649/4	649/4	0.25	5/16	5/16	Chord	4/4	2	1	1/16		1/16	1	534								
43	43	325/2	325/2	0.5	3/8	3/8	Chord	4/4	2	1	1/8		1/8	1	535								
43	43	163	163	0.25	1/2	1/2	Chord	4/4	2	1	1/16		1/16	1	536								
43	43	653/4	653/4	0.25	9/16	9/16	Chord	4/4	2	1	1/16		1/16	1	537								
43	43	327/2	327/2	0.5	5/8	5/8	Chord	4/4	2	1	1/8		1/8	1	538								
43	43	164	164	0.25	3/4	3/4	Chord	4/4	2	1	1/16		1/16	1	539								
43	43	657/4	657/4	0.25	13/16	13/16	Chord	4/4	2	1	1/16		1/16	1	540								
43	43	329/2	329/2	0.5	7/8	7/8	Chord	4/4	2	1	1/8		1/8	1	541								
44	44	165	165	0.0	0	0	StaffText	4/4	1	1	0							"<font size=""12""/><i>dim.</i>"					
44	44	165	165	2.0	0	0	Chord	4/4	1	1	1/2		1/2	1	542								
44	44	167	167	2.0	1/2	1/2	Chord	4/4	1	1	1/2		1/2	1	543								
44	44	165	165	0.25	0	0	Chord	4/4	1	2	1/16		1/16	1	544								
44	44	661/4	661/4	0.25	1/16	1/16	Chord	4/4	1	2	1/16		1/16	1	545								
44	44	331/2	331/2	0.5	1/8	1/8	Chord	4/4	1	2	1/8		1/8	1	546								
44	44	166	166	0.25	1/4	1/4	Chord	4/4	1	2	1/16		1/16	1	547								
44	44	665/4	665/4	0.25	5/16	5/16	Chord	4/4	1	2	1/16		1/16	1	548								
44	44	333/2	333/2	0.5	3/8	3/8	Chord	4/4	1	2	1/8		1/8	1	549								
44	44	167	167	0.25	1/2	1/2	Chord	4/4	1	2	1/16		1/16	1	550								
44	44	669/4	669/4	0.25	9/16	9/16	Chord	4/4	1	2	1/16		1/16	1	551								
44	44	335/2	335/2	0.5	5/8	5/8	Chord	4/4	1	2	1/8		1/8	1	552								
44	44	168	168	0.25	3/4	3/4	Chord	4/4	1	2	1/16		1/16	1	553								
44	44	673/4	673/4	0.25	13/16	13/16	Chord	4/4	1	2	1/16		1/16	1	554								
44	44	337/2	337/2	0.5	7/8	7/8	Chord	4/4	1	2	1/8		1/8	1	555								
44	44	165	165	0.25	0	0	Chord	4/4	2	1	1/16		1/16	1	556								
44	44	661/4	661/4	0.25	1/16	1/16	Chord	4/4	2	1	1/16		1/16	1	557								
44	44	331/2	331/2	0.5	1/8	1/8	Chord	4/4	2	1	1/8		1/8	1	558								
44	44	166	166	0.25	1/4	1/4	Chord	4/4	2	1	1/16		1/16	1	559								
44	44	665/4	665/4	0.25	5/16	5/16	Chord	4/4	2	1	1/16		1/16	1	560								
44	44	333/2	333/2	0.5	3/8	3/8	Chord	4/4	2	1	1/8		1/8	1	561								
44	44	167	167	0.25	1/2	1/2	Chord	4/4	2	1	1/16		1/16	1	562								
44	44	669/4	669/4	0.25	9/16	9/16	Chord	4/4	2	1	1/16		1/16	1	563								
44	44	335/2	335/2	0.5	5/8	5/8	Chord	4/4	2	1	1/8		1/8	1	564								
44	44	168	168	0.25	3/4	3/4	Chord	4/4	2	1	1/16		1/16	1	565								
44	44	673/4	673/4	0.25	13/16	13/16	Chord	4/4	2	1	1/16		1/16	1	566								
44	44	337/2	337/2	0.5	7/8	7/8	Chord	4/4	2	1	1/8		1/8	1	567								
45	45	169	169	1.0	0	0	Chord	4/4	1	1	1/4		1/4	1	568								
45	45	170	170	0.25	1/4	1/4	Chord	4/4	1	1	1/16		1/16	1	569				98				
45	45	681/4	681/4	0.25	5/16	5/16	Chord	4/4	1	1	1/16		1/16	1	570				98				
45	45	341/2	341/2	0.25	3/8	3/8	Chord	4/4	1	1	1/16		1/16	1	571				98				
45	45	683/4	683/4	0.25	7/16	7/16	Chord	4/4	1	1	1/16		1/16	1	572				98				
45	45	171	171	0.25	1/2	1/2	Chord	4/4	1	1	1/16		1/16	1	573				98				
45	45	685/4	685/4	0.25	9/16	9/16	Chord	4/4	1	1	1/16		1/16	1	574				98				
45	45	343/2	343/2	0.25	5/8	5/8	Chord	4/4	1	1	1/16		1/16	1	575				98				
45	45	687/4	687/4	0.25	11/16	11/16	Chord	4/4	1	1	1/16		1/16	1	576				98				
45	45	172	172	0.0	3/4	3/4	Spanner	4/4	1	1	0								98				0
45	45	172	172	0.25	3/4	3/4	Chord	4/4	1	1	1/16		1/16	1	577				98				0
45	45	689/4	689/4	0.25	13/16	13/16	Chord	4/4	1	1	1/16		1/16	1	578				98				0
45	45	345/2	345/2	0.25	7/8	7/8	Chord	4/4	1	1	1/16		1/16	1	579				98				0
45	45	691/4	691/4	0.25	15/16	15/16	Chord	4/4	1	1	1/16		1/16	1	580								0
45	45	169	169	0.75	0	0	Chord	4/4	2	1	3/16		1/8	3/2	581				99				
45	45	679/4	679/4	0.25	3/16	3/16	Chord	4/4	2	1	1/16		1/16	1	582				99				
45	45	170	170	0.25	1/4	1/4	Chord	4/4	2	1	1/16		1/16	1	583				99				
45	45	681/4	681/4	0.25	5/16	5/16	Chord	4/4	2	1	1/16		1/16	1	584				99				
45	45	341/2	341/2	0.25	3/8	3/8	Chord	4/4	2	1	1/16		1/16	1	585				99				
45	45	683/4	683/4	0.25	7/16	7/16	Chord	4/4	2	1	1/16		1/16	1	586				99				
45	45	171	171	0.25	1/2	1/2	Chord	4/4	2	1	1/16		1/16	1	587				99				
45	45	685/4	685/4	0.25	9/16	9/16	Chord	4/4	2	1	1/16		1/16	1	588				99				
45	45	343/2	343/2	0.25	5/8	5/8	Chord	4/4	2	1	1/16		1/16	1	589				99				
45	45	687/4	687/4	0.25	11/16	11/16	Chord	4/4	2	1	1/16		1/16	1	590				99				
45	45	172	172	0.25	3/4	3/4	Chord	4/4	2	1	1/16		1/16	1	591				99				
45	45	689/4	689/4	0.25	13/16	13/16	Chord	4/4	2	1	1/16		1/16	1	592				99				
45	45	345/2	345/2	0.25	7/8	7/8	Chord	4/4	2	1	1/16		1/16	1	593				99				
45	45	691/4	691/4	0.25	15/16	15/16	Chord	4/4	2	1	1/16		1/16	1	594								
46	46	173	173	0.0	0	0	Spanner	4/4	1	1	0												
46	46	353/2	353/2	0.0	7/8	7/8	Dynamic	4/4	2	1	0					p							
46	46	353/2	353/2	0.0	7/8	7/8	StaffText	4/4	2	1	0							"<font size=""12""/>il"					
46	46	353/2	353/2	0.5	7/8	7/8	Chord	4/4	2	1	1/8		1/8	1	595				100				
47	47	177	177	0.0	0	0	StaffText	6/8	1	1	0							Adagio dolente					
47	47	355/2	355/2	0.5	1/8	1/8	Chord	6/8	1	1	1/8		1/8	1	596								
47	47	179	179	0.5	1/2	1/2	Chord	6/8	1	1	1/8		1/8	1	597								
47	47	177	177	1.0	0	0	Chord	6/8	1	2	1/4		1/4	1	598								
47	47	178	178	0.5	1/4	1/4	Chord	6/8	1	2	1/8		1/8	1	599				101				
47	47	357/2	357/2	1.0	3/8	3/8	Chord	6/8	1	2	1/4		1/4	1	600								
47	47	359/2	359/2	0.5	5/8	5/8	Chord	6/8	1	2	1/8		1/8	1	601				102				
47	47	177	177	0.0	0	0	StaffText	6/8	2	1	0							"<font size=""12""/>canto espr. assai"					
47	47	355/2	355/2	0.5	1/8	1/8	Chord	6/8	2	1	1/8		1/8	1	602								
47	47	179	179	0.5	1/2	1/2	Chord	6/8	2	1	1/8		1/8	1	603								
48	48	361/2	361/2	0.5	1/8	1/8	Chord	6/8	1	1	1/8		1/8	1	604								
48	48	181	181	0.5	1/4	1/4	Chord	6/8	1	1	1/8		1/8	1	605								
48	48	363/2	363/2	1.0	3/8	3/8	Chord	6/8	1	1	1/4		1/4	1	606								
48	48	180	180	1.0	0	0	Chord	6/8	1	2	1/4		1/4	1	607								
48	48	181	181	0.5	1/4	1/4	Chord	6/8	1	2	1/8		1/8	1	608								
48	48	361/2	361/2	0.5	1/8	1/8	Chord	6/8	2	1	1/8		1/8	1	609								
48	48	181	181	0.5	1/4	1/4	Chord	6/8	2	1	1/8		1/8	1	610								
48	48	363/2	363/2	1.0	3/8	3/8	Chord	6/8	2	1	1/4		1/4	1	611								
48	48	365/2	365/2	0.5	5/8	5/8	Chord	6/8	2	1	1/8		1/8	1	612				103				
48	48	363/2	363/2	1.0	3/8	3/8	Chord	6/8	2	2	1/4		1/4	1	613								
49	49	367/2	367/2	0.5	1/8	1/8	Chord	6/8	1	1	1/8		1/8	1	614								
49	49	185	185	0.5	1/2	1/2	Chord	6/8	1	1	1/8		1/8	1	615								
49	49	183	183	1.0	0	0	Chord	6/8	1	2	1/4		1/4	1	616								
49	49	184	184	0.5	1/4	1/4	Chord	6/8	1	2	1/8		1/8	1	617				104				
49	49	369/2	369/2	1.0	3/8	3/8	Chord	6/8	1	2	1/4		1/4	1	618								
49	49	371/2	371/2	0.5	5/8	5/8	Chord	6/8	1	2	1/8		1/8	1	619				105				
49	49	367/2	367/2	0.5	1/8	1/8	Chord	6/8	2	1	1/8		1/8	1	620								
49	49	185	185	0.5	1/2	1/2	Chord	6/8	2	1	1/8		1/8	1	621								
50	50	186	186	0.0	0	0	Spanner	6/8	1	1	0									5			
50	50	186	186	1.0	0	0	Chord	6/8	1	1	1/4		1/4	1	622				106	5			
50	50	187	187	0.0	1/4	1/4	Spanner	6/8	1	1	0								106				
50	50	187	187	0.0	1/4	1/4	Chord	6/8	1	1	0	grace32	1/32	1	623				106				
50	50	187	187	0.0	1/4	1/4	Chord	6/8	1	1	0	grace32	1/32	1	624				106				
50	50	187	187	0.0	1/4	1/4	Chord	6/8	1	1	0	grace32	1/32	1	625				106				
50	50	187	187	0.0	1/4	1/4	Chord	6/8	1	1	0	grace32	1/32	1	626				106				
50	50	187	187	0.375	1/4	1/4	Chord	6/8	1	1	3/32		1/16	3/2	627				106				
50	50	1499/8	1499/8	0.125	11/32	11/32	Chord	6/8	1	1	1/32		1/32	1	628								
50	50	375/2	375/2	1.0	3/8	3/8	Chord	6/8	1	1	1/4		1/4	1	629								
50	50	377/2	377/2	0.5	5/8	5/8	Chord	6/8	1	1	1/8		1/8	1	630								
50	50	187	187	0.5	1/4	1/4	Chord	6/8	1	2	1/8		1/8	1	631								
50	50	375/2	375/2	1.0	3/8	3/8	Chord	6/8	1	2	1/4		1/4	1	632								
50	50	373/2	373/2	0.5	1/8	1/8	Chord	6/8	2	1	1/8		1/8	1	633				107				
50	50	187	187	0.5	1/4	1/4	Chord	6/8	2	1	1/8		1/8	1	634								
50	50	375/2	375/2	1.0	3/8	3/8	Chord	6/8	2	1	1/4		1/4	1	635								
51	51	189	189	0.0	0	0	StaffText	6/8	1	1	0							"<font size=""12""/>dolcissimo"					
51	51	189	189	0.5	0	0	Chord	6/8	1	1	1/8		1/8	1	636		articStaccatoAbove		108				
51	51	379/2	379/2	0.5	1/8	1/8	Chord	6/8	1	1	1/8		1/8	1	637		articStaccatoAbove		108				
51	51	190	190	0.5	1/4	1/4	Chord	6/8	1	1	1/8		1/8	1	638		articStaccatoAbove						
51	51	381/2	381/2	0.0	3/8	3/8	StaffText	6/8	1	1	0							ritard.					
51	51	381/2	381/2	1.0	3/8	3/8	Chord	6/8	1	1	1/4		1/4	1	639								
51	51	383/2	383/2	0.5	5/8	5/8	Chord	6/8	1	1	1/8		1/8	1	640				109				
51	51	189	189	0.25	0	0	Chord	6/8	1	2	1/16		1/16	1	641								
51	51	757/4	757/4	0.25	1/16	1/16	Chord	6/8	1	2	1/16		1/16	1	642								
51	51	379/2	379/2	0.25	1/8	1/8	Chord	6/8	1	2	1/16		1/16	1	643								
51	51	759/4	759/4	0.25	3/16	3/16	Chord	6/8	1	2	1/16		1/16	1	644								
51	51	190	190	0.25	1/4	1/4	Chord	6/8	1	2	1/16		1/16	1	645								
51	51	761/4	761/4	0.25	5/16	5/16	Chord	6/8	1	2	1/16		1/16	1	646								
51	51	381/2	381/2	0.25	3/8	3/8	Chord	6/8	1	2	1/16		1/16	1	647								
51	51	763/4	763/4	0.25	7/16	7/16	Chord	6/8	1	2	1/16		1/16	1	648								
51	51	191	191	0.25	1/2	1/2	Chord	6/8	1	2	1/16		1/16	1	649								
51	51	765/4	765/4	0.25	9/16	9/16	Chord	6/8	1	2	1/16		1/16	1	650								
51	51	383/2	383/2	0.25	5/8	5/8	Chord	6/8	1	2	1/16		1/16	1	651								
51	51	767/4	767/4	0.25	11/16	11/16	Chord	6/8	1	2	1/16		1/16	1	652								
51	51	189	189	3.0	0	0	Chord	6/8	2	1	3/4		1/2	3/2	653								
52	52	192	192	0.0	0	0	Spanner	6/8	1	1	0								109	6			
52	52	192	192	0.5	0	0	Chord	6/8	1	1	1/8		1/8	1	654				109	6			
52	52	385/2	385/2	0.75	1/8	1/8	Chord	6/8	1	1	3/16		1/8	3/2	655				109	6			
52	52	773/4	773/4	0.25	5/16	5/16	Chord	6/8	1	1	1/16		1/16	1	656				109	6			
52	52	387/2	387/2	0.0	3/8	3/8	Spanner	6/8	1	1	0												
52	52	387/2	387/2	1.0	3/8	3/8	Chord	6/8	1	1	1/4		1/4	1	657								
52	52	389/2	389/2	0.5	5/8	5/8	Chord	6/8	1	1	1/8		1/8	1	658								
52	52	192	192	0.25	0	0	Chord	6/8	1	2	1/16		1/16	1	659								
52	52	769/4	769/4	0.25	1/16	1/16	Chord	6/8	1	2	1/16		1/16	1	660								
52	52	385/2	385/2	0.25	1/8	1/8	Chord	6/8	1	2	1/16		1/16	1	661								
52	52	771/4	771/4	0.25	3/16	3/16	Chord	6/8	1	2	1/16		1/16	1	662								
52	52	193	193	0.25	1/4	1/4	Chord	6/8	1	2	1/16		1/16	1	663								
52	52	773/4	773/4	0.25	5/16	5/16	Chord	6/8	1	2	1/16		1/16	1	664								
52	52	387/2	387/2	0.25	3/8	3/8	Chord	6/8	1	2	1/16		1/16	1	665								
52	52	775/4	775/4	0.25	7/16	7/16	Chord	6/8	1	2	1/16		1/16	1	666								
52	52	194	194	0.25	1/2	1/2	Chord	6/8	1	2	1/16		1/16	1	667								
52	52	777/4	777/4	0.25	9/16	9/16	Chord	6/8	1	2	1/16		1/16	1	668								
52	52	192	192	1.5	0	0	Chord	6/8	2	1	3/8		1/4	3/2	669								
52	52	387/2	387/2	1.0	3/8	3/8	Chord	6/8	2	1	1/4		1/4	1	670								
53	53	195	195	0.0	0	0	StaffText	6/8	1	1	0							"<font size=""12""/>agitato"					
53	53	195	195	0.75	0	0	Chord	6/8	1	1	3/16		1/8	3/2	671		articAccentAbove		110				
53	53	783/4	783/4	0.25	3/16	3/16	Chord	6/8	1	1	1/16		1/16	1	672				110				
53	53	196	196	0.5	1/4	1/4	Chord	6/8	1	1	1/8		1/8	1	673								
53	53	393/2	393/2	1.0	3/8	3/8	Chord	6/8	1	1	1/4		1/4	1	674								
53	53	395/2	395/2	0.5	5/8	5/8	Chord	6/8	1	1	1/8		1/8	1	675								
53	53	781/4	781/4	0.5	1/16	1/16	Chord	6/8	1	2	1/8		1/8	1	676								
53	53	783/4	783/4	0.5	3/16	3/16	Chord	6/8	1	2	1/8		1/8	1	677								
53	53	785/4	785/4	0.25	5/16	5/16	Chord	6/8	1	2	1/16		1/16	1	678								
53	53	787/4	787/4	0.5	7/16	7/16	Chord	6/8	1	2	1/8		1/8	1	679								
53	53	789/4	789/4	0.5	9/16	9/16	Chord	6/8	1	2	1/8		1/8	1	680								
53	53	791/4	791/4	0.25	11/16	11/16	Chord	6/8	1	2	1/16		1/16	1	681								
53	53	195	195	0.0	0	0	Spanner	6/8	2	1	0									7			
53	53	195	195	0.25	0	0	Chord	6/8	2	1	1/16		1/16	1	682					7			
53	53	781/4	781/4	0.25	1/16	1/16	Chord	6/8	2	1	1/16		1/16	1	683					7			
53	53	391/2	391/2	0.25	1/8	1/8	Chord	6/8	2	1	1/16		1/16	1	684					7			
53	53	783/4	783/4	0.25	3/16	3/16	Chord	6/8	2	1	1/16		1/16	1	685					7			
53	53	196	196	0.5	1/4	1/4	Chord	6/8	2	1	1/8		1/8	1	686					7			
53	53	393/2	393/2	0.0	3/8	3/8	Spanner	6/8	2	1	0												
53	53	393/2	393/2	0.75	3/8	3/8	Chord	6/8	2	1	3/16		1/8	3/2	687		articAccentAbove		111				
53	53	789/4	789/4	0.25	9/16	9/16	Chord	6/8	2	1	1/16		1/16	1	688				111				
53	53	395/2	395/2	0.5	5/8	5/8	Chord	6/8	2	1	1/8		1/8	1	689								
53	53	393/2	393/2	1.5	3/8	3/8	Chord	6/8	2	2	3/8		1/4	3/2	690								
54	54	198	198	0.0	0	0	Spanner	6/8	1	1	0									8			
54	54	198	198	0.5	0	0	Chord	6/8	1	1	1/8		1/8	1	691				112	8			
54	54	397/2	397/2	0.0	1/8	1/8	Spanner	6/8	1	1	0								112				
54	54	397/2	397/2	0.0	1/8	1/8	Chord	6/8	1	1	0	acciaccatura	1/8	1	692				112				
54	54	397/2	397/2	0.75	1/8	1/8	Chord	6/8	1	1	3/16		1/8	3/2	693				112				
54	54	797/4	797/4	0.25	5/16	5/16	Chord	6/8	1	1	1/16		1/16	1	694								
54	54	399/2	399/2	1.0	3/8	3/8	Chord	6/8	1	1	1/4		1/4	1	695								
54	54	401/2	401/2	0.25	5/8	5/8	Chord	6/8	1	1	1/16		1/16	1	696								
54	54	803/4	803/4	0.25	11/16	11/16	Chord	6/8	1	1	1/16		1/16	1	697								
54	54	793/4	793/4	0.5	1/16	1/16	Chord	6/8	1	2	1/8		1/8	1	698								
54	54	795/4	795/4	0.5	3/16	3/16	Chord	6/8	1	2	1/8		1/8	1	699								
54	54	797/4	797/4	0.25	5/16	5/16	Chord	6/8	1	2	1/16		1/16	1	700								
54	54	799/4	799/4	0.5	7/16	7/16	Chord	6/8	1	2	1/8		1/8	1	701								
54	54	801/4	801/4	0.5	9/16	9/16	Chord	6/8	1	2	1/8		1/8	1	702								
54	54	803/4	803/4	0.25	11/16	11/16	Chord	6/8	1	2	1/16		1/16	1	703								
54	54	198	198	1.0	0	0	Chord	6/8	2	1	1/4		1/4	1	704								
54	54	199	199	0.5	1/4	1/4	Chord	6/8	2	1	1/8		1/8	1	705								
54	54	399/2	399/2	0.0	3/8	3/8	Spanner	6/8	2	1	0									9			
54	54	399/2	399/2	0.5	3/8	3/8	Chord	6/8	2	1	1/8		1/8	1	706				113	9			
54	54	200	200	0.0	1/2	1/2	Spanner	6/8	2	1	0								113				
54	54	200	200	0.0	1/2	1/2	Chord	6/8	2	1	0	acciaccatura	1/8	1	707				113				
54	54	200	200	0.5	1/2	1/2	Chord	6/8	2	1	1/8		1/8	1	708				113				
54	54	401/2	401/2	0.5	5/8	5/8	Chord	6/8	2	1	1/8		1/8	1	709								
54	54	198	198	1.5	0	0	Chord	6/8	2	2	3/8		1/4	3/2	710								
54	54	399/2	399/2	1.5	3/8	3/8	Chord	6/8	2	2	3/8		1/4	3/2	711								
55	55	201	201	0.0	0	0	Spanner	6/8	1	1	0										0		
55	55	201	201	0.75	0	0	Chord	6/8	1	1	3/16		1/8	3/2	712		articAccentAbove		114		0		
55	55	807/4	807/4	0.25	3/16	3/16	Chord	6/8	1	1	1/16		1/16	1	713				114		0		
55	55	202	202	0.5	1/4	1/4	Chord	6/8	1	1	1/8		1/8	1	714						0		
55	55	405/2	405/2	1.0	3/8	3/8	Chord	6/8	1	1	1/4		1/4	1	715						0		
55	55	407/2	407/2	0.5	5/8	5/8	Chord	6/8	1	1	1/8		1/8	1	716						0		
55	55	805/4	805/4	0.5	1/16	1/16	Chord	6/8	1	2	1/8		1/8	1	717						0		
55	55	807/4	807/4	0.5	3/16	3/16	Chord	6/8	1	2	1/8		1/8	1	718						0		
55	55	809/4	809/4	0.25	5/16	5/16	Chord	6/8	1	2	1/16		1/16	1	719						0		
55	55	811/4	811/4	0.5	7/16	7/16	Chord	6/8	1	2	1/8		1/8	1	720						0		
55	55	813/4	813/4	0.5	9/16	9/16	Chord	6/8	1	2	1/8		1/8	1	721						0		
55	55	815/4	815/4	0.25	11/16	11/16	Chord	6/8	1	2	1/16		1/16	1	722						0		
55	55	201	201	0.0	0	0	Spanner	6/8	2	1	0									10			
55	55	201	201	0.25	0	0	Chord	6/8	2	1	1/16		1/16	1	723				115	10			
55	55	805/4	805/4	0.25	1/16	1/16	Chord	6/8	2	1	1/16		1/16	1	724				115	10			
55	55	403/2	403/2	0.25	1/8	1/8	Chord	6/8	2	1	1/16		1/16	1	725				115	10			
55	55	807/4	807/4	0.25	3/16	3/16	Chord	6/8	2	1	1/16		1/16	1	726				115	10			
55	55	202	202	0.0	1/4	1/4	Spanner	6/8	2	1	0												
55	55	202	202	0.5	1/4	1/4	Chord	6/8	2	1	1/8		1/8	1	727								
55	55	405/2	405/2	0.75	3/8	3/8	Chord	6/8	2	1	3/16		1/8	3/2	728		articAccentAbove		116				
55	55	813/4	813/4	0.25	9/16	9/16	Chord	6/8	2	1	1/16		1/16	1	729				116				
55	55	407/2	407/2	0.5	5/8	5/8	Chord	6/8	2	1	1/8		1/8	1	730								
55	55	405/2	405/2	1.5	3/8	3/8	Chord	6/8	2	2	3/8		1/4	3/2	731								
56	56	204	204	0.5	0	0	Chord	6/8	1	1	1/8		1/8	1	732				117		0		
56	56	409/2	409/2	0.0	1/8	1/8	Chord	6/8	1	1	0	acciaccatura	1/8	1	733				117		0		
56	56	409/2	409/2	0.75	1/8	1/8	Chord	6/8	1	1	3/16		1/8	3/2	734				117		0		
56	56	821/4	821/4	0.25	5/16	5/16	Chord	6/8	1	1	1/16		1/16	1	735						0		
56	56	411/2	411/2	1.0	3/8	3/8	Chord	6/8	1	1	1/4		1/4	1	736						0		
56	56	413/2	413/2	0.25	5/8	5/8	Chord	6/8	1	1	1/16		1/16	1	737						0		
56	56	827/4	827/4	0.25	11/16	11/16	Chord	6/8	1	1	1/16		1/16	1	738						0		
56	56	817/4	817/4	0.5	1/16	1/16	Chord	6/8	1	2	1/8		1/8	1	739						0		
56	56	819/4	819/4	0.5	3/16	3/16	Chord	6/8	1	2	1/8		1/8	1	740						0		
56	56	821/4	821/4	0.25	5/16	5/16	Chord	6/8	1	2	1/16		1/16	1	741						0		
56	56	823/4	823/4	0.5	7/16	7/16	Chord	6/8	1	2	1/8		1/8	1	742						0		
56	56	825/4	825/4	0.5	9/16	9/16	Chord	6/8	1	2	1/8		1/8	1	743						0		
56	56	827/4	827/4	0.25	11/16	11/16	Chord	6/8	1	2	1/16		1/16	1	744						0		
56	56	204	204	1.0	0	0	Chord	6/8	2	1	1/4		1/4	1	745								
56	56	205	205	0.5	1/4	1/4	Chord	6/8	2	1	1/8		1/8	1	746								
56	56	411/2	411/2	0.5	3/8	3/8	Chord	6/8	2	1	1/8		1/8	1	747				118				
56	56	206	206	0.0	1/2	1/2	Chord	6/8	2	1	0	acciaccatura	1/8	1	748				118				
56	56	206	206	0.5	1/2	1/2	Chord	6/8	2	1	1/8		1/8	1	749				118				
56	56	413/2	413/2	0.5	5/8	5/8	Chord	6/8	2	1	1/8		1/8	1	750								
56	56	204	204	1.5	0	0	Chord	6/8	2	2	3/8		1/4	3/2	751								
56	56	411/2	411/2	1.5	3/8	3/8	Chord	6/8	2	2	3/8		1/4	3/2	752								
57	57	207	207	0.0	0	0	StaffText	6/8	1	1	0							"<font size=""12""/>rinforzando e pi appassionato"					
57	57	207	207	0.0	0	0	Spanner	6/8	1	1	0												
57	57	207	207	0.75	0	0	Chord	6/8	1	1	3/16		1/8	3/2	753				119				
57	57	831/4	831/4	0.25	3/16	3/16	Chord	6/8	1	1	1/16		1/16	1	754				119				
57	57	208	208	0.5	1/4	1/4	Chord	6/8	1	1	1/8		1/8	1	755								
57	57	417/2	417/2	1.0	3/8	3/8	Chord	6/8	1	1	1/4		1/4	1	756		articAccentAbove		120				
57	57	419/2	419/2	0.5	5/8	5/8	Chord	6/8	1	1	1/8		1/8	1	757								
57	57	829/4	829/4	0.5	1/16	1/16	Chord	6/8	1	2	1/8		1/8	1	758								
57	57	833/4	833/4	0.25	5/16	5/16	Chord	6/8	1	2	1/16		1/16	1	759								
57	57	835/4	835/4	0.5	7/16	7/16	Chord	6/8	1	2	1/8		1/8	1	760								
57	57	837/4	837/4	0.5	9/16	9/16	Chord	6/8	1	2	1/8		1/8	1	761								
57	57	839/4	839/4	0.25	11/16	11/16	Chord	6/8	1	2	1/16		1/16	1	762								
57	57	207	207	0.0	0	0	Spanner	6/8	2	1	0									11			
57	57	207	207	0.25	0	0	Chord	6/8	2	1	1/16		1/16	1	763					11			
57	57	829/4	829/4	0.25	1/16	1/16	Chord	6/8	2	1	1/16		1/16	1	764					11			
57	57	415/2	415/2	0.25	1/8	1/8	Chord	6/8	2	1	1/16		1/16	1	765					11			
57	57	831/4	831/4	0.25	3/16	3/16	Chord	6/8	2	1	1/16		1/16	1	766					11			
57	57	208	208	0.5	1/4	1/4	Chord	6/8	2	1	1/8		1/8	1	767					11			
57	57	417/2	417/2	0.0	3/8	3/8	Spanner	6/8	2	1	0												
57	57	417/2	417/2	0.75	3/8	3/8	Chord	6/8	2	1	3/16		1/8	3/2	768		articAccentAbove		121				
57	57	837/4	837/4	0.25	9/16	9/16	Chord	6/8	2	1	1/16		1/16	1	769				121				
57	57	419/2	419/2	0.25	5/8	5/8	Chord	6/8	2	1	1/16		1/16	1	770								
57	57	839/4	839/4	0.25	11/16	11/16	Chord	6/8	2	1	1/16		1/16	1	771								
57	57	417/2	417/2	1.0	3/8	3/8	Chord	6/8	2	2	1/4		1/4	1	772								
58	58	210	210	0.75	0	0	Chord	6/8	1	1	3/16		1/8	3/2	773								
58	58	843/4	843/4	0.25	3/16	3/16	Chord	6/8	1	1	1/16		1/16	1	774								
58	58	211	211	0.5	1/4	1/4	Chord	6/8	1	1	1/8		1/8	1	775								
58	58	423/2	423/2	1.0	3/8	3/8	Chord	6/8	1	1	1/4		1/4	1	776		articAccentAbove		122				
58	58	425/2	425/2	0.5	5/8	5/8	Chord	6/8	1	1	1/8		1/8	1	777								
58	58	841/4	841/4	0.5	1/16	1/16	Chord	6/8	1	2	1/8		1/8	1	778								
58	58	845/4	845/4	0.25	5/16	5/16	Chord	6/8	1	2	1/16		1/16	1	779								
58	58	847/4	847/4	0.5	7/16	7/16	Chord	6/8	1	2	1/8		1/8	1	780								
58	58	849/4	849/4	0.5	9/16	9/16	Chord	6/8	1	2	1/8		1/8	1	781								
58	58	851/4	851/4	0.25	11/16	11/16	Chord	6/8	1	2	1/16		1/16	1	782								
58	58	210	210	0.0	0	0	Spanner	6/8	2	1	0									12			
58	58	210	210	0.25	0	0	Chord	6/8	2	1	1/16		1/16	1	783					12			
58	58	841/4	841/4	0.25	1/16	1/16	Chord	6/8	2	1	1/16		1/16	1	784					12			
58	58	421/2	421/2	0.25	1/8	1/8	Chord	6/8	2	1	1/16		1/16	1	785					12			
58	58	843/4	843/4	0.25	3/16	3/16	Chord	6/8	2	1	1/16		1/16	1	786					12			
58	58	211	211	0.5	1/4	1/4	Chord	6/8	2	1	1/8		1/8	1	787					12			
58	58	423/2	423/2	0.0	3/8	3/8	Spanner	6/8	2	1	0												
58	58	423/2	423/2	0.75	3/8	3/8	Chord	6/8	2	1	3/16		1/8	3/2	788		articAccentAbove		123				
58	58	849/4	849/4	0.25	9/16	9/16	Chord	6/8	2	1	1/16		1/16	1	789				123				
58	58	425/2	425/2	0.25	5/8	5/8	Chord	6/8	2	1	1/16		1/16	1	790								
58	58	851/4	851/4	0.25	11/16	11/16	Chord	6/8	2	1	1/16		1/16	1	791								
58	58	423/2	423/2	1.0	3/8	3/8	Chord	6/8	2	2	1/4		1/4	1	792								
59	59	213	213	0.0	0	0	StaffText	6/8	2	1	0							rinforz.					
59	59	213	213	0.75	0	0	Chord	6/8	2	1	3/16		1/8	3/2	793		articAccentAbove		124				
59	59	855/4	855/4	0.25	3/16	3/16	Chord	6/8	2	1	1/16		1/16	1	794				124				
59	59	214	214	0.0	1/4	1/4	Spanner	6/8	2	1	0											5	
59	59	214	214	0.5	1/4	1/4	Chord	6/8	2	1	1/8		1/8	1	795							5	
59	59	429/2	429/2	0.5	3/8	3/8	Chord	6/8	2	1	1/8		1/8	1	796		articStaccatoAbove		125			5	
59	59	215	215	0.5	1/2	1/2	Chord	6/8	2	1	1/8		1/8	1	797		articStaccatoAbove		125			5	
59	59	431/2	431/2	0.5	5/8	5/8	Chord	6/8	2	1	1/8		1/8	1	798		articStaccatoAbove					5	
60	60	437/2	437/2	0.0	5/8	5/8	StaffText	6/8	1	1	0							Pi lento					
60	60	437/2	437/2	0.0	5/8	5/8	StaffText	6/8	1	1	0							dolcissimo					
60	60	437/2	437/2	0.5	5/8	5/8	Chord	6/8	1	1	1/8		1/8	1	799		articAccentBelow		126				
60	60	216	216	0.0	0	0	Spanner	6/8	2	1	0												
60	60	216	216	1.0	0	0	Chord	6/8	2	1	1/4		1/4	1	800		articAccentAbove		127				
60	60	217	217	0.5	1/4	1/4	Chord	6/8	2	1	1/8		1/8	1	801								
60	60	437/2	437/2	0.5	5/8	5/8	Chord	6/8	2	1	1/8		1/8	1	802				128				
61	61	219	219	0.5	0	0	Chord	6/8	1	1	1/8		1/8	1	803		articStaccatoBelow		129				
61	61	439/2	439/2	0.5	1/8	1/8	Chord	6/8	1	1	1/8		1/8	1	804		articStaccatoBelow		129				
61	61	220	220	0.5	1/4	1/4	Chord	6/8	1	1	1/8		1/8	1	805		articStaccatoBelow						
61	61	441/2	441/2	1.0	3/8	3/8	Chord	6/8	1	1	1/4		1/4	1	806								
61	61	443/2	443/2	0.5	5/8	5/8	Chord	6/8	1	1	1/8		1/8	1	807								
61	61	441/2	441/2	1.0	3/8	3/8	Chord	6/8	2	1	1/4		1/4	1	808								
61	61	443/2	443/2	0.5	5/8	5/8	Chord	6/8	2	1	1/8		1/8	1	809								
61	61	219	219	0.25	0	0	Chord	6/8	2	2	1/16		1/16	1	810								
61	61	877/4	877/4	0.25	1/16	1/16	Chord	6/8	2	2	1/16		1/16	1	811								
61	61	439/2	439/2	0.25	1/8	1/8	Chord	6/8	2	2	1/16		1/16	1	812								
61	61	879/4	879/4	0.25	3/16	3/16	Chord	6/8	2	2	1/16		1/16	1	813								
61	61	220	220	0.25	1/4	1/4	Chord	6/8	2	2	1/16		1/16	1	814								
61	61	881/4	881/4	0.25	5/16	5/16	Chord	6/8	2	2	1/16		1/16	1	815								
61	61	441/2	441/2	0.25	3/8	3/8	Chord	6/8	2	2	1/16		1/16	1	816								
61	61	883/4	883/4	0.25	7/16	7/16	Chord	6/8	2	2	1/16		1/16	1	817								
61	61	221	221	0.25	1/2	1/2	Chord	6/8	2	2	1/16		1/16	1	818								
61	61	885/4	885/4	0.25	9/16	9/16	Chord	6/8	2	2	1/16		1/16	1	819								
61	61	443/2	443/2	0.25	5/8	5/8	Chord	6/8	2	2	1/16		1/16	1	820								
61	61	887/4	887/4	0.25	11/16	11/16	Chord	6/8	2	2	1/16		1/16	1	821								
62	62	222	222	0.5	0	0	Chord	6/8	1	1	1/8		1/8	1	822				130				
62	62	445/2	445/2	0.75	1/8	1/8	Chord	6/8	1	1	3/16		1/8	3/2	823				130				
62	62	893/4	893/4	0.25	5/16	5/16	Chord	6/8	1	1	1/16		1/16	1	824								
62	62	447/2	447/2	1.5	3/8	3/8	Chord	6/8	1	1	3/8		1/4	3/2	825								
62	62	222	222	1.5	0	0	Chord	6/8	1	2	3/8		1/4	3/2	826								
62	62	447/2	447/2	1.5	3/8	3/8	Chord	6/8	1	2	3/8		1/4	3/2	827								
62	62	222	222	0.5	0	0	Chord	6/8	2	1	1/8		1/8	1	828				131				
62	62	445/2	445/2	0.75	1/8	1/8	Chord	6/8	2	1	3/16		1/8	3/2	829				131				
62	62	893/4	893/4	0.25	5/16	5/16	Chord	6/8	2	1	1/16		1/16	1	830								
62	62	447/2	447/2	1.5	3/8	3/8	Chord	6/8	2	1	3/8		1/4	3/2	831								
62	62	222	222	0.25	0	0	Chord	6/8	2	2	1/16		1/16	1	832								
62	62	889/4	889/4	0.25	1/16	1/16	Chord	6/8	2	2	1/16		1/16	1	833								
62	62	445/2	445/2	0.25	1/8	1/8	Chord	6/8	2	2	1/16		1/16	1	834								
62	62	891/4	891/4	0.25	3/16	3/16	Chord	6/8	2	2	1/16		1/16	1	835								
62	62	223	223	0.25	1/4	1/4	Chord	6/8	2	2	1/16		1/16	1	836								
62	62	893/4	893/4	0.25	5/16	5/16	Chord	6/8	2	2	1/16		1/16	1	837								
62	62	447/2	447/2	0.25	3/8	3/8	Chord	6/8	2	2	1/16		1/16	1	838								
62	62	895/4	895/4	0.25	7/16	7/16	Chord	6/8	2	2	1/16		1/16	1	839								
62	62	224	224	0.25	1/2	1/2	Chord	6/8	2	2	1/16		1/16	1	840								
62	62	897/4	897/4	0.25	9/16	9/16	Chord	6/8	2	2	1/16		1/16	1	841								
62	62	449/2	449/2	0.25	5/8	5/8	Chord	6/8	2	2	1/16		1/16	1	842								
62	62	899/4	899/4	0.25	11/16	11/16	Chord	6/8	2	2	1/16		1/16	1	843								
63	63	225	225	0.0	0	0	Spanner	6/8	1	1	0										1		
63	63	225	225	0.5	0	0	Chord	6/8	1	1	1/8		1/8	1	844		articStaccatoBelow		132		1		
63	63	451/2	451/2	0.5	1/8	1/8	Chord	6/8	1	1	1/8		1/8	1	845		articStaccatoBelow		132		1		
63	63	226	226	0.5	1/4	1/4	Chord	6/8	1	1	1/8		1/8	1	846		articStaccatoBelow				1		
63	63	453/2	453/2	1.0	3/8	3/8	Chord	6/8	1	1	1/4		1/4	1	847						1		
63	63	455/2	455/2	0.5	5/8	5/8	Chord	6/8	1	1	1/8		1/8	1	848						1		
63	63	225	225	0.5	0	0	Chord	6/8	2	1	1/8		1/8	1	849								
63	63	451/2	451/2	0.5	1/8	1/8	Chord	6/8	2	1	1/8		1/8	1	850								
63	63	226	226	0.5	1/4	1/4	Chord	6/8	2	1	1/8		1/8	1	851								
63	63	453/2	453/2	1.0	3/8	3/8	Chord	6/8	2	1	1/4		1/4	1	852								
63	63	455/2	455/2	0.5	5/8	5/8	Chord	6/8	2	1	1/8		1/8	1	853								
63	63	225	225	0.25	0	0	Chord	6/8	2	2	1/16		1/16	1	854								
63	63	901/4	901/4	0.25	1/16	1/16	Chord	6/8	2	2	1/16		1/16	1	855								
63	63	451/2	451/2	0.25	1/8	1/8	Chord	6/8	2	2	1/16		1/16	1	856								
63	63	903/4	903/4	0.25	3/16	3/16	Chord	6/8	2	2	1/16		1/16	1	857								
63	63	226	226	0.25	1/4	1/4	Chord	6/8	2	2	1/16		1/16	1	858								
63	63	905/4	905/4	0.25	5/16	5/16	Chord	6/8	2	2	1/16		1/16	1	859								
63	63	453/2	453/2	0.25	3/8	3/8	Chord	6/8	2	2	1/16		1/16	1	860								
63	63	907/4	907/4	0.25	7/16	7/16	Chord	6/8	2	2	1/16		1/16	1	861								
63	63	227	227	0.25	1/2	1/2	Chord	6/8	2	2	1/16		1/16	1	862								
63	63	909/4	909/4	0.25	9/16	9/16	Chord	6/8	2	2	1/16		1/16	1	863								
63	63	455/2	455/2	0.25	5/8	5/8	Chord	6/8	2	2	1/16		1/16	1	864								
63	63	911/4	911/4	0.25	11/16	11/16	Chord	6/8	2	2	1/16		1/16	1	865								
64	64	228	228	0.0	0	0	Spanner	6/8	1	1	0												
64	64	228	228	0.5	0	0	Chord	6/8	1	1	1/8		1/8	1	866				133				
64	64	457/2	457/2	0.0	1/8	1/8	Chord	6/8	1	1	0	grace16	1/16	1	867								
64	64	457/2	457/2	0.0	1/8	1/8	Chord	6/8	1	1	0	grace16	1/16	1	868								
64	64	457/2	457/2	0.0	1/8	1/8	Chord	6/8	1	1	0	grace16	1/16	1	869								
64	64	457/2	457/2	0.0	1/8	1/8	Chord	6/8	1	1	0	grace16	1/16	1	870								
64	64	457/2	457/2	0.75	1/8	1/8	Chord	6/8	1	1	3/16		1/8	3/2	871		articMarcatoAbove		134				
64	64	917/4	917/4	0.25	5/16	5/16	Chord	6/8	1	1	1/16		1/16	1	872				134				
64	64	459/2	459/2	0.0	3/8	3/8	StaffText	6/8	1	1	0							dim.	134				
64	64	459/2	459/2	0.25	3/8	3/8	Chord	6/8	1	1	1/16		1/16	1	873				134				
64	64	919/4	919/4	0.25	7/16	7/16	Chord	6/8	1	1	1/16		1/16	1	874				134				
64	64	230	230	0.25	1/2	1/2	Chord	6/8	1	1	1/16		1/16	1	875				134				
64	64	921/4	921/4	0.25	9/16	9/16	Chord	6/8	1	1	1/16		1/16	1	876				134				
64	64	461/2	461/2	0.25	5/8	5/8	Chord	6/8	1	1	1/16		1/16	1	877				134				
64	64	923/4	923/4	0.25	11/16	11/16	Chord	6/8	1	1	1/16		1/16	1	878								
64	64	228	228	0.5	0	0	Chord	6/8	1	2	1/8		1/8	1	879								
64	64	228	228	0.5	0	0	Chord	6/8	2	1	1/8		1/8	1	880								
65	65	231	231	0.75	0	0	Chord	6/8	1	1	3/16		1/8	3/2	881		articAccentBelow		135				
65	65	927/4	927/4	0.25	3/16	3/16	Chord	6/8	1	1	1/16		1/16	1	882				135				
65	65	232	232	0.25	1/4	1/4	Chord	6/8	1	1	1/16		1/16	1	883				135				
65	65	929/4	929/4	0.25	5/16	5/16	Chord	6/8	1	1	1/16		1/16	1	884				135				
65	65	465/2	465/2	0.25	3/8	3/8	Chord	6/8	1	1	1/16		1/16	1	885				135				
65	65	931/4	931/4	0.25	7/16	7/16	Chord	6/8	1	1	1/16		1/16	1	886				135				
65	65	233	233	0.25	1/2	1/2	Chord	6/8	1	1	1/16		1/16	1	887				135				
65	65	933/4	933/4	0.5	9/16	9/16	Chord	6/8	1	1	1/8		1/8	1	888				135				
65	65	935/4	935/4	0.25	11/16	11/16	Chord	6/8	1	1	1/16		1/16	1	889								
65	65	467/2	467/2	0.5	5/8	5/8	Chord	6/8	1	2	1/8		1/8	1	890								
65	65	467/2	467/2	0.5	5/8	5/8	Chord	6/8	2	1	1/8		1/8	1	891								
66	66	234	234	0.0	0	0	Dynamic	4/4	1	1	0					p							
66	66	234	234	0.0	0	0	StaffText	4/4	1	1	0							Lento					
66	66	234	234	4.0	0	0	Chord	4/4	1	1	1		1	1	892				136				
66	66	234	234	1.0	0	0	Chord	4/4	2	1	1/4		1/4	1	893				137				
66	66	235	235	0.5	1/4	1/4	Chord	4/4	2	1	1/8		1/8	1	894				137				
66	66	471/2	471/2	0.5	3/8	3/8	Chord	4/4	2	1	1/8		1/8	1	895				137				
66	66	236	236	2.0	1/2	1/2	Chord	4/4	2	1	1/2		1/2	1	896								
67	67	238	238	1.0	0	0	Chord	4/4	1	1	1/4		1/4	1	897		articAccentBelow						
67	67	239	239	3.0	1/4	1/4	Chord	4/4	1	1	3/4		1/2	3/2	898								
67	67	238	238	4.0	0	0	Chord	4/4	1	2	1		1	1	899								
67	67	238	238	1.0	0	0	Chord	4/4	2	1	1/4		1/4	1	900		articAccentBelow		138				
67	67	239	239	0.5	1/4	1/4	Chord	4/4	2	1	1/8		1/8	1	901				138				
67	67	479/2	479/2	0.5	3/8	3/8	Chord	4/4	2	1	1/8		1/8	1	902				138				
67	67	240	240	2.0	1/2	1/2	Chord	4/4	2	1	1/2		1/2	1	903								
68	68	242	242	1.0	0	0	Chord	4/4	1	1	1/4		1/4	1	904		articAccentBelow						
68	68	243	243	3.0	1/4	1/4	Chord	4/4	1	1	3/4		1/2	3/2	905								
68	68	242	242	4.0	0	0	Chord	4/4	1	2	1		1	1	906								
68	68	242	242	1.0	0	0	Chord	4/4	2	1	1/4		1/4	1	907		articAccentBelow		139				
68	68	243	243	0.5	1/4	1/4	Chord	4/4	2	1	1/8		1/8	1	908				139				
68	68	487/2	487/2	0.5	3/8	3/8	Chord	4/4	2	1	1/8		1/8	1	909				139				
68	68	244	244	2.0	1/2	1/2	Chord	4/4	2	1	1/2		1/2	1	910								
69	69	247	247	2.0	1/4	1/4	Chord	4/4	1	1	1/2		1/2	1	911				140				
69	69	249	249	1.0	3/4	3/4	Chord	4/4	1	1	1/4		1/4	1	912				140				
69	69	247	247	2.0	1/4	1/4	Chord	4/4	2	1	1/2		1/2	1	913				141				
69	69	249	249	1.0	3/4	3/4	Chord	4/4	2	1	1/4		1/4	1	914				141				
70	70	250	250	4.0	0	0	Chord	4/4	1	1	1		1	1	915								
70	70	250	250	4.0	0	0	Chord	4/4	2	1	1		1	1	916								
