mc	mn	quarterbeats	duration_qb	mc_onset	mn_onset	timesig	staff	voice	label	alt_label	globalkey	localkey	pedal	chord	special	numeral	form	figbass	changes	relativeroot	pedalend	cadence	phraseend	chord_type	globalkey_is_minor	localkey_is_minor	chord_tones	added_tones	root	bass_note
1	1	0	0.5	0	0	4/4	2	1	e.i6{		e	i		i6		i		6					{	m	1	1	-3, 1, 0		0	-3
1	1	1/2	1.0	1/8	1/8	4/4	2	1	ii%7(9)		e	i		ii%7(9)		ii	%	7	9					%7	1	1	2, -1, -4, 0	-3	2	2
1	1	3/2	1.0	3/8	3/8	4/4	2	1	iv43		e	i		iv43		iv		43						mm7	1	1	0, -3, -1, -4		-1	0
1	1	5/2	1.0	5/8	5/8	4/4	2	1	iv65		e	i		iv65		iv		65						mm7	1	1	-4, 0, -3, -1		-1	-4
1	1	7/2	0.5	7/8	7/8	4/4	2	1	iv7		e	i		iv7		iv		7						mm7	1	1	-1, -4, 0, -3		-1	-1
2	2	4	1.0	0	0	4/4	2	1	Ger6		e	i		Ger6	Ger	vii	o	65	b3	V				Ger	1	1	-4, 0, -3, 6		6	-4
2	2	5	0.5	1/4	1/4	4/4	2	1	V(#764)		e	i		V(#764)		V			#764					M	1	1	1, 0, -3	6	1	1
2	2	11/2	2.5	3/8	3/8	4/4	2	1	V(64)		e	i		V(64)		V			64					M	1	1	1, 0, -3		1	1
3	3	8	1.5	0	0	4/4	2	1	iii.iv6		e	iii		iv6		iv		6						m	1	1	-4, 0, -1		-1	-4
3	3	19/2	0.5	3/8	3/8	4/4	2	1	iv		e	iii		iv		iv								m	1	1	-1, -4, 0		-1	-1
3	3	10	1.0	1/2	1/2	4/4	2	1	i6		e	iii		i6		i		6						m	1	1	-3, 1, 0		0	-3
3	3	11	1.0	3/4	3/4	4/4	2	1	V43		e	iii		V43		V		43						Mm7	1	1	2, -1, 1, 5		1	2
4	4	12	1.5	0	0	4/4	2	1	i(#7)		e	iii		i(#7)		i			#7					m	1	1	0, -3, 1	5	0	0
4	4	27/2	2.5	3/8	3/8	4/4	2	1	i|PAC}		e	iii		i		i						PAC	}	m	1	1	0, -3, 1		0	0
5	5	16	0.5	0	0	4/4	2	1	i6{		e	iii		i6		i		6					{	m	1	1	-3, 1, 0		0	-3
5	5	33/2	1.0	1/8	1/8	4/4	2	1	ii%7(9)		e	iii		ii%7(9)		ii	%	7	9					%7	1	1	2, -1, -4, 0	-3	2	2
5	5	35/2	1.0	3/8	3/8	4/4	2	1	iv43		e	iii		iv43		iv		43						mm7	1	1	0, -3, -1, -4		-1	0
5	5	37/2	1.0	5/8	5/8	4/4	2	1	iv65		e	iii		iv65		iv		65						mm7	1	1	-4, 0, -3, -1		-1	-4
5	5	39/2	0.5	7/8	7/8	4/4	2	1	iv7		e	iii		iv7		iv		7						mm7	1	1	-1, -4, 0, -3		-1	-1
6	6	20	1.0	0	0	4/4	2	1	Ger6		e	iii		Ger6	Ger	vii	o	65	b3	V				Ger	1	1	-4, 0, -3, 6		6	-4
6	6	21	0.5	1/4	1/4	4/4	2	1	V(#764)		e	iii		V(#764)		V			#764					M	1	1	1, 0, -3	6	1	1
6	6	43/2	2.5	3/8	3/8	4/4	2	1	V(64)		e	iii		V(64)		V			64					M	1	1	1, 0, -3		1	1
7	7	24	1.5	0	0	4/4	2	1	bv.iv6		e	bv		iv6		iv		6						m	1	1	-4, 0, -1		-1	-4
7	7	51/2	0.5	3/8	3/8	4/4	2	1	iv		e	bv		iv		iv								m	1	1	-1, -4, 0		-1	-1
7	7	26	1.0	1/2	1/2	4/4	2	1	i6		e	bv		i6		i		6						m	1	1	-3, 1, 0		0	-3
7	7	27	1.0	3/4	3/4	4/4	2	1	V43		e	bv		V43		V		43						Mm7	1	1	2, -1, 1, 5		1	2
8	8	28	5.0	0	0	4/4	2	1	i|IAC}		e	bv		i		i						IAC	}	m	1	1	0, -3, 1		0	0
10	9	33	1.0	0	0	4/4	2	1	ii.i6{		e	ii		i6		i		6					{	m	1	1	-3, 1, 0		0	-3
10	9	34	1.0	1/4	1/4	4/4	2	1	i6(#7)		e	ii		i6(#7)		i		6	#7					m	1	1	-3, 1, 5		0	-3
10	9	35	2.0	1/2	1/2	4/4	2	1	i6		e	ii		i6		i		6						m	1	1	-3, 1, 0		0	-3
11	10	37	2.0	0	0	4/4	2	1	#viio65(b8)		e	ii		#viio65(b8)		#vii	o	65	b8					o7	1	1	2, -1, -4, 5		5	2
11	10	39	1.5	1/2	1/2	4/4	2	1	#viio65		e	ii		#viio65		#vii	o	65						o7	1	1	2, -1, -4, 5		5	2
11	10	81/2	0.5	7/8	7/8	4/4	2	1	V		e	ii		V		V								M	1	1	1, 5, 2		1	1
12	11	41	1.0	0	0	4/4	2	1	i6		e	ii		i6		i		6						m	1	1	-3, 1, 0		0	-3
12	11	42	1.0	1/4	1/4	4/4	2	1	i6(#7)		e	ii		i6(#7)		i		6	#7					m	1	1	-3, 1, 5		0	-3
12	11	43	1.5	1/2	1/2	4/4	2	1	i6		e	ii		i6		i		6						m	1	1	-3, 1, 0		0	-3
12	11	89/2	0.5	7/8	7/8	4/4	2	1	i65		e	ii		i65		i		65						mm7	1	1	-3, 1, -2, 0		0	-3
13	12	45	2.0	0	0	4/4	2	1	#viio65(b8)		e	ii		#viio65(b8)		#vii	o	65	b8					o7	1	1	2, -1, -4, 5		5	2
13	12	47	1.0	1/2	1/2	4/4	2	1	#viio65(#7)		e	ii		#viio65(#7)		#vii	o	65	#7					o7	1	1	2, -1, -4, 3		5	2
13	12	48	1.0	3/4	3/4	4/4	2	1	#viio65		e	ii		#viio65		#vii	o	65						o7	1	1	2, -1, -4, 5		5	2
14	13	49	4.0	0	0	4/4	2	1	vi.V7(9)		e	vi		V7(9)		V		7	9					Mm7	1	1	1, 5, 2, -1	-4	1	1
15	14	53	1.0	0	0	4/4	2	1	VI6(#2)		e	vi		VI6(#2)		VI		6	#2					M	1	1	5, -3, -4		-4	5
15	14	54	1.0	1/4	1/4	4/4	2	1	VI6		e	vi		VI6		VI		6						M	1	1	0, -3, -4		-4	0
15	14	55	1.0	1/2	1/2	4/4	2	1	VI		e	vi		VI		VI								M	1	1	-4, 0, -3		-4	-4
15	14	56	1.0	3/4	3/4	4/4	2	1	VIM2		e	vi		VIM2		VI	M	2						MM7	1	1	1, -4, 0, -3		-4	1
16	15	57	4.0	0	0	4/4	2	1	V7(9)		e	vi		V7(9)		V		7	9					Mm7	1	1	1, 5, 2, -1	-4	1	1
17	16	61	1.0	0	0	4/4	2	1	VI64(4#2)		e	vi		VI64(4#2)		VI		64	4#2					M	1	1	-3, -4, 5, 2		-4	-3
17	16	62	1.0	1/4	1/4	4/4	2	1	VI64		e	vi		VI64		VI		64						M	1	1	-3, -4, 0		-4	-3
17	16	63	1.0	1/2	1/2	4/4	2	1	VI		e	vi		VI		VI								M	1	1	-4, 0, -3		-4	-4
17	16	64	1.0	3/4	3/4	4/4	2	1	VIM2		e	vi		VIM2		VI	M	2						MM7	1	1	1, -4, 0, -3		-4	1
18	17	65	2.0	0	0	4/4	2	1	i.V43		e	i		V43		V		43						Mm7	1	1	2, -1, 1, 5		1	2
18	17	67	2.0	1/2	1/2	4/4	2	1	i[#viio43]		e	i	i	#viio43		#vii	o	43			]			o7	1	1	-1, -4, 5, 2		5	-1
19	18	69	1.0	0	0	4/4	2	1	#viio7(4)		e	i		#viio7(4)		#vii	o	7	4					o7	1	1	5, -3, -1, -4		5	5
19	18	70	1.0	1/4	1/4	4/4	2	1	#viio7		e	i		#viio7		#vii	o	7						o7	1	1	5, 2, -1, -4		5	5
19	18	71	1.0	1/2	1/2	4/4	2	1	iv6(+6)		e	i		iv6(+6)		iv		6	+6					m	1	1	-4, 0, -1	2	-1	-4
19	18	72	1.0	3/4	3/4	4/4	2	1	iv6		e	i		iv6		iv		6						m	1	1	-4, 0, -1		-1	-4
20	19	73	1.5	0	0	4/4	2	1	V7(9)		e	i		V7(9)		V		7	9					Mm7	1	1	1, 5, 2, -1	-4	1	1
20	19	149/2	1.0	3/8	3/8	4/4	2	1	V7		e	i		V7		V		7						Mm7	1	1	1, 5, 2, -1		1	1
20	19	151/2	1.5	5/8	5/8	4/4	2	1	ii%7		e	i		ii%7		ii	%	7						%7	1	1	2, -1, -4, 0		2	2
21	20	77	16.0	0	0	4/4	2	1	V7(9+6)		e	i		V7(9+6)		V		7	9+6					Mm7	1	1	1, 5, 2, -1	-4, -3	1	1
25	24	93	7.0	0	0	4/4	2	1	#viio7|HC}		e	i		#viio7		#vii	o	7				HC	}	o7	1	1	5, 2, -1, -4		5	5
27	25	100	1.0	0	3/4	4/4	2	1	bi.Ger6{		e	bi		Ger6	Ger	vii	o	65	b3	V			{	Ger	1	1	-4, 0, -3, 6		6	-4
28	26	101	2.0	0	0	4/4	2	1	V(64)		e	bi		V(64)		V			64					M	1	1	1, 0, -3		1	1
28	26	103	1.0	1/2	1/2	4/4	2	1	#viio43(4)		e	bi		#viio43(4)		#vii	o	43	4					o7	1	1	-1, -4, 5, -3		5	-1
28	26	104	1.0	3/4	3/4	4/4	2	1	#viio43		e	bi		#viio43		#vii	o	43						o7	1	1	-1, -4, 5, 2		5	-1
29	27	105	4.0	0	0	4/4	2	1	i6(9#7)		e	bi		i6(9#7)		i		6	9#7					m	1	1	-3, 1, 5	2	0	-3
30	28	109	3.0	0	0	4/4	2	1	i6		e	bi		i6		i		6						m	1	1	-3, 1, 0		0	-3
30	28	112	1.0	3/4	3/4	4/4	2	1	iv.Ger6		e	iv		Ger6	Ger	vii	o	65	b3	V				Ger	1	1	-4, 0, -3, 6		6	-4
31	29	113	2.0	0	0	4/4	2	1	V(64)		e	iv		V(64)		V			64					M	1	1	1, 0, -3		1	1
31	29	115	1.0	1/2	1/2	4/4	2	1	#viio43(4)		e	iv		#viio43(4)		#vii	o	43	4					o7	1	1	-1, -4, 5, -3		5	-1
31	29	116	1.0	3/4	3/4	4/4	2	1	#viio43		e	iv		#viio43		#vii	o	43						o7	1	1	-1, -4, 5, 2		5	-1
32	30	117	4.0	0	0	4/4	2	1	i6(9#7)		e	iv		i6(9#7)		i		6	9#7					m	1	1	-3, 1, 5	2	0	-3
33	31	121	3.0	0	0	4/4	2	1	i6		e	iv		i6		i		6						m	1	1	-3, 1, 0		0	-3
33	31	124	1.0	3/4	3/4	4/4	2	1	i.iv6		e	i		iv6		iv		6						m	1	1	-4, 0, -1		-1	-4
34	32	125	4.0	0	0	4/4	2	1	V7(94)		e	i		V7(94)		V		7	94					Mm7	1	1	1, 0, 2, -1	-4	1	1
35	33	129	4.0	0	0	4/4	2	1	V7(9)|HC}		e	i		V7(9)		V		7	9			HC	}	Mm7	1	1	1, 5, 2, -1	-4	1	1
36	34	133	0.5	0	0	4/4	2	1	i{		e	i		i		i							{	m	1	1	0, -3, 1		0	0
36	34	267/2	1.0	1/8	1/8	4/4	2	1	ii%7(9)		e	i		ii%7(9)		ii	%	7	9					%7	1	1	2, -1, -4, 0	-3	2	2
36	34	269/2	1.0	3/8	3/8	4/4	2	1	iv43		e	i		iv43		iv		43						mm7	1	1	0, -3, -1, -4		-1	0
36	34	271/2	1.0	5/8	5/8	4/4	2	1	iv65		e	i		iv65		iv		65						mm7	1	1	-4, 0, -3, -1		-1	-4
36	34	273/2	0.5	7/8	7/8	4/4	2	1	iv7		e	i		iv7		iv		7						mm7	1	1	-1, -4, 0, -3		-1	-1
37	35	137	1.0	0	0	4/4	2	1	Ger6		e	i		Ger6	Ger	vii	o	65	b3	V				Ger	1	1	-4, 0, -3, 6		6	-4
37	35	138	0.5	1/4	1/4	4/4	2	1	V(#764)		e	i		V(#764)		V			#764					M	1	1	1, 0, -3	6	1	1
37	35	277/2	2.5	3/8	3/8	4/4	2	1	V(64)		e	i		V(64)		V			64					M	1	1	1, 0, -3		1	1
38	36	141	1.5	0	0	4/4	2	1	iii.iv6		e	iii		iv6		iv		6						m	1	1	-4, 0, -1		-1	-4
38	36	285/2	0.5	3/8	3/8	4/4	2	1	iv		e	iii		iv		iv								m	1	1	-1, -4, 0		-1	-1
38	36	143	1.0	1/2	1/2	4/4	2	1	V(64)		e	iii		V(64)		V			64					M	1	1	1, 0, -3		1	1
38	36	144	1.0	3/4	3/4	4/4	2	1	V43		e	iii		V43		V		43						Mm7	1	1	2, -1, 1, 5		1	2
39	37	145	1.5	0	0	4/4	2	1	i(#7)		e	iii		i(#7)		i			#7					m	1	1	0, -3, 1	5	0	0
39	37	293/2	2.5	3/8	3/8	4/4	2	1	i|PAC}		e	iii		i		i						PAC	}	m	1	1	0, -3, 1		0	0
40	38	149	0.5	0	0	4/4	2	1	i6{		e	iii		i6		i		6					{	m	1	1	-3, 1, 0		0	-3
40	38	299/2	1.0	1/8	1/8	4/4	2	1	ii%7(9)		e	iii		ii%7(9)		ii	%	7	9					%7	1	1	2, -1, -4, 0	-3	2	2
40	38	301/2	1.0	3/8	3/8	4/4	2	1	iv43		e	iii		iv43		iv		43						mm7	1	1	0, -3, -1, -4		-1	0
40	38	303/2	1.0	5/8	5/8	4/4	2	1	iv65		e	iii		iv65		iv		65						mm7	1	1	-4, 0, -3, -1		-1	-4
40	38	305/2	0.5	7/8	7/8	4/4	2	1	iv7		e	iii		iv7		iv		7						mm7	1	1	-1, -4, 0, -3		-1	-1
41	39	153	1.0	0	0	4/4	2	1	Ger6		e	iii		Ger6	Ger	vii	o	65	b3	V				Ger	1	1	-4, 0, -3, 6		6	-4
41	39	154	0.5	1/4	1/4	4/4	2	1	V(#764)		e	iii		V(#764)		V			#764					M	1	1	1, 0, -3	6	1	1
41	39	309/2	2.5	3/8	3/8	4/4	2	1	V(64)		e	iii		V(64)		V			64					M	1	1	1, 0, -3		1	1
42	40	157	1.5	0	0	4/4	2	1	bv.iv6		e	bv		iv6		iv		6						m	1	1	-4, 0, -1		-1	-4
42	40	317/2	0.5	3/8	3/8	4/4	2	1	iv		e	bv		iv		iv								m	1	1	-1, -4, 0		-1	-1
42	40	159	1.0	1/2	1/2	4/4	2	1	V(64)		e	bv		V(64)		V			64					M	1	1	1, 0, -3		1	1
42	40	160	1.0	3/4	3/4	4/4	2	1	V43		e	bv		V43		V		43						Mm7	1	1	2, -1, 1, 5		1	2
43	41	161	3.0	0	0	4/4	2	1	i|IAC}		e	bv		i		i						IAC	}	m	1	1	0, -3, 1		0	0
44	41	164	1.0	0	3/4	4/4	2	1	viio/V		e	bv		viio/V		vii	o			V				o	1	1	6, 3, 0		6	6
45	42	165	1.0	0	0	4/4	2	1	i6{		e	bv		i6		i		6					{	m	1	1	-3, 1, 0		0	-3
45	42	166	1.0	1/4	1/4	4/4	2	1	i6(#7)		e	bv		i6(#7)		i		6	#7					m	1	1	-3, 1, 5		0	-3
45	42	167	2.0	1/2	1/2	4/4	2	1	i6		e	bv		i6		i		6						m	1	1	-3, 1, 0		0	-3
46	43	169	2.0	0	0	4/4	2	1	#viio65(b8)		e	bv		#viio65(b8)		#vii	o	65	b8					o7	1	1	2, -1, -4, 5		5	2
46	43	171	1.5	1/2	1/2	4/4	2	1	#viio65		e	bv		#viio65		#vii	o	65						o7	1	1	2, -1, -4, 5		5	2
46	43	345/2	0.5	7/8	7/8	4/4	2	1	V		e	bv		V		V								M	1	1	1, 5, 2		1	1
47	44	173	1.0	0	0	4/4	2	1	i6		e	bv		i6		i		6						m	1	1	-3, 1, 0		0	-3
47	44	174	1.0	1/4	1/4	4/4	2	1	i6(#7)		e	bv		i6(#7)		i		6	#7					m	1	1	-3, 1, 5		0	-3
47	44	175	2.0	1/2	1/2	4/4	2	1	i6		e	bv		i6		i		6						m	1	1	-3, 1, 0		0	-3
48	45	177	2.0	0	0	4/4	2	1	#viio65(b8)		e	bv		#viio65(b8)		#vii	o	65	b8					o7	1	1	2, -1, -4, 5		5	2
48	45	179	1.0	1/2	1/2	4/4	2	1	#viio65(#7)		e	bv		#viio65(#7)		#vii	o	65	#7					o7	1	1	2, -1, -4, 3		5	2
48	45	180	1.0	3/4	3/4	4/4	2	1	#viio65		e	bv		#viio65		#vii	o	65						o7	1	1	2, -1, -4, 5		5	2
49	46	181	1.0	0	0	4/4	2	1	i.V(64)		e	i		V(64)		V			64					M	1	1	1, 0, -3		1	1
49	46	182	1.0	1/4	1/4	4/4	2	1	V(6+4)		e	i		V(6+4)		V			6+4					M	1	1	1, 5, -3	0	1	1
49	46	183	2.0	1/2	1/2	4/4	2	1	V(64)		e	i		V(64)		V			64					M	1	1	1, 0, -3		1	1
50	47	185	2.0	0	0	4/4	2	1	#viio43(b8)		e	i		#viio43(b8)		#vii	o	43	b8					o7	1	1	-1, -4, 5, 2		5	-1
50	47	187	1.5	1/2	1/2	4/4	2	1	#viio43		e	i		#viio43		#vii	o	43						o7	1	1	-1, -4, 5, 2		5	-1
50	47	377/2	0.5	7/8	7/8	4/4	2	1	V		e	i		V		V								M	1	1	1, 5, 2		1	1
51	48	189	2.0	0	0	4/4	2	1	i6(9#7)		e	i		i6(9#7)		i		6	9#7					m	1	1	-3, 1, 5	2	0	-3
51	48	191	2.0	1/2	1/2	4/4	2	1	i6		e	i		i6		i		6						m	1	1	-3, 1, 0		0	-3
52	49	193	2.0	0	0	4/4	2	1	ii%7(6)		e	i		ii%7(6)		ii	%	7	6					%7	1	1	2, -1, -2, 0		2	2
52	49	195	1.0	1/2	1/2	4/4	2	1	ii7		e	i		ii7		ii		7						mm7	1	1	2, -1, 3, 0		2	2
52	49	196	1.0	3/4	3/4	4/4	2	1	ii%7		e	i		ii%7		ii	%	7						%7	1	1	2, -1, -4, 0		2	2
53	50	197	1.0	0	0	4/4	2	1	Fr6(2)		e	i		Fr6(2)	Fr	V		43	b52	V				Fr	1	1	-4, 0, 4, 6		2	-4
53	50	198	1.0	1/4	1/4	4/4	2	1	Fr6		e	i		Fr6	Fr	V		43	b5	V				Fr	1	1	-4, 0, 2, 6		2	-4
53	50	199	2.0	1/2	1/2	4/4	2	1	ii%43		e	i		ii%43		ii	%	43						%7	1	1	-4, 0, 2, -1		2	-4
54	51	201	4.0	0	0	4/4	2	1	bV.I64		e	bV		I64		I		64						M	1	0	1, 0, 4		0	1
55	52	205	1.0	0	0	4/4	2	1	IV		e	bV		IV		IV								M	1	0	-1, 3, 0		-1	-1
55	52	206	1.0	1/4	1/4	4/4	2	1	iio		e	bV		iio		ii	o							o	1	0	2, -1, -4		2	2
55	52	207	2.0	1/2	1/2	4/4	2	1	V7		e	bV		V7		V		7						Mm7	1	0	1, 5, 2, -1		1	1
56	53	209	4.0	0	0	4/4	2	1	I64		e	bV		I64		I		64						M	1	0	1, 0, 4		0	1
57	54	213	1.0	0	0	4/4	2	1	IV		e	bV		IV		IV								M	1	0	-1, 3, 0		-1	-1
57	54	214	1.0	1/4	1/4	4/4	2	1	iio		e	bV		iio		ii	o							o	1	0	2, -1, -4		2	2
57	54	215	2.0	1/2	1/2	4/4	2	1	V7		e	bV		V7		V		7						Mm7	1	0	1, 5, 2, -1		1	1
58	55	217	4.0	0	0	4/4	2	1	V.I64		e	V		I64		I		64						M	1	0	1, 0, 4		0	1
59	56	221	1.0	0	0	4/4	2	1	viio65(#74)		e	V		viio65(#74)		vii	o	65	#74					o7	1	0	4, -1, -4, 3		5	4
59	56	222	1.0	1/4	1/4	4/4	2	1	viio65		e	V		viio65		vii	o	65						o7	1	0	2, -1, -4, 5		5	2
59	56	223	2.0	1/2	1/2	4/4	2	1	V7		e	V		V7		V		7						Mm7	1	0	1, 5, 2, -1		1	1
60	57	225	4.0	0	0	4/4	2	1	I64		e	V		I64		I		64						M	1	0	1, 0, 4		0	1
61	58	229	1.0	0	0	4/4	2	1	viio65(#74)		e	V		viio65(#74)		vii	o	65	#74					o7	1	0	4, -1, -4, 3		5	4
61	58	230	1.0	1/4	1/4	4/4	2	1	viio65		e	V		viio65		vii	o	65						o7	1	0	2, -1, -4, 5		5	2
61	58	231	5.0	1/2	1/2	4/4	2	1	V7|HC}		e	V		V7		V		7				HC	}	Mm7	1	0	1, 5, 2, -1		1	1
62	59	236	1.0	3/4	3/4	4/4	2	1	bv.Ger6		e	bv		Ger6	Ger	vii	o	65	b3	V				Ger	1	1	-4, 0, -3, 6		6	-4
63	60	237	2.0	0	0	4/4	2	1	V(64)		e	bv		V(64)		V			64					M	1	1	1, 0, -3		1	1
63	60	239	1.0	1/2	1/2	4/4	2	1	#viio43(4)		e	bv		#viio43(4)		#vii	o	43	4					o7	1	1	-1, -4, 5, -3		5	-1
63	60	240	1.0	3/4	3/4	4/4	2	1	#viio43		e	bv		#viio43		#vii	o	43						o7	1	1	-1, -4, 5, 2		5	-1
64	61	241	4.0	0	0	4/4	2	1	i6(9#7)		e	bv		i6(9#7)		i		6	9#7					m	1	1	-3, 1, 5	2	0	-3
65	62	245	3.0	0	0	4/4	2	1	i6		e	bv		i6		i		6						m	1	1	-3, 1, 0		0	-3
65	62	248	1.0	3/4	3/4	4/4	2	1	bii.Ger6		e	bii		Ger6	Ger	vii	o	65	b3	V				Ger	1	1	-4, 0, -3, 6		6	-4
66	63	249	2.0	0	0	4/4	2	1	V(64)		e	bii		V(64)		V			64					M	1	1	1, 0, -3		1	1
66	63	251	1.0	1/2	1/2	4/4	2	1	#viio43(4)		e	bii		#viio43(4)		#vii	o	43	4					o7	1	1	-1, -4, 5, -3		5	-1
66	63	252	1.0	3/4	3/4	4/4	2	1	#viio43		e	bii		#viio43		#vii	o	43						o7	1	1	-1, -4, 5, 2		5	-1
67	64	253	4.0	0	0	4/4	2	1	i6(9#7)		e	bii		i6(9#7)		i		6	9#7					m	1	1	-3, 1, 5	2	0	-3
68	65	257	3.0	0	0	4/4	2	1	i6		e	bii		i6		i		6						m	1	1	-3, 1, 0		0	-3
68	65	260	2.0	3/4	3/4	4/4	2	1	i.vi64		e	i		vi64		vi		64						m	1	1	-3, -4, -7		-4	-3
69	66	262	2.0	1/4	1/4	4/4	2	1	#viio65		e	i		#viio65		#vii	o	65						o7	1	1	2, -1, -4, 5		5	2
69	66	264	1.0	3/4	3/4	4/4	2	1	V7		e	i		V7		V		7						Mm7	1	1	1, 5, 2, -1		1	1
70	67	265	2.0	0	0	4/4	2	1	i[i		e	i	i	i		i								m	1	1	0, -3, 1		0	0
70	67	267	2.0	1/2	1/2	4/4	2	1	#viio7/iv		e	i		#viio7/iv		#vii	o	7		iv				o7	1	1	4, 1, -2, -5		4	4
71	68	269	0.5	0	0	4/4	2	1	bII6(4)		e	i		bII6(4)		bII		6	4					M	1	1	1, -4, -5		-5	1
71	68	539/2	1.5	1/8	1/8	4/4	2	1	bII6		e	i		bII6		bII		6						M	1	1	-1, -4, -5		-5	-1
71	68	271	2.0	1/2	1/2	4/4	2	1	Ger7		e	i		Ger7	Ger	vii	o	7	b3	V				Ger	1	1	6, -4, 0, -3		6	6
72	69	273	1.0	0	0	4/4	2	1	i(6)	VI6	e	i		i(6)		i			6					m	1	1	0, -3, -4		0	0
72	69	274	1.0	1/4	1/4	4/4	2	1	i		e	i		i		i								m	1	1	0, -3, 1		0	0
72	69	275	2.0	1/2	1/2	4/4	2	1	#viio43/iv		e	i		#viio43/iv		#vii	o	43		iv				o7	1	1	-2, -5, 4, 1		4	-2
73	70	277	0.5	0	0	4/4	2	1	bII64(4)		e	i		bII64(4)		bII		64	4					M	1	1	-4, -5, 1		-5	-4
73	70	555/2	1.5	1/8	1/8	4/4	2	1	bII64		e	i		bII64		bII		64						M	1	1	-4, -5, -1		-5	-4
73	70	279	2.0	1/2	1/2	4/4	2	1	Ger7		e	i		Ger7	Ger	vii	o	7	b3	V				Ger	1	1	6, -4, 0, -3		6	6
74	71	281	2.0	0	0	4/4	2	1	Ger6		e	i		Ger6	Ger	vii	o	65	b3	V				Ger	1	1	-4, 0, -3, 6		6	-4
74	71	283	1.0	1/2	1/2	4/4	2	1	#viio2		e	i		#viio2		#vii	o	2						o7	1	1	-4, 5, 2, -1		5	-4
74	71	284	1.0	3/4	3/4	4/4	2	1	iv		e	i		iv		iv								m	1	1	-1, -4, 0		-1	-1
75	72	285	4.0	0	0	4/4	2	1	i(6+4)		e	i		i(6+4)		i			6+4					m	1	1	0, -3, -4	-1	0	0
76	73	289	7.0	0	0	4/4	2	1	i|PC}		e	i		i		i						PC	}	m	1	1	0, -3, 1		0	0
78	74	296	1.0	0	3/4	4/4	2	1	VI.V		e	VI		V		V								M	1	0	1, 5, 2		1	1
79	75	297	1.0	0	0	4/4	2	1	I{		e	VI		I		I							{	M	1	0	0, 4, 1		0	0
79	75	298	2.0	1/4	1/4	4/4	2	1	I(9)		e	VI		I(9)		I			9					M	1	0	0, 4, 1	2	0	0
79	75	300	1.0	3/4	3/4	4/4	2	1	I		e	VI		I		I								M	1	0	0, 4, 1		0	0
80	76	301	1.0	0	0	4/4	2	1	vi		e	VI		vi		vi								m	1	0	3, 0, 4		3	3
80	76	302	2.0	1/4	1/4	4/4	2	1	vi(9)		e	VI		vi(9)		vi			9					m	1	0	3, 0, 4	5	3	3
80	76	304	1.0	3/4	3/4	4/4	2	1	vi		e	VI		vi		vi								m	1	0	3, 0, 4		3	3
81	77	305	2.0	0	0	4/4	2	1	viio7/V		e	VI		viio7/V		vii	o	7		V				o7	1	0	6, 3, 0, -3		6	6
81	77	307	1.5	1/2	1/2	4/4	2	1	V(#7)		e	VI		V(#7)		V			#7					M	1	0	1, 5, 2	6	1	1
81	77	617/2	0.5	7/8	7/8	4/4	2	1	V		e	VI		V		V								M	1	0	1, 5, 2		1	1
82	78	309	2.0	0	0	4/4	2	1	viio7(#0)		e	VI		viio7(#0)		vii	o	7	#0					o7	1	0	5, 2, -1, -4		5	5
82	78	311	1.0	1/2	1/2	4/4	2	1	viio7		e	VI		viio7		vii	o	7						o7	1	0	5, 2, -1, -4		5	5
82	78	312	1.0	3/4	3/4	4/4	2	1	V65		e	VI		V65		V		65						Mm7	1	0	5, 2, -1, 1		1	5
83	79	313	1.0	0	0	4/4	2	1	I		e	VI		I		I								M	1	0	0, 4, 1		0	0
83	79	314	2.0	1/4	1/4	4/4	2	1	I(9)		e	VI		I(9)		I			9					M	1	0	0, 4, 1	2	0	0
83	79	316	1.0	3/4	3/4	4/4	2	1	I		e	VI		I		I								M	1	0	0, 4, 1		0	0
84	80	317	1.0	0	0	4/4	2	1	vi		e	VI		vi		vi								m	1	0	3, 0, 4		3	3
84	80	318	2.0	1/4	1/4	4/4	2	1	vi(9)		e	VI		vi(9)		vi			9					m	1	0	3, 0, 4	5	3	3
84	80	320	1.0	3/4	3/4	4/4	2	1	vi		e	VI		vi		vi								m	1	0	3, 0, 4		3	3
85	81	321	2.0	0	0	4/4	2	1	iv.V43/V		e	iv		V43/V		V		43		V				Mm7	1	1	3, 0, 2, 6		2	3
85	81	323	2.0	1/2	1/2	4/4	2	1	Fr6		e	iv		Fr6	Fr	V		43	b5	V				Fr	1	1	-4, 0, 2, 6		2	-4
86	82	325	4.0	0	0	4/4	2	1	V(4)		e	iv		V(4)		V			4					M	1	1	1, 0, 2		1	1
87	83	329	2.0	0	0	4/4	2	1	V65(b5)/V		e	iv		V65(b5)/V		V		65	b5	V				Mm7	1	1	6, -4, 0, 2		2	6
87	83	331	1.5	1/2	1/2	4/4	2	1	ii65		e	iv		ii65		ii		65						mm7	1	1	-1, 3, 0, 2		2	-1
87	83	665/2	0.5	7/8	7/8	4/4	2	1	I.V7(+6)/V		e	I		V7(+6)/V		V		7	+6	V				Mm7	1	0	2, 6, 3, 0	5	2	2
88	84	333	1.0	0	0	4/4	2	1	V[V7/V		e	I	V	V7/V		V		7		V				Mm7	1	0	2, 6, 3, 0		2	2
88	84	334	1.0	1/4	1/4	4/4	2	1	V+(#7)/V		e	I		V+(#7)/V		V	+		#7	V				+	1	0	2, 6, 10	7	2	2
88	84	335	1.0	1/2	1/2	4/4	2	1	V(9)		e	I		V(9)		V			9					M	1	0	1, 5, 2	3	1	1
88	84	336	1.0	3/4	3/4	4/4	2	1	V7(#5)]		e	I		V7(#5)		V		7	#5		]			Mm7	1	0	1, 5, 9, -1		1	1
89	85	337	1.0	0	0	4/4	2	1	I|IAC}{		e	I		I		I						IAC	}{	M	1	0	0, 4, 1		0	0
89	85	338	2.0	1/4	1/4	4/4	2	1	I(9)		e	I		I(9)		I			9					M	1	0	0, 4, 1	2	0	0
89	85	340	1.0	3/4	3/4	4/4	2	1	I		e	I		I		I								M	1	0	0, 4, 1		0	0
90	86	341	1.0	0	0	4/4	2	1	vi		e	I		vi		vi								m	1	0	3, 0, 4		3	3
90	86	342	2.0	1/4	1/4	4/4	2	1	vi(9)		e	I		vi(9)		vi			9					m	1	0	3, 0, 4	5	3	3
90	86	344	1.0	3/4	3/4	4/4	2	1	vi		e	I		vi		vi								m	1	0	3, 0, 4		3	3
91	87	345	2.0	0	0	4/4	2	1	viio7/V		e	I		viio7/V		vii	o	7		V				o7	1	0	6, 3, 0, -3		6	6
91	87	347	1.5	1/2	1/2	4/4	2	1	V(#7)		e	I		V(#7)		V			#7					M	1	0	1, 5, 2	6	1	1
91	87	697/2	0.5	7/8	7/8	4/4	2	1	V		e	I		V		V								M	1	0	1, 5, 2		1	1
92	88	349	2.0	0	0	4/4	2	1	viio7(#0)		e	I		viio7(#0)		vii	o	7	#0					o7	1	0	5, 2, -1, -4		5	5
92	88	351	1.0	1/2	1/2	4/4	2	1	viio7		e	I		viio7		vii	o	7						o7	1	0	5, 2, -1, -4		5	5
92	88	352	1.0	3/4	3/4	4/4	2	1	V65		e	I		V65		V		65						Mm7	1	0	5, 2, -1, 1		1	5
93	89	353	1.0	0	0	4/4	2	1	I		e	I		I		I								M	1	0	0, 4, 1		0	0
93	89	354	2.0	1/4	1/4	4/4	2	1	I(9)		e	I		I(9)		I			9					M	1	0	0, 4, 1	2	0	0
93	89	356	1.0	3/4	3/4	4/4	2	1	I		e	I		I		I								M	1	0	0, 4, 1		0	0
94	90	357	1.0	0	0	4/4	2	1	vi		e	I		vi		vi								m	1	0	3, 0, 4		3	3
94	90	358	2.0	1/4	1/4	4/4	2	1	vi(9)		e	I		vi(9)		vi			9					m	1	0	3, 0, 4	5	3	3
94	90	360	1.0	3/4	3/4	4/4	2	1	vi		e	I		vi		vi								m	1	0	3, 0, 4		3	3
95	91	361	2.0	0	0	4/4	2	1	IV.V43/V		e	IV		V43/V		V		43		V				Mm7	1	0	3, 0, 2, 6		2	3
95	91	363	2.0	1/2	1/2	4/4	2	1	Fr6		e	IV		Fr6	Fr	V		43	b5	V				Fr	1	0	-4, 0, 2, 6		2	-4
96	92	365	4.0	0	0	4/4	2	1	V(64)		e	IV		V(64)		V			64					M	1	0	1, 0, 4		1	1
97	93	369	1.0	0	0	4/4	2	1	V7(6)		e	IV		V7(6)		V		7	6					Mm7	1	0	1, 5, 4, -1		1	1
97	93	370	1.0	1/4	1/4	4/4	2	1	V7		e	IV		V7		V		7						Mm7	1	0	1, 5, 2, -1		1	1
97	93	371	1.5	1/2	1/2	4/4	2	1	V7(6)		e	IV		V7(6)		V		7	6					Mm7	1	0	1, 5, 4, -1		1	1
97	93	745/2	0.5	7/8	7/8	4/4	2	1	V7		e	IV		V7		V		7						Mm7	1	0	1, 5, 2, -1		1	1
98	94	373	3.0	0	0	4/4	2	1	I|IAC}		e	IV		I		I						IAC	}	M	1	0	0, 4, 1		0	0
98	94	376	1.0	3/4	3/4	4/4	2	1	I{		e	IV		I		I							{	M	1	0	0, 4, 1		0	0
99	95	377	1.0	0	0	4/4	2	1	vi7		e	IV		vi7		vi		7						mm7	1	0	3, 0, 4, 1		3	3
99	95	378	2.0	1/4	1/4	4/4	2	1	viio6/V		e	IV		viio6/V		vii	o	6		V				o	1	0	3, 0, 6		6	3
99	95	380	1.0	3/4	3/4	4/4	2	1	IV6		e	IV		IV6		IV		6						M	1	0	3, 0, -1		-1	3
100	96	381	1.0	0	0	4/4	2	1	I64(4)		e	IV		I64(4)		I		64	4					M	1	0	1, 0, -1		0	1
100	96	382	2.0	1/4	1/4	4/4	2	1	I64(#2)		e	IV		I64(#2)		I		64	#2					M	1	0	1, 0, 9		0	1
100	96	384	1.0	3/4	3/4	4/4	2	1	I64		e	IV		I64		I		64						M	1	0	1, 0, 4		0	1
101	97	385	1.0	0	0	4/4	2	1	V65(6)/V		e	IV		V65(6)/V		V		65	6	V				Mm7	1	0	6, 5, 0, 2		2	6
101	97	386	1.0	1/4	1/4	4/4	2	1	V65/V		e	IV		V65/V		V		65		V				Mm7	1	0	6, 3, 0, 2		2	6
101	97	387	1.5	1/2	1/2	4/4	2	1	viio43		e	IV		viio43		vii	o	43						o7	1	0	-1, -4, 5, 2		5	-1
101	97	777/2	0.5	7/8	7/8	4/4	2	1	V2		e	IV		V2		V		2						Mm7	1	0	-1, 1, 5, 2		1	-1
102	98	389	3.0	0	0	4/4	2	1	I6		e	IV		I6		I		6						M	1	0	4, 1, 0		0	4
102	98	392	1.0	3/4	3/4	4/4	2	1	I		e	IV		I		I								M	1	0	0, 4, 1		0	0
103	99	393	1.0	0	0	4/4	2	1	vi7		e	IV		vi7		vi		7						mm7	1	0	3, 0, 4, 1		3	3
103	99	394	2.0	1/4	1/4	4/4	2	1	viio6/V		e	IV		viio6/V		vii	o	6		V				o	1	0	3, 0, 6		6	3
103	99	396	1.0	3/4	3/4	4/4	2	1	IV6		e	IV		IV6		IV		6						M	1	0	3, 0, -1		-1	3
104	100	397	1.0	0	0	4/4	2	1	I64(4)		e	IV		I64(4)		I		64	4					M	1	0	1, 0, -1		0	1
104	100	398	2.0	1/4	1/4	4/4	2	1	I64(#2)		e	IV		I64(#2)		I		64	#2					M	1	0	1, 0, 9		0	1
104	100	400	1.0	3/4	3/4	4/4	2	1	I64		e	IV		I64		I		64						M	1	0	1, 0, 4		0	1
105	101	401	1.0	0	0	4/4	2	1	#vi.ii%7(+4)		e	#vi		ii%7(+4)		ii	%	7	+4					%7	1	1	2, -1, -4, 0	1	2	2
105	101	402	1.0	1/4	1/4	4/4	2	1	ii%7		e	#vi		ii%7		ii	%	7						%7	1	1	2, -1, -4, 0		2	2
105	101	403	1.5	1/2	1/2	4/4	2	1	#viio43(4)		e	#vi		#viio43(4)		#vii	o	43	4					o7	1	1	-1, -4, 5, -3		5	-1
105	101	809/2	0.5	7/8	7/8	4/4	2	1	#viio43		e	#vi		#viio43		#vii	o	43						o7	1	1	-1, -4, 5, 2		5	-1
106	102	405	2.5	0	0	4/4	2	1	i(9#7)		e	#vi		i(9#7)		i			9#7					m	1	1	0, -3, 1	2, 5	0	0
106	102	815/2	0.5	5/8	5/8	4/4	2	1	i6(9)		e	#vi		i6(9)		i		6	9					m	1	1	-3, 1, 0	2	0	-3
106	102	408	1.0	3/4	3/4	4/4	2	1	i64		e	#vi		i64		i		64						m	1	1	1, 0, -3		0	1
107	103	409	1.0	0	0	4/4	2	1	VIM7		e	#vi		VIM7		VI	M	7						MM7	1	1	-4, 0, -3, 1		-4	-4
107	103	410	2.0	1/4	1/4	4/4	2	1	It6		e	#vi		It6	It	vii	o	6	b3	V				It	1	1	-4, 0, 6		6	-4
107	103	412	1.0	3/4	3/4	4/4	2	1	iv6		e	#vi		iv6		iv		6						m	1	1	-4, 0, -1		-1	-4
108	104	413	1.0	0	0	4/4	2	1	i64(4)		e	#vi		i64(4)		i		64	4					m	1	1	1, 0, -1		0	1
108	104	414	2.0	1/4	1/4	4/4	2	1	I64		e	#vi		I64		I		64						M	1	1	1, 0, 4		0	1
108	104	416	1.0	3/4	3/4	4/4	2	1	i64		e	#vi		i64		i		64						m	1	1	1, 0, -3		0	1
109	105	417	1.0	0	0	4/4	2	1	viio7(4)/V		e	#vi		viio7(4)/V		vii	o	7	4	V				o7	1	1	6, 5, 0, -3		6	6
109	105	418	1.0	1/4	1/4	4/4	2	1	viio7/V		e	#vi		viio7/V		vii	o	7		V				o7	1	1	6, 3, 0, -3		6	6
109	105	419	1.5	1/2	1/2	4/4	2	1	viio43		e	#vi		viio43		vii	o	43						o7	1	1	-8, -11, -2, -5		-2	-8
109	105	841/2	0.5	7/8	7/8	4/4	2	1	V2		e	#vi		V2		V		2						Mm7	1	1	-1, 1, 5, 2		1	-1
110	106	421	3.0	0	0	4/4	2	1	i6		e	#vi		i6		i		6						m	1	1	-3, 1, 0		0	-3
110	106	424	1.0	3/4	3/4	4/4	2	1	i		e	#vi		i		i								m	1	1	0, -3, 1		0	0
111	107	425	1.0	0	0	4/4	2	1	VIM7		e	#vi		VIM7		VI	M	7						MM7	1	1	-4, 0, -3, 1		-4	-4
111	107	426	2.0	1/4	1/4	4/4	2	1	It6		e	#vi		It6	It	vii	o	6	b3	V				It	1	1	-4, 0, 6		6	-4
111	107	428	1.0	3/4	3/4	4/4	2	1	iv6		e	#vi		iv6		iv		6						m	1	1	-4, 0, -1		-1	-4
112	108	429	1.0	0	0	4/4	2	1	i64(4)		e	#vi		i64(4)		i		64	4					m	1	1	1, 0, -1		0	1
112	108	430	2.0	1/4	1/4	4/4	2	1	I64		e	#vi		I64		I		64						M	1	1	1, 0, 4		0	1
112	108	432	1.0	3/4	3/4	4/4	2	1	i64		e	#vi		i64		i		64						m	1	1	1, 0, -3		0	1
113	109	433	1.0	0	0	4/4	2	1	VII.vii%43		e	VII		vii%43		vii	%	43						%7	1	0	-1, 3, 5, 2		5	-1
113	109	434	1.0	1/4	1/4	4/4	2	1	viio43		e	VII		viio43		vii	o	43						o7	1	0	-1, -4, 5, 2		5	-1
113	109	435	2.0	1/2	1/2	4/4	2	1	I6		e	VII		I6		I		6						M	1	0	4, 1, 0		0	4
114	110	437	1.0	0	0	4/4	2	1	iv.bII64		e	iv		bII64		bII		64						M	1	1	-4, -5, -1		-5	-4
114	110	438	2.0	1/4	1/4	4/4	2	1	bII64(9)		e	iv		bII64(9)		bII		64	9					M	1	1	-4, -5, -1	-3	-5	-4
114	110	440	1.0	3/4	3/4	4/4	2	1	bII64		e	iv		bII64		bII		64						M	1	1	-4, -5, -1		-5	-4
115	111	441	1.0	0	0	4/4	2	1	#viio2(2)		e	iv		#viio2(2)		#vii	o	2	2					o7	1	1	-4, 0, 2, -1		5	-4
115	111	442	2.5	1/4	1/4	4/4	2	1	#viio2		e	iv		#viio2		#vii	o	2						o7	1	1	-4, 5, 2, -1		5	-4
115	111	889/2	0.5	7/8	7/8	4/4	2	1	iio6		e	iv		iio6		ii	o	6						o	1	1	-1, -4, 2		2	-1
116	112	445	1.0	0	0	4/4	2	1	bII6		e	iv		bII6		bII		6						M	1	1	-1, -4, -5		-5	-1
116	112	446	2.0	1/4	1/4	4/4	2	1	bII64(9)		e	iv		bII64(9)		bII		64	9					M	1	1	-4, -5, -1	-3	-5	-4
116	112	448	1.0	3/4	3/4	4/4	2	1	bII		e	iv		bII		bII								M	1	1	-5, -1, -4		-5	-5
117	113	449	1.0	0	0	4/4	2	1	#viio7(2)		e	iv		#viio7(2)		#vii	o	7	2					o7	1	1	0, 2, -1, -4		5	0
117	113	450	2.5	1/4	1/4	4/4	2	1	#viio7		e	iv		#viio7		#vii	o	7						o7	1	1	5, 2, -1, -4		5	5
117	113	905/2	0.5	7/8	7/8	4/4	2	1	iio64		e	iv		iio64		ii	o	64						o	1	1	-4, 2, -1		2	-4
118	114	453	1.0	0	0	4/4	2	1	vi.bII64		e	vi		bII64		bII		64						M	1	1	-4, -5, -1		-5	-4
118	114	454	2.0	1/4	1/4	4/4	2	1	bII64(9)		e	vi		bII64(9)		bII		64	9					M	1	1	-4, -5, -1	-3	-5	-4
118	114	456	1.0	3/4	3/4	4/4	2	1	bII64		e	vi		bII64		bII		64						M	1	1	-4, -5, -1		-5	-4
119	115	457	1.0	0	0	4/4	2	1	#viio2(2)		e	vi		#viio2(2)		#vii	o	2	2					o7	1	1	-4, 0, 2, -1		5	-4
119	115	458	2.5	1/4	1/4	4/4	2	1	#viio2		e	vi		#viio2		#vii	o	2						o7	1	1	-4, 5, 2, -1		5	-4
119	115	921/2	0.5	7/8	7/8	4/4	2	1	iio6		e	vi		iio6		ii	o	6						o	1	1	-1, -4, 2		2	-1
120	116	461	1.0	0	0	4/4	2	1	bII6		e	vi		bII6		bII		6						M	1	1	-1, -4, -5		-5	-1
120	116	462	2.0	1/4	1/4	4/4	2	1	bII64(9)		e	vi		bII64(9)		bII		64	9					M	1	1	-4, -5, -1	-3	-5	-4
120	116	464	1.0	3/4	3/4	4/4	2	1	bII		e	vi		bII		bII								M	1	1	-5, -1, -4		-5	-5
121	117	465	1.0	0	0	4/4	2	1	#viio7(2)		e	vi		#viio7(2)		#vii	o	7	2					o7	1	1	0, 2, -1, -4		5	0
121	117	466	11.0	1/4	1/4	4/4	2	1	#viio7|HC}		e	vi		#viio7		#vii	o	7				HC	}	o7	1	1	5, 2, -1, -4		5	5
123	119	477	4.0	0	0	4/4	2	1	#viio2{		e	vi		#viio2		#vii	o	2					{	o7	1	1	-4, 5, 2, -1		5	-4
124	120	481	2.0	0	0	4/4	2	1	ii.#viio6		e	ii		#viio6		#vii	o	6						o	1	1	2, -1, 5		5	2
124	120	483	1.5	1/2	1/2	4/4	2	1	V43(#2)		e	ii		V43(#2)		V		43	#2					Mm7	1	1	2, -1, 1, 3		1	2
124	120	969/2	0.5	7/8	7/8	4/4	2	1	V43		e	ii		V43		V		43						Mm7	1	1	2, -1, 1, 5		1	2
125	121	485	1.25	0	0	4/4	2	1	V43(#2)		e	ii		V43(#2)		V		43	#2					Mm7	1	1	2, -1, 1, 3		1	2
125	121	1945/4	2.25	5/16	5/16	4/4	2	1	V43		e	ii		V43		V		43						Mm7	1	1	2, -1, 1, 5		1	2
125	121	977/2	0.375	7/8	7/8	4/4	2	1	V43(#2)}		e	ii		V43(#2)		V		43	#2				}	Mm7	1	1	2, -1, 1, 3		1	2
125	121	3911/8	0.125	31/32	31/32	4/4	2	1	V43|HC		e	ii		V43		V		43				HC		Mm7	1	1	2, -1, 1, 5		1	2
126	122	489	2.0	0	0	4/4	2	1	VII.V7{		e	VII		V7		V		7					{	Mm7	1	0	1, 5, 2, -1		1	1
126	122	491	1.5	1/2	1/2	4/4	2	1	#viio7(#4)/vi		e	VII		#viio7(#4)/vi		#vii	o	7	#4	vi				o7	1	0	8, 5, 7, -1		8	8
126	122	985/2	0.5	7/8	7/8	4/4	2	1	#viio7/vi		e	VII		#viio7/vi		#vii	o	7		vi				o7	1	0	8, 5, 2, -1		8	8
127	123	493	1.0	0	0	4/4	2	1	ii64		e	VII		ii64		ii		64						m	1	0	3, 2, -1		2	3
127	123	494	1.0	1/4	1/4	4/4	2	1	v6		e	VII		v6		v		6						m	1	0	-2, 2, 1		1	-2
127	123	495	4.0	1/2	1/2	4/4	2	1	V43/vi|HC}		e	VII		V43/vi		V		43		vi		HC	}	Mm7	1	0	5, 2, 4, 8		4	5
128	124	499	0.5	0	0	4/4	2	1	IV64(+6){		e	VII		IV64(+6)		IV		64	+6				{	M	1	0	0, -1, 3	2	-1	0
128	124	999/2	0.5	1/8	1/8	4/4	2	1	IV64		e	VII		IV64		IV		64						M	1	0	0, -1, 3		-1	0
128	124	500	0.5	1/4	1/4	4/4	2	1	ii%2		e	VII		ii%2		ii	%	2						%7	1	0	0, 2, -1, -4		2	0
128	124	1001/2	0.5	3/8	3/8	4/4	2	1	viio43		e	VII		viio43		vii	o	43						o7	1	0	-1, -4, 5, 2		5	-1
128	124	501	1.875	1/2	1/2	4/4	2	1	I		e	VII		I		I								M	1	0	0, 4, 1		0	0
128	124	4023/8	0.125	31/32	31/32	4/4	2	1	V7/IV		e	VII		V7/IV		V		7		IV				Mm7	1	0	0, 4, 1, -2		0	0
129	125	503	0.5	0	0	4/4	2	1	V.I6(b9)		e	V		I6(b9)		I		6	b9					M	1	0	4, 1, 0	-5	0	4
129	125	1007/2	0.5	1/8	1/8	4/4	2	1	I6		e	V		I6		I		6						M	1	0	4, 1, 0		0	4
129	125	504	1.0	1/4	1/4	4/4	2	1	iv		e	V		iv		iv								m	1	0	-1, -4, 0		-1	-1
129	125	505	2.0	1/2	1/2	4/4	2	1	vi.V2		e	vi		V2		V		2						Mm7	1	1	-1, 1, 5, 2		1	-1
130	126	507	2.0	0	0	4/4	2	1	i6		e	vi		i6		i		6						m	1	1	-3, 1, 0		0	-3
130	126	509	2.0	1/2	1/2	4/4	2	1	#viio43		e	vi		#viio43		#vii	o	43						o7	1	1	-1, -4, 5, 2		5	-1
131	127	511	2.0	0	0	4/4	2	1	V.V(64)		e	V		V(64)		V			64					M	1	0	1, 0, 4		1	1
131	127	513	1.0	1/2	1/2	4/4	2	1	V7		e	V		V7		V		7						Mm7	1	0	1, 5, 2, -1		1	1
131	127	514	0.875	3/4	3/4	4/4	2	1	V7(6)		e	V		V7(6)		V		7	6					Mm7	1	0	1, 5, 4, -1		1	1
131	127	4119/8	0.125	31/32	31/32	4/4	2	1	V7		e	V		V7		V		7						Mm7	1	0	1, 5, 2, -1		1	1
132	128	515	0.5	0	0	4/4	2	1	I|PAC}		e	V		I		I						PAC	}	M	1	0	0, 4, 1		0	0
132	128	1031/2	1.0	1/8	1/8	4/4	2	1	I6{		e	V		I6		I		6					{	M	1	0	4, 1, 0		0	4
132	128	1033/2	2.0	3/8	3/8	4/4	2	1	I		e	V		I		I								M	1	0	0, 4, 1		0	0
132	128	1037/2	0.5	7/8	7/8	4/4	2	1	I64		e	V		I64		I		64						M	1	0	1, 0, 4		0	1
133	129	519	2.0	0	0	4/4	2	1	iv6		e	V		iv6		iv		6						m	1	0	-4, 0, -1		-1	-4
133	129	521	1.0	1/2	1/2	4/4	2	1	bIIM43		e	V		bIIM43		bII	M	43						MM7	1	0	-4, 0, -5, -1		-5	-4
133	129	522	1.0	3/4	3/4	4/4	2	1	viio2		e	V		viio2		vii	o	2						o7	1	0	-4, 5, 2, -1		5	-4
134	130	523	1.6666666666666288	0	0	4/4	2	1	I64		e	V		I64		I		64						M	1	0	1, 0, 4		0	1
134	130	1574/3	0.6666666666667425	5/12	5/12	4/4	2	1	I6		e	V		I6		I		6						M	1	0	4, 1, 0		0	4
134	130	1576/3	0.9166666666666288	7/12	7/12	4/4	2	1	I		e	V		I		I								M	1	0	0, 4, 1		0	0
134	130	2105/4	1.25	13/16	13/16	4/4	2	1	I64		e	V		I64		I		64						M	1	0	1, 0, 4		0	1
135	131	1055/2	2.0	0	0	4/4	2	1	iv6		e	V		iv6		iv		6						m	1	0	-4, 0, -1		-1	-4
135	131	1059/2	1.0	1/2	1/2	4/4	2	1	bIIM43		e	V		bIIM43		bII	M	43						MM7	1	0	-4, 0, -5, -1		-5	-4
135	131	1061/2	1.0	3/4	3/4	4/4	2	1	ii%43		e	V		ii%43		ii	%	43						%7	1	0	-4, 0, 2, -1		2	-4
136	132	1063/2	1.0	0	0	4/4	2	1	#III.viio7		e	#III		viio7		vii	o	7						o7	1	0	5, 2, -1, -4		5	5
136	132	1065/2	1.5	1/4	1/4	4/4	2	1	V65		e	#III		V65		V		65						Mm7	1	0	5, 2, -1, 1		1	5
136	132	534	0.5	5/8	5/8	4/4	2	1	V7		e	#III		V7		V		7						Mm7	1	0	1, 5, 2, -1		1	1
136	132	1069/2	1.0	3/4	3/4	4/4	2	1	V65		e	#III		V65		V		65						Mm7	1	0	5, 2, -1, 1		1	5
137	133	1071/2	0.5	0	0	4/4	2	1	I(6)		e	#III		I(6)		I			6					M	1	0	0, 4, 3		0	0
137	133	536	1.0	1/8	1/8	4/4	2	1	I		e	#III		I		I								M	1	0	0, 4, 1		0	0
137	133	537	0.5	3/8	3/8	4/4	2	1	I64		e	#III		I64		I		64						M	1	0	1, 0, 4		0	1
137	133	1075/2	0.5	1/2	1/2	4/4	2	1	vii%7		e	#III		vii%7		vii	%	7						%7	1	0	5, 2, -1, 3		5	5
137	133	538	0.5	5/8	5/8	4/4	2	1	V65		e	#III		V65		V		65						Mm7	1	0	5, 2, -1, 1		1	5
137	133	1077/2	1.0	3/4	3/4	4/4	2	1	V		e	#III		V		V								M	1	0	1, 5, 2		1	1
138	134	1079/2	4.0	0	0	4/4	2	1	#viio7/ii		e	#III		#viio7/ii		#vii	o	7		ii				o7	1	0	7, 4, 1, -2		7	7
139	135	1087/2	0.5	0	0	4/4	2	1	V.I(b6)		e	V		I(b6)		I			b6					M	1	0	0, 4, -4		0	0
139	135	544	1.0	1/8	1/8	4/4	2	1	I		e	V		I		I								M	1	0	0, 4, 1		0	0
139	135	545	0.5	3/8	3/8	4/4	2	1	I64		e	V		I64		I		64						M	1	0	1, 0, 4		0	1
139	135	1091/2	0.5	1/2	1/2	4/4	2	1	viio7		e	V		viio7		vii	o	7						o7	1	0	5, 2, -1, -4		5	5
139	135	546	0.5	5/8	5/8	4/4	2	1	V65		e	V		V65		V		65						Mm7	1	0	5, 2, -1, 1		1	5
139	135	1093/2	1.0	3/4	3/4	4/4	2	1	V		e	V		V		V								M	1	0	1, 5, 2		1	1
140	136	1095/2	4.0	0	0	4/4	2	1	VII.viio43/IV		e	VII		viio43/IV		vii	o	43		IV				o7	1	0	-2, -5, 4, 1		4	-2
141	137	1103/2	0.5	0	0	4/4	2	1	I(b6)		e	VII		I(b6)		I			b6					M	1	0	0, 4, -4		0	0
141	137	552	1.0	1/8	1/8	4/4	2	1	I		e	VII		I		I								M	1	0	0, 4, 1		0	0
141	137	553	0.5	3/8	3/8	4/4	2	1	I64		e	VII		I64		I		64						M	1	0	1, 0, 4		0	1
141	137	1107/2	0.5	1/2	1/2	4/4	2	1	viio7		e	VII		viio7		vii	o	7						o7	1	0	5, 2, -1, -4		5	5
141	137	554	0.5	5/8	5/8	4/4	2	1	V65		e	VII		V65		V		65						Mm7	1	0	5, 2, -1, 1		1	5
141	137	1109/2	1.0	3/4	3/4	4/4	2	1	V		e	VII		V		V								M	1	0	1, 5, 2		1	1
142	138	1111/2	0.5	0	0	4/4	2	1	I(b6)		e	VII		I(b6)		I			b6					M	1	0	0, 4, -4		0	0
142	138	556	1.0	1/8	1/8	4/4	2	1	I		e	VII		I		I								M	1	0	0, 4, 1		0	0
142	138	557	0.5	3/8	3/8	4/4	2	1	I64		e	VII		I64		I		64						M	1	0	1, 0, 4		0	1
142	138	1115/2	0.5	1/2	1/2	4/4	2	1	viio7		e	VII		viio7		vii	o	7						o7	1	0	5, 2, -1, -4		5	5
142	138	558	0.5	5/8	5/8	4/4	2	1	V6		e	VII		V6		V		6						M	1	0	5, 2, 1		1	5
142	138	1117/2	1.0	3/4	3/4	4/4	2	1	V		e	VII		V		V								M	1	0	1, 5, 2		1	1
143	139	1119/2	1.5	0	0	4/4	2	1	iii.#viio65		e	iii		#viio65		#vii	o	65						o7	1	1	2, -1, -4, 5		5	2
143	139	561	10.5	3/8	3/8	4/4	2	1	#viio7		e	iii		#viio7		#vii	o	7						o7	1	1	5, 2, -1, -4		5	5
146	142	1143/2	1.5	0	0	4/4	2	1	iv.#viio65		e	iv		#viio65		#vii	o	65						o7	1	1	2, -1, -4, 5		5	2
146	142	573	10.5	3/8	3/8	4/4	2	1	#viio7		e	iv		#viio7		#vii	o	7						o7	1	1	5, 2, -1, -4		5	5
149	145	1167/2	1.5	0	0	4/4	2	1	V.viio65		e	V		viio65		vii	o	65						o7	1	0	2, -1, -4, 5		5	2
149	145	585	2.5	3/8	3/8	4/4	2	1	viio7		e	V		viio7		vii	o	7						o7	1	0	5, 2, -1, -4		5	5
150	146	1175/2	2.0	0	0	4/4	2	1	#viio7/iii		e	V		#viio7/iii		#vii	o	7		iii				o7	1	0	9, 6, 3, 0		9	9
150	146	1179/2	2.0	1/2	1/2	4/4	2	1	viio7/IV		e	V		viio7/IV		vii	o	7		IV				o7	1	0	4, 1, -2, -5		4	4
151	147	1183/2	2.0	0	0	4/4	2	1	viio7/bV		e	V		viio7/bV		vii	o	7		bV				o7	1	0	-1, -4, -7, -10		-1	-1
151	147	1187/2	13.75	1/2	1/2	4/4	2	1	viio7/V		e	V		viio7/V		vii	o	7		V				o7	1	0	6, 3, 0, -3		6	6
153	149	2429/4	1.0	0	0	4/4	2	1	#viio7/iii		e	V		#viio7/iii		#vii	o	7		iii				o7	1	0	9, 6, 3, 0		9	9
153	149	2433/4	8.0	1/4	1/4	4/4	2	1	viio7/bIII		e	V		viio7/bIII		vii	o	7		bIII				o7	1	0	2, -1, -4, -7		2	2
155	151	2465/4	4.0	1/4	1/4	4/4	2	1	#viio7/ii		e	V		#viio7/ii		#vii	o	7		ii				o7	1	0	7, 4, 1, -2		7	7
156	152	2481/4	4.0	1/4	1/4	4/4	2	1	viio7/bII		e	V		viio7/bII		vii	o	7		bII				o7	1	0	0, -3, -6, -9		0	0
157	153	2497/4	15.0	1/4	1/4	4/4	2	1	viio7		e	V		viio7		vii	o	7						o7	1	0	5, 2, -1, -4		5	5
161	157	2557/4	2.0	0	0	4/4	2	1	bi.V7		e	bi		V7		V		7						Mm7	1	1	1, 5, 2, -1		1	1
161	157	2565/4	2.0	1/2	1/2	4/4	2	1	V(64)		e	bi		V(64)		V			64					M	1	1	1, 0, -3		1	1
162	158	2573/4	2.0	0	0	4/4	2	1	V7		e	bi		V7		V		7						Mm7	1	1	1, 5, 2, -1		1	1
162	158	2581/4	2.0	1/2	1/2	4/4	2	1	bii.#viio43		e	bii		#viio43		#vii	o	43						o7	1	1	-1, -4, 5, 2		5	-1
163	159	2589/4	4.0	0	0	4/4	2	1	V2		e	bii		V2		V		2						Mm7	1	1	-1, 1, 5, 2		1	-1
164	160	2605/4	4.0	0	0	4/4	2	1	i6|EC		e	bii		i6		i		6				EC		m	1	1	-3, 1, 0		0	-3
165	161	2621/4	8.0	0	0	4/4	2	1	i		e	bii		i		i								m	1	1	0, -3, 1		0	0
167	163	2653/4	2.0	0	0	4/4	2	1	i6		e	bii		i6		i		6						m	1	1	-3, 1, 0		0	-3
167	163	2661/4	2.0	1/2	1/2	4/4	2	1	v64		e	bii		v64		v		64						m	1	1	2, 1, -2		1	2
168	164	2669/4	4.0	0	0	4/4	2	1	I.viio65		e	I		viio65		vii	o	65						o7	1	0	2, -1, -4, 5		5	2
169	165	2685/4	8.0	0	0	4/4	2	1	iio6	iv	e	I		iio6		ii	o	6						o	1	0	-1, -4, 2		2	-1
171	167	2717/4	2.0	0	0	4/4	2	1	viio65		e	I		viio65		vii	o	65						o7	1	0	2, -1, -4, 5		5	2
171	167	2725/4	2.0	1/2	1/2	4/4	2	1	iv43		e	I		iv43		iv		43						mm7	1	0	0, -3, -1, -4		-1	0
172	168	2733/4	26.0	0	0	4/4	2	1	viio7		e	I		viio7		vii	o	7						o7	1	0	5, 2, -1, -4		5	5
173	169	2837/4	2.0	11/2	11/2	4/4	2	1	V|HC}		e	I		V		V						HC	}	M	1	0	1, 5, 2		1	1
174	170	2845/4	0.5	0	0	4/4	2	1	I{		e	I		I		I							{	M	1	0	0, 4, 1		0	0
174	170	2847/4	1.0	1/8	1/8	4/4	2	1	I(9)		e	I		I(9)		I			9					M	1	0	0, 4, 1	2	0	0
174	170	2851/4	0.5	3/8	3/8	4/4	2	1	I		e	I		I		I								M	1	0	0, 4, 1		0	0
174	170	2853/4	0.5	1/2	1/2	4/4	2	1	vi		e	I		vi		vi								m	1	0	3, 0, 4		3	3
174	170	2855/4	1.0	5/8	5/8	4/4	2	1	vi(9)		e	I		vi(9)		vi			9					m	1	0	3, 0, 4	5	3	3
174	170	2859/4	0.5	7/8	7/8	4/4	2	1	vi		e	I		vi		vi								m	1	0	3, 0, 4		3	3
175	171	2861/4	1.0	0	0	4/4	2	1	viio7/V		e	I		viio7/V		vii	o	7		V				o7	1	0	6, 3, 0, -3		6	6
175	171	2865/4	0.5	1/4	1/4	4/4	2	1	V(#7+b6)		e	I		V(#7+b6)		V			#7+b6					M	1	0	1, 5, 2	6, -3	1	1
175	171	2867/4	0.5	3/8	3/8	4/4	2	1	V		e	I		V		V								M	1	0	1, 5, 2		1	1
175	171	2869/4	1.5	1/2	1/2	4/4	2	1	viio7		e	I		viio7		vii	o	7						o7	1	0	5, 2, -1, -4		5	5
175	171	2875/4	0.5	7/8	7/8	4/4	2	1	V65		e	I		V65		V		65						Mm7	1	0	5, 2, -1, 1		1	5
176	172	2877/4	0.5	0	0	4/4	2	1	I		e	I		I		I								M	1	0	0, 4, 1		0	0
176	172	2879/4	1.5	1/8	1/8	4/4	2	1	IM7		e	I		IM7		I	M	7						MM7	1	0	0, 4, 1, 5		0	0
176	172	2885/4	0.5	1/2	1/2	4/4	2	1	vi		e	I		vi		vi								m	1	0	3, 0, 4		3	3
176	172	2887/4	1.5	5/8	5/8	4/4	2	1	vi7		e	I		vi7		vi		7						mm7	1	0	3, 0, 4, 1		3	3
177	173	2893/4	2.0	0	0	4/4	2	1	#vi.Fr6		e	#vi		Fr6	Fr	V		43	b5	V				Fr	1	1	-4, 0, 2, 6		2	-4
177	173	2901/4	2.0	1/2	1/2	4/4	2	1	V		e	#vi		V		V								M	1	1	1, 5, 2		1	1
178	174	2909/4	1.0	0	0	4/4	2	1	V65/V		e	#vi		V65/V		V		65		V				Mm7	1	1	6, 3, 0, 2		2	6
178	174	2913/4	0.75	1/4	1/4	4/4	2	1	I.V7(+6)/V		e	I		V7(+6)/V		V		7	+6	V				Mm7	1	0	2, 6, 3, 0	5	2	2
178	174	729	0.25	7/16	7/16	4/4	2	1	V7/V		e	I		V7/V		V		7		V				Mm7	1	0	2, 6, 3, 0		2	2
178	174	2917/4	0.5	1/2	1/2	4/4	2	1	V7(94)		e	I		V7(94)		V		7	94					Mm7	1	0	1, 0, 2, -1	3	1	1
178	174	2919/4	0.5	5/8	5/8	4/4	2	1	V7(#4#2)		e	I		V7(#4#2)		V		7	#4#2					Mm7	1	0	1, 10, 7, -1		1	1
178	174	2921/4	0.5	3/4	3/4	4/4	2	1	V7		e	I		V7		V		7						Mm7	1	0	1, 5, 2, -1		1	1
178	174	2923/4	0.5	7/8	7/8	4/4	2	1	V7(#5)		e	I		V7(#5)		V		7	#5					Mm7	1	0	1, 5, 9, -1		1	1
179	175	2925/4	0.5	0	0	4/4	2	1	I|IAC}{		e	I		I		I						IAC	}{	M	1	0	0, 4, 1		0	0
179	175	2927/4	1.0	1/8	1/8	4/4	2	1	I(9)		e	I		I(9)		I			9					M	1	0	0, 4, 1	2	0	0
179	175	2931/4	0.5	3/8	3/8	4/4	2	1	I		e	I		I		I								M	1	0	0, 4, 1		0	0
179	175	2933/4	0.5	1/2	1/2	4/4	2	1	vi		e	I		vi		vi								m	1	0	3, 0, 4		3	3
179	175	2935/4	1.0	5/8	5/8	4/4	2	1	vi(9)		e	I		vi(9)		vi			9					m	1	0	3, 0, 4	5	3	3
179	175	2939/4	0.5	7/8	7/8	4/4	2	1	vi		e	I		vi		vi								m	1	0	3, 0, 4		3	3
180	176	2941/4	1.0	0	0	4/4	2	1	viio7/V		e	I		viio7/V		vii	o	7		V				o7	1	0	6, 3, 0, -3		6	6
180	176	2945/4	0.5	1/4	1/4	4/4	2	1	V(#7)		e	I		V(#7)		V			#7					M	1	0	1, 5, 2	6	1	1
180	176	2947/4	0.5	3/8	3/8	4/4	2	1	V		e	I		V		V								M	1	0	1, 5, 2		1	1
180	176	2949/4	1.0	1/2	1/2	4/4	2	1	viio7(#0)		e	I		viio7(#0)		vii	o	7	#0					o7	1	0	5, 2, -1, -4		5	5
180	176	2953/4	0.5	3/4	3/4	4/4	2	1	viio7		e	I		viio7		vii	o	7						o7	1	0	5, 2, -1, -4		5	5
180	176	2955/4	0.5	7/8	7/8	4/4	2	1	V65		e	I		V65		V		65						Mm7	1	0	5, 2, -1, 1		1	5
181	177	2957/4	0.5	0	0	4/4	2	1	I		e	I		I		I								M	1	0	0, 4, 1		0	0
181	177	2959/4	1.0	1/8	1/8	4/4	2	1	I(9)		e	I		I(9)		I			9					M	1	0	0, 4, 1	2	0	0
181	177	2963/4	0.5	3/8	3/8	4/4	2	1	I		e	I		I		I								M	1	0	0, 4, 1		0	0
181	177	2965/4	0.5	1/2	1/2	4/4	2	1	vi		e	I		vi		vi								m	1	0	3, 0, 4		3	3
181	177	2967/4	1.0	5/8	5/8	4/4	2	1	vi(9)		e	I		vi(9)		vi			9					m	1	0	3, 0, 4	5	3	3
181	177	2971/4	0.5	7/8	7/8	4/4	2	1	vi		e	I		vi		vi								m	1	0	3, 0, 4		3	3
182	178	2973/4	2.0	0	0	4/4	2	1	#vi.Fr6		e	#vi		Fr6	Fr	V		43	b5	V				Fr	1	1	-4, 0, 2, 6		2	-4
182	178	2981/4	2.0	1/2	1/2	4/4	2	1	V		e	#vi		V		V								M	1	1	1, 5, 2		1	1
183	179	2989/4	1.0	0	0	4/4	2	1	Fr6		e	#vi		Fr6	Fr	V		43	b5	V				Fr	1	1	-4, 0, 2, 6		2	-4
183	179	2993/4	0.875	1/4	1/4	4/4	2	1	Ger6		e	#vi		Ger6	Ger	vii	o	65	b3	V				Ger	1	1	-4, 0, -3, 6		6	-4
183	179	5993/8	0.125	15/32	15/32	4/4	2	1	Fr6		e	#vi		Fr6	Fr	V		43	b5	V				Fr	1	1	-4, 0, 2, 6		2	-4
183	179	2997/4	2.0	1/2	1/2	4/4	2	1	V|HC}		e	#vi		V		V						HC	}	M	1	1	1, 5, 2		1	1
184	180	3005/4	0.5	0	0	4/4	2	1	I.ii{		e	I		ii		ii							{	m	1	0	2, -1, 3		2	2
184	180	3007/4	1.0	1/8	1/8	4/4	2	1	ii(+4)		e	I		ii(+4)		ii			+4					m	1	0	2, -1, 3	1	2	2
184	180	3011/4	0.5	3/8	3/8	4/4	2	1	ii		e	I		ii		ii								m	1	0	2, -1, 3		2	2
184	180	3013/4	0.5	1/2	1/2	4/4	2	1	vi		e	I		vi		vi								m	1	0	3, 0, 4		3	3
184	180	3015/4	1.0	5/8	5/8	4/4	2	1	vi(9)		e	I		vi(9)		vi			9					m	1	0	3, 0, 4	5	3	3
184	180	3019/4	0.5	7/8	7/8	4/4	2	1	vi		e	I		vi		vi								m	1	0	3, 0, 4		3	3
185	181	3021/4	1.0	0	0	4/4	2	1	ii%43		e	I		ii%43		ii	%	43						%7	1	0	-4, 0, 2, -1		2	-4
185	181	3025/4	1.0	1/4	1/4	4/4	2	1	V7		e	I		V7		V		7						Mm7	1	0	1, 5, 2, -1		1	1
185	181	3029/4	2.0	1/2	1/2	4/4	2	1	I		e	I		I		I								M	1	0	0, 4, 1		0	0
186	182	3037/4	0.5	0	0	4/4	2	1	III.ii		e	III		ii		ii								m	1	0	2, -1, 3		2	2
186	182	3039/4	1.0	1/8	1/8	4/4	2	1	ii(+4)		e	III		ii(+4)		ii			+4					m	1	0	2, -1, 3	1	2	2
186	182	3043/4	0.5	3/8	3/8	4/4	2	1	ii		e	III		ii		ii								m	1	0	2, -1, 3		2	2
186	182	3045/4	0.5	1/2	1/2	4/4	2	1	vi		e	III		vi		vi								m	1	0	3, 0, 4		3	3
186	182	3047/4	1.0	5/8	5/8	4/4	2	1	vi(9)		e	III		vi(9)		vi			9					m	1	0	3, 0, 4	5	3	3
186	182	3051/4	0.5	7/8	7/8	4/4	2	1	vi		e	III		vi		vi								m	1	0	3, 0, 4		3	3
187	183	3053/4	1.0	0	0	4/4	2	1	ii%43		e	III		ii%43		ii	%	43						%7	1	0	-4, 0, 2, -1		2	-4
187	183	3057/4	1.0	1/4	1/4	4/4	2	1	V7		e	III		V7		V		7						Mm7	1	0	1, 5, 2, -1		1	1
187	183	3061/4	2.0	1/2	1/2	4/4	2	1	I		e	III		I		I								M	1	0	0, 4, 1		0	0
188	184	3069/4	0.5	0	0	4/4	2	1	bVI6		e	III		bVI6		bVI		6						M	1	0	0, -3, -4		-4	0
188	184	3071/4	1.0	1/8	1/8	4/4	2	1	bVI6(2)		e	III		bVI6(2)		bVI		6	2					M	1	0	0, -3, 5		-4	0
188	184	3075/4	1.0	3/8	3/8	4/4	2	1	bVI		e	III		bVI		bVI								M	1	0	-4, 0, -3		-4	-4
188	184	3079/4	1.0	5/8	5/8	4/4	2	1	I64		e	III		I64		I		64						M	1	0	1, 0, 4		0	1
188	184	3083/4	0.5	7/8	7/8	4/4	2	1	I		e	III		I		I								M	1	0	0, 4, 1		0	0
189	185	3085/4	0.5	0	0	4/4	2	1	I6		e	III		I6		I		6						M	1	0	4, 1, 0		0	4
189	185	3087/4	1.0	1/8	1/8	4/4	2	1	I6(2)		e	III		I6(2)		I		6	2					M	1	0	4, 1, 2		0	4
189	185	3091/4	1.0	3/8	3/8	4/4	2	1	I		e	III		I		I								M	1	0	0, 4, 1		0	0
189	185	3095/4	1.0	5/8	5/8	4/4	2	1	I.V64		e	I		V64		V		64						M	1	0	2, 1, 5		1	2
189	185	3099/4	0.5	7/8	7/8	4/4	2	1	V		e	I		V		V								M	1	0	1, 5, 2		1	1
190	186	3101/4	0.5	0	0	4/4	2	1	iv6		e	I		iv6		iv		6						m	1	0	-4, 0, -1		-1	-4
190	186	3103/4	1.0	1/8	1/8	4/4	2	1	iv6(2)		e	I		iv6(2)		iv		6	2					m	1	0	-4, 0, 1		-1	-4
190	186	3107/4	0.5	3/8	3/8	4/4	2	1	iv		e	I		iv		iv								m	1	0	-1, -4, 0		-1	-1
190	186	3109/4	0.5	1/2	1/2	4/4	2	1	bII		e	I		bII		bII								M	1	0	-5, -1, -4		-5	-5
190	186	3111/4	1.0	5/8	5/8	4/4	2	1	bII6(2)		e	I		bII6(2)		bII		6	2					M	1	0	-1, -4, 4		-5	-1
190	186	3115/4	0.5	7/8	7/8	4/4	2	1	bIIM2		e	I		bIIM2		bII	M	2						MM7	1	0	0, -5, -1, -4		-5	0
191	187	3117/4	0.5	0	0	4/4	2	1	V/bIII		e	I		V/bIII		V				bIII				M	1	0	-2, 2, -1		-2	-2
191	187	3119/4	1.0	1/8	1/8	4/4	2	1	V(2)/bIII		e	I		V(2)/bIII		V			2	bIII				M	1	0	0, 2, -1		-2	0
191	187	3123/4	0.5	3/8	3/8	4/4	2	1	V2/bIII		e	I		V2/bIII		V		2		bIII				Mm7	1	0	-4, -2, 2, -1		-2	-4
191	187	3125/4	2.0	1/2	1/2	4/4	2	1	V|HC}		e	I		V		V						HC	}	M	1	0	1, 5, 2		1	1
192	188	3133/4	0.5	0	0	4/4	2	1	I6{		e	I		I6		I		6					{	M	1	0	4, 1, 0		0	4
192	188	3135/4	1.0	1/8	1/8	4/4	2	1	I(2)		e	I		I(2)		I			2					M	1	0	2, 4, 1		0	2
192	188	3139/4	0.5	3/8	3/8	4/4	2	1	I		e	I		I		I								M	1	0	0, 4, 1		0	0
192	188	3141/4	0.5	1/2	1/2	4/4	2	1	vi6		e	I		vi6		vi		6						m	1	0	0, 4, 3		3	0
192	188	3143/4	1.0	5/8	5/8	4/4	2	1	vi(2)		e	I		vi(2)		vi			2					m	1	0	5, 0, 4		3	5
192	188	3147/4	0.5	7/8	7/8	4/4	2	1	vi		e	I		vi		vi								m	1	0	3, 0, 4		3	3
193	189	3149/4	1.0	0	0	4/4	2	1	viio65/V		e	I		viio65/V		vii	o	65		V				o7	1	0	3, 0, -3, 6		6	3
193	189	3153/4	0.75	1/4	1/4	4/4	2	1	V(#0)		e	I		V(#0)		V			#0					M	1	0	1, 5, 2		1	1
193	189	789	0.25	7/16	7/16	4/4	2	1	V		e	I		V		V								M	1	0	1, 5, 2		1	1
193	189	3157/4	0.5	1/2	1/2	4/4	2	1	V43		e	I		V43		V		43						Mm7	1	0	2, -1, 1, 5		1	2
193	189	3159/4	1.0	5/8	5/8	4/4	2	1	iio64		e	I		iio64		ii	o	64						o	1	0	-4, 2, -1		2	-4
193	189	3163/4	0.5	7/8	7/8	4/4	2	1	V		e	I		V		V								M	1	0	1, 5, 2		1	1
194	190	3165/4	0.5	0	0	4/4	2	1	I6		e	I		I6		I		6						M	1	0	4, 1, 0		0	4
194	190	3167/4	1.0	1/8	1/8	4/4	2	1	I(2)		e	I		I(2)		I			2					M	1	0	2, 4, 1		0	2
194	190	3171/4	0.5	3/8	3/8	4/4	2	1	I		e	I		I		I								M	1	0	0, 4, 1		0	0
194	190	3173/4	0.5	1/2	1/2	4/4	2	1	vi6		e	I		vi6		vi		6						m	1	0	0, 4, 3		3	0
194	190	3175/4	1.0	5/8	5/8	4/4	2	1	vi(2)		e	I		vi(2)		vi			2					m	1	0	5, 0, 4		3	5
194	190	3179/4	0.5	7/8	7/8	4/4	2	1	vi		e	I		vi		vi								m	1	0	3, 0, 4		3	3
195	191	3181/4	1.0	0	0	4/4	2	1	V7/V		e	I		V7/V		V		7		V				Mm7	1	0	2, 6, 3, 0		2	2
195	191	3185/4	0.8333333333333712	1/4	1/4	4/4	2	1	V7(b9)/V		e	I		V7(b9)/V		V		7	b9	V				Mm7	1	0	2, 6, 3, 0	-3	2	2
195	191	9565/12	0.16666666666662877	11/24	11/24	4/4	2	1	V7/V		e	I		V7/V		V		7		V				Mm7	1	0	2, 6, 3, 0		2	2
195	191	3189/4	2.0	1/2	1/2	4/4	2	1	V7		e	I		V7		V		7						Mm7	1	0	1, 5, 2, -1		1	1
196	192	3197/4	0.5	0	0	4/4	2	1	I|IAC}{		e	I		I		I						IAC	}{	M	1	0	0, 4, 1		0	0
196	192	3199/4	1.0	1/8	1/8	4/4	2	1	I(9)		e	I		I(9)		I			9					M	1	0	0, 4, 1	2	0	0
196	192	3203/4	0.5	3/8	3/8	4/4	2	1	I		e	I		I		I								M	1	0	0, 4, 1		0	0
196	192	3205/4	0.5	1/2	1/2	4/4	2	1	vi		e	I		vi		vi								m	1	0	3, 0, 4		3	3
196	192	3207/4	1.0	5/8	5/8	4/4	2	1	vi(9)		e	I		vi(9)		vi			9					m	1	0	3, 0, 4	5	3	3
196	192	3211/4	0.5	7/8	7/8	4/4	2	1	vi		e	I		vi		vi								m	1	0	3, 0, 4		3	3
197	193	3213/4	1.0	0	0	4/4	2	1	viio/V		e	I		viio/V		vii	o			V				o	1	0	6, 3, 0		6	6
197	193	3217/4	1.0	1/4	1/4	4/4	2	1	V(#7)		e	I		V(#7)		V			#7					M	1	0	1, 5, 2	6	1	1
197	193	3221/4	1.5	1/2	1/2	4/4	2	1	viio7		e	I		viio7		vii	o	7						o7	1	0	5, 2, -1, -4		5	5
197	193	3227/4	0.5	7/8	7/8	4/4	2	1	V7		e	I		V7		V		7						Mm7	1	0	1, 5, 2, -1		1	1
198	194	3229/4	0.5	0	0	4/4	2	1	I		e	I		I		I								M	1	0	0, 4, 1		0	0
198	194	3231/4	1.0	1/8	1/8	4/4	2	1	I(9)		e	I		I(9)		I			9					M	1	0	0, 4, 1	2	0	0
198	194	3235/4	0.5	3/8	3/8	4/4	2	1	I		e	I		I		I								M	1	0	0, 4, 1		0	0
198	194	3237/4	0.5	1/2	1/2	4/4	2	1	vi		e	I		vi		vi								m	1	0	3, 0, 4		3	3
198	194	3239/4	1.0	5/8	5/8	4/4	2	1	vi(9)		e	I		vi(9)		vi			9					m	1	0	3, 0, 4	5	3	3
198	194	3243/4	0.5	7/8	7/8	4/4	2	1	vi		e	I		vi		vi								m	1	0	3, 0, 4		3	3
199	195	3245/4	1.0	0	0	4/4	2	1	#vi.V43/V		e	#vi		V43/V		V		43		V				Mm7	1	1	3, 0, 2, 6		2	3
199	195	3249/4	1.0	1/4	1/4	4/4	2	1	Fr6		e	#vi		Fr6	Fr	V		43	b5	V				Fr	1	1	-4, 0, 2, 6		2	-4
199	195	3253/4	2.0	1/2	1/2	4/4	2	1	V|HC}		e	#vi		V		V						HC	}	M	1	1	1, 5, 2		1	1
200	196	3261/4	0.5	0	0	4/4	2	1	I.ii{		e	I		ii		ii							{	m	1	0	2, -1, 3		2	2
200	196	3263/4	1.0	1/8	1/8	4/4	2	1	ii(+4)		e	I		ii(+4)		ii			+4					m	1	0	2, -1, 3	1	2	2
200	196	3267/4	0.5	3/8	3/8	4/4	2	1	ii		e	I		ii		ii								m	1	0	2, -1, 3		2	2
200	196	3269/4	0.5	1/2	1/2	4/4	2	1	vi		e	I		vi		vi								m	1	0	3, 0, 4		3	3
200	196	3271/4	1.0	5/8	5/8	4/4	2	1	vi(9)		e	I		vi(9)		vi			9					m	1	0	3, 0, 4	5	3	3
200	196	3275/4	0.5	7/8	7/8	4/4	2	1	vi		e	I		vi		vi								m	1	0	3, 0, 4		3	3
201	197	3277/4	0.5	0	0	4/4	2	1	ii%43		e	I		ii%43		ii	%	43						%7	1	0	-4, 0, 2, -1		2	-4
201	197	3279/4	0.5	1/8	1/8	4/4	2	1	iv7		e	I		iv7		iv		7						mm7	1	0	-1, -4, 0, -3		-1	-1
201	197	3281/4	1.0	1/4	1/4	4/4	2	1	V7		e	I		V7		V		7						Mm7	1	0	1, 5, 2, -1		1	1
201	197	3285/4	2.0	1/2	1/2	4/4	2	1	I		e	I		I		I								M	1	0	0, 4, 1		0	0
202	198	3293/4	0.5	0	0	4/4	2	1	III.ii		e	III		ii		ii								m	1	0	2, -1, 3		2	2
202	198	3295/4	1.0	1/8	1/8	4/4	2	1	ii(+4)		e	III		ii(+4)		ii			+4					m	1	0	2, -1, 3	1	2	2
202	198	3299/4	0.5	3/8	3/8	4/4	2	1	ii		e	III		ii		ii								m	1	0	2, -1, 3		2	2
202	198	3301/4	0.5	1/2	1/2	4/4	2	1	vi		e	III		vi		vi								m	1	0	3, 0, 4		3	3
202	198	3303/4	1.0	5/8	5/8	4/4	2	1	vi(9)		e	III		vi(9)		vi			9					m	1	0	3, 0, 4	5	3	3
202	198	3307/4	0.5	7/8	7/8	4/4	2	1	vi		e	III		vi		vi								m	1	0	3, 0, 4		3	3
203	199	3309/4	0.5	0	0	4/4	2	1	ii%43		e	III		ii%43		ii	%	43						%7	1	0	-4, 0, 2, -1		2	-4
203	199	3311/4	0.5	1/8	1/8	4/4	2	1	iv7		e	III		iv7		iv		7						mm7	1	0	-1, -4, 0, -3		-1	-1
203	199	3313/4	1.0	1/4	1/4	4/4	2	1	V7		e	III		V7		V		7						Mm7	1	0	1, 5, 2, -1		1	1
203	199	3317/4	2.0	1/2	1/2	4/4	2	1	I		e	III		I		I								M	1	0	0, 4, 1		0	0
204	200	3325/4	0.5	0	0	4/4	2	1	bVI6		e	III		bVI6		bVI		6						M	1	0	0, -3, -4		-4	0
204	200	3327/4	1.0	1/8	1/8	4/4	2	1	bVI(9)		e	III		bVI(9)		bVI			9					M	1	0	-4, 0, -3	5	-4	-4
204	200	3331/4	0.5	3/8	3/8	4/4	2	1	bVI		e	III		bVI		bVI								M	1	0	-4, 0, -3		-4	-4
204	200	3333/4	0.5	1/2	1/2	4/4	2	1	bVI+		e	III		bVI+		bVI	+							+	1	0	-4, 0, 4		-4	-4
204	200	3335/4	0.6666666666666288	5/8	5/8	4/4	2	1	I64		e	III		I64		I		64						M	1	0	1, 0, 4		0	1
204	200	10013/12	0.8333333333333712	19/24	19/24	4/4	2	1	I		e	III		I		I								M	1	0	0, 4, 1		0	0
205	201	3341/4	0.5	0	0	4/4	2	1	bVI6		e	III		bVI6		bVI		6						M	1	0	0, -3, -4		-4	0
205	201	3343/4	1.0	1/8	1/8	4/4	2	1	bVI6(9)		e	III		bVI6(9)		bVI		6	9					M	1	0	0, -3, -4	5	-4	0
205	201	3347/4	0.5	3/8	3/8	4/4	2	1	bVI6		e	III		bVI6		bVI		6						M	1	0	0, -3, -4		-4	0
205	201	3349/4	0.5	1/2	1/2	4/4	2	1	bVI+6		e	III		bVI+6		bVI	+	6						+	1	0	0, 4, -4		-4	0
205	201	3351/4	0.8333333333333712	5/8	5/8	4/4	2	1	I		e	III		I		I								M	1	0	0, 4, 1		0	0
205	201	10063/12	1.1666666666666288	5/6	5/6	4/4	2	1	I6		e	III		I6		I		6						M	1	0	4, 1, 0		0	4
206	202	3359/4	1.0	1/8	1/8	4/4	2	1	I(2)		e	III		I(2)		I			2					M	1	0	2, 4, 1		0	2
206	202	3363/4	0.5	3/8	3/8	4/4	2	1	I		e	III		I		I								M	1	0	0, 4, 1		0	0
206	202	3365/4	0.5	1/2	1/2	4/4	2	1	I+		e	III		I+		I	+							+	1	0	0, 4, 8		0	0
206	202	3367/4	0.6666666666666288	5/8	5/8	4/4	2	1	III64		e	III		III64		III		64						M	1	0	5, 4, 8		4	5
206	202	10109/12	0.8333333333333712	19/24	19/24	4/4	2	1	III		e	III		III		III								M	1	0	4, 8, 5		4	4
207	203	3373/4	0.5	0	0	4/4	2	1	I6		e	III		I6		I		6						M	1	0	4, 1, 0		0	4
207	203	3375/4	1.0	1/8	1/8	4/4	2	1	I6(9)		e	III		I6(9)		I		6	9					M	1	0	4, 1, 0	2	0	4
207	203	3379/4	0.5	3/8	3/8	4/4	2	1	I6		e	III		I6		I		6						M	1	0	4, 1, 0		0	4
207	203	3381/4	0.5	1/2	1/2	4/4	2	1	I+6		e	III		I+6		I	+	6						+	1	0	4, 8, 0		0	4
207	203	3383/4	1.5	5/8	5/8	4/4	2	1	I.V		e	I		V		V								M	1	0	1, 5, 2		1	1
208	204	3389/4	2.0	0	0	4/4	2	1	I		e	I		I		I								M	1	0	0, 4, 1		0	0
208	204	3397/4	2.0	1/2	1/2	4/4	2	1	V6		e	I		V6		V		6						M	1	0	5, 2, 1		1	5
209	205	3405/4	2.0	0	0	4/4	2	1	vi		e	I		vi		vi								m	1	0	3, 0, 4		3	3
209	205	3413/4	2.0	1/2	1/2	4/4	2	1	V6/vi		e	I		V6/vi		V		6		vi				M	1	0	8, 5, 4		4	8
210	206	3421/4	1.0	0	0	4/4	2	1	#viio43/ii		e	I		#viio43/ii		#vii	o	43		ii				o7	1	0	1, -2, 7, 4		7	1
210	206	3425/4	1.0	1/4	1/4	4/4	2	1	viio7/V		e	I		viio7/V		vii	o	7		V				o7	1	0	6, 3, 0, -3		6	6
210	206	3429/4	1.0	1/2	1/2	4/4	2	1	viio43		e	I		viio43		vii	o	43						o7	1	0	-1, -4, 5, 2		5	-1
210	206	3433/4	1.0	3/4	3/4	4/4	2	1	I6		e	I		I6		I		6						M	1	0	4, 1, 0		0	4
211	207	3437/4	1.0	0	0	4/4	2	1	V.Fr6		e	V		Fr6	Fr	V		43	b5	V				Fr	1	0	-4, 0, 2, 6		2	-4
211	207	3441/4	1.0	1/4	1/4	4/4	2	1	V7		e	V		V7		V		7						Mm7	1	0	1, 5, 2, -1		1	1
211	207	3445/4	1.0	1/2	1/2	4/4	2	1	I.Fr6		e	I		Fr6	Fr	V		43	b5	V				Fr	1	0	-4, 0, 2, 6		2	-4
211	207	3449/4	0.5	3/4	3/4	4/4	2	1	V7		e	I		V7		V		7						Mm7	1	0	1, 5, 2, -1		1	1
211	207	3451/4	0.5	7/8	7/8	4/4	2	1	V+		e	I		V+		V	+							+	1	0	1, 5, 9		1	1
212	208	3453/4	0.5	0	0	4/4	2	1	I		e	I		I		I								M	1	0	0, 4, 1		0	0
212	208	3455/4	1.0	1/8	1/8	4/4	2	1	I(9)		e	I		I(9)		I			9					M	1	0	0, 4, 1	2	0	0
212	208	3459/4	0.5	3/8	3/8	4/4	2	1	I		e	I		I		I								M	1	0	0, 4, 1		0	0
212	208	3461/4	1.5	1/2	1/2	4/4	2	1	vii%7/bII		e	I		vii%7/bII		vii	%	7		bII				%7	1	0	0, -3, -6, -2		0	0
212	208	3467/4	0.5	7/8	7/8	4/4	2	1	V6/bII		e	I		V6/bII		V		6		bII				M	1	0	0, -3, -4		-4	0
213	209	3469/4	0.5	0	0	4/4	2	1	bII6		e	I		bII6		bII		6						M	1	0	-1, -4, -5		-5	-1
213	209	3471/4	1.0	1/8	1/8	4/4	2	1	bII(2)		e	I		bII(2)		bII			2					M	1	0	4, -1, -4		-5	4
213	209	3475/4	1.0	3/8	3/8	4/4	2	1	bII		e	I		bII		bII								M	1	0	-5, -1, -4		-5	-5
213	209	3479/4	1.0	5/8	5/8	4/4	2	1	V65(4b2)		e	I		V65(4b2)		V		65	4b2					Mm7	1	0	0, 2, -1, -4		1	0
213	209	3483/4	0.5	7/8	7/8	4/4	2	1	V65		e	I		V65		V		65						Mm7	1	0	5, 2, -1, 1		1	5
214	210	3485/4	0.5	0	0	4/4	2	1	I		e	I		I		I								M	1	0	0, 4, 1		0	0
214	210	3487/4	1.0	1/8	1/8	4/4	2	1	I(9)		e	I		I(9)		I			9					M	1	0	0, 4, 1	2	0	0
214	210	3491/4	0.5	3/8	3/8	4/4	2	1	I		e	I		I		I								M	1	0	0, 4, 1		0	0
214	210	3493/4	1.5	1/2	1/2	4/4	2	1	viio7/bII		e	I		viio7/bII		vii	o	7		bII				o7	1	0	0, -3, -6, -9		0	0
214	210	3499/4	0.5	7/8	7/8	4/4	2	1	V65/bII		e	I		V65/bII		V		65		bII				Mm7	1	0	0, -3, -6, -4		-4	0
215	211	3501/4	0.5	0	0	4/4	2	1	bii6		e	I		bii6		bii		6						m	1	0	-8, -4, -5		-5	-8
215	211	3503/4	1.0	1/8	1/8	4/4	2	1	bii(2)		e	I		bii(2)		bii			2					m	1	0	4, -8, -4		-5	4
215	211	3507/4	1.0	3/8	3/8	4/4	2	1	bii		e	I		bii		bii								m	1	0	-5, -8, -4		-5	-5
215	211	3511/4	1.0	5/8	5/8	4/4	2	1	V65(4b2)		e	I		V65(4b2)		V		65	4b2					Mm7	1	0	0, 2, -1, -4		1	0
215	211	3515/4	0.5	7/8	7/8	4/4	2	1	V65		e	I		V65		V		65						Mm7	1	0	5, 2, -1, 1		1	5
216	212	3517/4	0.5	0	0	4/4	2	1	I|IAC}		e	I		I		I						IAC	}	M	1	0	0, 4, 1		0	0
216	212	3519/4	0.5	1/8	1/8	4/4	2	1	V2/IV		e	I		V2/IV		V		2		IV				Mm7	1	0	-2, 0, 4, 1		0	-2
216	212	3521/4	0.5	1/4	1/4	4/4	2	1	Ger6(2)		e	I		Ger6(2)	Ger	vii	o	65	b32	V				Ger	1	0	-4, 0, -3, 1		6	-4
216	212	3523/4	0.5	3/8	3/8	4/4	2	1	Ger6		e	I		Ger6	Ger	vii	o	65	b3	V				Ger	1	0	-4, 0, -3, 6		6	-4
216	212	3525/4	0.5	1/2	1/2	4/4	2	1	I		e	I		I		I								M	1	0	0, 4, 1		0	0
216	212	3527/4	0.5	5/8	5/8	4/4	2	1	V2/IV		e	I		V2/IV		V		2		IV				Mm7	1	0	-2, 0, 4, 1		0	-2
216	212	3529/4	0.5	3/4	3/4	4/4	2	1	Ger6(2)		e	I		Ger6(2)	Ger	vii	o	65	b32	V				Ger	1	0	-4, 0, -3, 1		6	-4
216	212	3531/4	0.5	7/8	7/8	4/4	2	1	Ger6		e	I		Ger6	Ger	vii	o	65	b3	V				Ger	1	0	-4, 0, -3, 6		6	-4
217	213	3533/4	0.5	0	0	4/4	2	1	I		e	I		I		I								M	1	0	0, 4, 1		0	0
217	213	3535/4	0.5	1/8	1/8	4/4	2	1	V2/IV		e	I		V2/IV		V		2		IV				Mm7	1	0	-2, 0, 4, 1		0	-2
217	213	3537/4	0.5	1/4	1/4	4/4	2	1	Ger6(2)		e	I		Ger6(2)	Ger	vii	o	65	b32	V				Ger	1	0	-4, 0, -3, 1		6	-4
217	213	3539/4	0.5	3/8	3/8	4/4	2	1	Ger6		e	I		Ger6	Ger	vii	o	65	b3	V				Ger	1	0	-4, 0, -3, 6		6	-4
217	213	3541/4	0.5	1/2	1/2	4/4	2	1	I		e	I		I		I								M	1	0	0, 4, 1		0	0
217	213	3543/4	0.5	5/8	5/8	4/4	2	1	V2		e	I		V2		V		2						Mm7	1	0	-1, 1, 5, 2		1	-1
217	213	3545/4	0.5	3/4	3/4	4/4	2	1	Ger6(2)		e	I		Ger6(2)	Ger	vii	o	65	b32	V				Ger	1	0	-4, 0, -3, 1		6	-4
217	213	3547/4	0.5	7/8	7/8	4/4	2	1	Ger6		e	I		Ger6	Ger	vii	o	65	b3	V				Ger	1	0	-4, 0, -3, 6		6	-4
218	214	3549/4	3.75	0	0	4/4	2	1	I		e	I		I		I								M	1	0	0, 4, 1		0	0
219	214	891	0.25	0	15/16	4/4	2	1	I		e	I		I		I								M	1	0	0, 4, 1		0	0
220	215	3565/4	0.5	0	0	4/4	2	1	bII(7)		e	I		bII(7)		bII			7					M	1	0	-5, -1, -4	0	-5	-5
220	215	3567/4	1.0	1/8	1/8	4/4	2	1	bII(6)		e	I		bII(6)		bII			6					M	1	0	-5, -1, 5		-5	-5
220	215	3571/4	2.5	3/8	3/8	4/4	2	1	bII		e	I		bII		bII								M	1	0	-5, -1, -4		-5	-5
221	216	3581/4	1.0	0	0	4/4	2	1	I(b6)		e	I		I(b6)		I			b6					M	1	0	0, 4, -4		0	0
221	216	3585/4	3.0	1/4	1/4	4/4	2	1	I		e	I		I		I								M	1	0	0, 4, 1		0	0
