mc	mn	mc_onset	mn_onset	timesig	staff	voice	label	globalkey	localkey	pedal	chord	special	numeral	form	figbass	changes	relativeroot	cadence	phraseend	chord_type	globalkey_is_minor	localkey_is_minor	chord_tones	added_tones	root	bass_note
1	1	1/4	1/4	12/8	1	1	.Ab.I	Ab	I		I		I							M	0	0	0, 4, 1		0	0
1	1	3/8	3/8	12/8	1	1	V7(4)	Ab	I		V7(4)		V		7	4				Mm7	0	0	1, 0, 2, -1		1	1
1	1	9/16	9/16	12/8	1	1	V7	Ab	I		V7		V		7					Mm7	0	0	1, 5, 2, -1		1	1
1	1	3/4	3/4	12/8	1	1	I(9)	Ab	I		I(9)		I			9				M	0	0	0, 4, 1	2	0	0
1	1	15/16	15/16	12/8	1	1	I	Ab	I		I		I							M	0	0	0, 4, 1		0	0
1	1	9/8	9/8	12/8	1	1	V7(4)	Ab	I		V7(4)		V		7	4				Mm7	0	0	1, 0, 2, -1		1	1
1	1	21/16	21/16	12/8	1	1	V7	Ab	I		V7		V		7					Mm7	0	0	1, 5, 2, -1		1	1
2	2	0	0	12/8	1	1	I(9)	Ab	I		I(9)		I			9				M	0	0	0, 4, 1	2	0	0
2	2	3/16	3/16	12/8	1	1	I	Ab	I		I		I							M	0	0	0, 4, 1		0	0
2	2	3/8	3/8	12/8	1	1	IV(4)	Ab	I		IV(4)		IV			4				M	0	0	-1, 5, 0		-1	-1
2	2	9/16	9/16	12/8	1	1	IV	Ab	I		IV		IV							M	0	0	-1, 3, 0		-1	-1
2	2	3/4	3/4	12/8	1	1	I6(6)	Ab	I		I6(6)		I		6	6				M	0	0	4, 3, 0		0	4
2	2	7/8	7/8	12/8	1	1	I6	Ab	I		I6		I		6					M	0	0	4, 1, 0		0	4
2	2	9/8	9/8	12/8	1	1	vi%43	Ab	I		vi%43		vi	%	43					%7	0	0	-3, 1, 3, 0		3	-3
2	2	21/16	21/16	12/8	1	1	V43/V	Ab	I		V43/V		V		43		V			Mm7	0	0	3, 0, 2, 6		2	3
3	3	0	0	12/8	1	1	ii%7	Ab	I		ii%7		ii	%	7					%7	0	0	2, -1, -4, 0		2	2
3	3	3/8	3/8	12/8	1	1	V7(4)	Ab	I		V7(4)		V		7	4				Mm7	0	0	1, 0, 2, -1		1	1
3	3	9/16	9/16	12/8	1	1	V7	Ab	I		V7		V		7					Mm7	0	0	1, 5, 2, -1		1	1
3	3	3/4	3/4	12/8	1	1	I(9)	Ab	I		I(9)		I			9				M	0	0	0, 4, 1	2	0	0
3	3	15/16	15/16	12/8	1	1	I	Ab	I		I		I							M	0	0	0, 4, 1		0	0
3	3	9/8	9/8	12/8	1	1	V7(4)	Ab	I		V7(4)		V		7	4				Mm7	0	0	1, 0, 2, -1		1	1
3	3	21/16	21/16	12/8	1	1	V7	Ab	I		V7		V		7					Mm7	0	0	1, 5, 2, -1		1	1
4	4	0	0	12/8	1	1	I(9)	Ab	I		I(9)		I			9				M	0	0	0, 4, 1	2	0	0
4	4	3/16	3/16	12/8	1	1	I	Ab	I		I		I							M	0	0	0, 4, 1		0	0
4	4	3/8	3/8	12/8	1	1	iv(b4)	Ab	I		iv(b4)		iv			b4				m	0	0	-1, -2, 0		-1	-1
4	4	9/16	9/16	12/8	1	1	iv	Ab	I		iv		iv							m	0	0	-1, -4, 0		-1	-1
4	4	3/4	3/4	12/8	1	1	i6(b6)	Ab	I		i6(b6)		i		6	b6				m	0	0	-3, -4, 0		0	-3
4	4	7/8	7/8	12/8	1	1	i6	Ab	I		i6		i		6					m	0	0	-3, 1, 0		0	-3
4	4	9/8	9/8	12/8	1	1	#II.vii%7(4)	Ab	#II		vii%7(4)		vii	%	7	4				%7	0	0	5, 4, -1, 3		5	5
4	4	21/16	21/16	12/8	1	1	vii%7	Ab	#II		vii%7		vii	%	7					%7	0	0	5, 2, -1, 3		5	5
4	4	23/16	23/16	12/8	1	1	V6	Ab	#II		V6		V		6					M	0	0	5, 2, 1		1	5
5	5	0	0	12/8	1	1	I[I(9)	Ab	#II	I	I(9)		I			9				M	0	0	0, 4, 1	2	0	0
5	5	3/16	3/16	12/8	1	1	I	Ab	#II	I	I		I							M	0	0	0, 4, 1		0	0
5	5	3/8	3/8	12/8	1	1	V7(6)	Ab	#II	I	V7(6)		V		7	6				Mm7	0	0	1, 5, 4, -1		1	1
5	5	9/16	9/16	12/8	1	1	V7	Ab	#II	I	V7		V		7					Mm7	0	0	1, 5, 2, -1		1	1
5	5	3/4	3/4	12/8	1	1	I(9)	Ab	#II	I	I(9)		I			9				M	0	0	0, 4, 1	2	0	0
5	5	15/16	15/16	12/8	1	1	I(+6)	Ab	#II	I	I(+6)		I			+6				M	0	0	0, 4, 1	3	0	0
5	5	9/8	9/8	12/8	1	1	V7(6)	Ab	#II	I	V7(6)		V		7	6				Mm7	0	0	1, 5, 4, -1		1	1
5	5	21/16	21/16	12/8	1	1	V7	Ab	#II	I	V7		V		7					Mm7	0	0	1, 5, 2, -1		1	1
6	6	0	0	12/8	1	1	I(9)	Ab	#II	I	I(9)		I			9				M	0	0	0, 4, 1	2	0	0
6	6	1/8	1/8	12/8	1	1	I	Ab	#II	I	I		I							M	0	0	0, 4, 1		0	0
6	6	3/8	3/8	12/8	1	1	V7(6)	Ab	#II	I	V7(6)		V		7	6				Mm7	0	0	1, 5, 4, -1		1	1
6	6	9/16	9/16	12/8	1	1	V7	Ab	#II	I	V7		V		7					Mm7	0	0	1, 5, 2, -1		1	1
6	6	3/4	3/4	12/8	1	1	I(9)	Ab	#II	I	I(9)		I			9				M	0	0	0, 4, 1	2	0	0
6	6	15/16	15/16	12/8	1	1	I(+6)	Ab	#II	I	I(+6)		I			+6				M	0	0	0, 4, 1	3	0	0
6	6	9/8	9/8	12/8	1	1	II.bIIM7	Ab	II	#I	bIIM7		bII	M	7					MM7	0	0	-5, -1, -4, 0		-5	-5
6	6	11/8	11/8	12/8	1	1	V7]	Ab	II	#I	V7		V		7					Mm7	0	0	1, 5, 2, -1		1	1
7	7	0	0	12/8	1	1	I[I(9)	Ab	II	I	I(9)		I			9				M	0	0	0, 4, 1	2	0	0
7	7	1/8	1/8	12/8	1	1	I	Ab	II	I	I		I							M	0	0	0, 4, 1		0	0
7	7	3/8	3/8	12/8	1	1	V7(6)	Ab	II	I	V7(6)		V		7	6				Mm7	0	0	1, 5, 4, -1		1	1
7	7	9/16	9/16	12/8	1	1	V7	Ab	II	I	V7		V		7					Mm7	0	0	1, 5, 2, -1		1	1
7	7	3/4	3/4	12/8	1	1	I(9)	Ab	II	I	I(9)		I			9				M	0	0	0, 4, 1	2	0	0
7	7	15/16	15/16	12/8	1	1	I(+6)	Ab	II	I	I(+6)		I			+6				M	0	0	0, 4, 1	3	0	0
7	7	9/8	9/8	12/8	1	1	V7(6)	Ab	II	I	V7(6)		V		7	6				Mm7	0	0	1, 5, 4, -1		1	1
7	7	21/16	21/16	12/8	1	1	V7	Ab	II	I	V7		V		7					Mm7	0	0	1, 5, 2, -1		1	1
8	8	0	0	12/8	1	1	I(9)	Ab	II	I	I(9)		I			9				M	0	0	0, 4, 1	2	0	0
8	8	1/8	1/8	12/8	1	1	I	Ab	II	I	I		I							M	0	0	0, 4, 1		0	0
8	8	3/8	3/8	12/8	1	1	V7(6)	Ab	II	I	V7(6)		V		7	6				Mm7	0	0	1, 5, 4, -1		1	1
8	8	9/16	9/16	12/8	1	1	V7	Ab	II	I	V7		V		7					Mm7	0	0	1, 5, 2, -1		1	1
8	8	3/4	3/4	12/8	1	1	I(9)	Ab	II	I	I(9)		I			9				M	0	0	0, 4, 1	2	0	0
8	8	15/16	15/16	12/8	1	1	I(+6)]	Ab	II	I	I(+6)		I			+6				M	0	0	0, 4, 1	3	0	0
8	8	9/8	9/8	12/8	1	1	I.vi%7(6)	Ab	I		vi%7(6)		vi	%	7	6				%7	0	0	3, 0, -1, 1		3	3
8	8	21/16	21/16	12/8	1	1	vi%7	Ab	I		vi%7		vi	%	7					%7	0	0	3, 0, -3, 1		3	3
9	9	0	0	12/8	1	1	V7(b9)/V	Ab	I		V7(b9)/V		V		7	b9	V			Mm7	0	0	2, 6, 3, 0	-3	2	2
9	9	3/16	3/16	12/8	1	1	V7/V	Ab	I		V7/V		V		7		V			Mm7	0	0	2, 6, 3, 0		2	2
9	9	3/8	3/8	12/8	1	1	vi%7(6)	Ab	I		vi%7(6)		vi	%	7	6				%7	0	0	3, 0, -1, 1		3	3
9	9	9/16	9/16	12/8	1	1	vi%7	Ab	I		vi%7		vi	%	7					%7	0	0	3, 0, -3, 1		3	3
9	9	3/4	3/4	12/8	1	1	V7(b9)/V	Ab	I		V7(b9)/V		V		7	b9	V			Mm7	0	0	2, 6, 3, 0	-3	2	2
9	9	15/16	15/16	12/8	1	1	V7/V	Ab	I		V7/V		V		7		V			Mm7	0	0	2, 6, 3, 0		2	2
9	9	9/8	9/8	12/8	1	1	vi%7(6)	Ab	I		vi%7(6)		vi	%	7	6				%7	0	0	3, 0, -1, 1		3	3
9	9	21/16	21/16	12/8	1	1	vi%7	Ab	I		vi%7		vi	%	7					%7	0	0	3, 0, -3, 1		3	3
10	10	0	0	12/8	1	1	viio7/V\\	Ab	I		viio7/V		vii	o	7		V		\\	o7	0	0	6, 3, 0, -3		6	6
13	13	1/4	1/4	12/8	1	1	V65(b5)/V	Ab	I		V65(b5)/V		V		65	b5	V			Mm7	0	0	6, -4, 0, 2		2	6
13	13	3/8	3/8	12/8	1	1	V7(4)	Ab	I		V7(4)		V		7	4				Mm7	0	0	1, 0, 2, -1		1	1
13	13	1/2	1/2	12/8	1	1	V7	Ab	I		V7		V		7					Mm7	0	0	1, 5, 2, -1		1	1
13	13	3/4	3/4	12/8	1	1	I(9)	Ab	I		I(9)		I			9				M	0	0	0, 4, 1	2	0	0
13	13	7/8	7/8	12/8	1	1	I	Ab	I		I		I							M	0	0	0, 4, 1		0	0
13	13	9/8	9/8	12/8	1	1	V7(4)	Ab	I		V7(4)		V		7	4				Mm7	0	0	1, 0, 2, -1		1	1
13	13	5/4	5/4	12/8	1	1	V7	Ab	I		V7		V		7					Mm7	0	0	1, 5, 2, -1		1	1
14	14	0	0	12/8	1	1	I(9)	Ab	I		I(9)		I			9				M	0	0	0, 4, 1	2	0	0
14	14	1/8	1/8	12/8	1	1	I	Ab	I		I		I							M	0	0	0, 4, 1		0	0
14	14	3/8	3/8	12/8	1	1	IV(4)	Ab	I		IV(4)		IV			4				M	0	0	-1, 5, 0		-1	-1
14	14	1/2	1/2	12/8	1	1	IV	Ab	I		IV		IV							M	0	0	-1, 3, 0		-1	-1
14	14	3/4	3/4	12/8	1	1	I6(6)	Ab	I		I6(6)		I		6	6				M	0	0	4, 3, 0		0	4
14	14	7/8	7/8	12/8	1	1	I6	Ab	I		I6		I		6					M	0	0	4, 1, 0		0	4
14	14	9/8	9/8	12/8	1	1	vi%43	Ab	I		vi%43		vi	%	43					%7	0	0	-3, 1, 3, 0		3	-3
14	14	5/4	5/4	12/8	1	1	viio2/V	Ab	I		viio2/V		vii	o	2		V			o7	0	0	-3, 6, 3, 0		6	-3
15	15	0	0	12/8	1	1	ii%7	Ab	I		ii%7		ii	%	7					%7	0	0	2, -1, -4, 0		2	2
15	15	3/8	3/8	12/8	1	1	V7(4)	Ab	I		V7(4)		V		7	4				Mm7	0	0	1, 0, 2, -1		1	1
15	15	1/2	1/2	12/8	1	1	V7	Ab	I		V7		V		7					Mm7	0	0	1, 5, 2, -1		1	1
15	15	3/4	3/4	12/8	1	1	I(9)	Ab	I		I(9)		I			9				M	0	0	0, 4, 1	2	0	0
15	15	7/8	7/8	12/8	1	1	I	Ab	I		I		I							M	0	0	0, 4, 1		0	0
15	15	9/8	9/8	12/8	1	1	V7(4)	Ab	I		V7(4)		V		7	4				Mm7	0	0	1, 0, 2, -1		1	1
15	15	5/4	5/4	12/8	1	1	V7	Ab	I		V7		V		7					Mm7	0	0	1, 5, 2, -1		1	1
16	16	0	0	12/8	1	1	I(9)	Ab	I		I(9)		I			9				M	0	0	0, 4, 1	2	0	0
16	16	1/8	1/8	12/8	1	1	I	Ab	I		I		I							M	0	0	0, 4, 1		0	0
16	16	3/8	3/8	12/8	1	1	iv(b4)	Ab	I		iv(b4)		iv			b4				m	0	0	-1, -2, 0		-1	-1
16	16	1/2	1/2	12/8	1	1	iv	Ab	I		iv		iv							m	0	0	-1, -4, 0		-1	-1
16	16	3/4	3/4	12/8	1	1	#V.V(+6)	Ab	#V		V(+6)		V			+6				M	0	0	1, 5, 2	4	1	1
16	16	7/8	7/8	12/8	1	1	V(64)	Ab	#V		V(64)		V			64				M	0	0	1, 0, 4		1	1
16	16	9/8	9/8	12/8	1	1	ii%65	Ab	#V		ii%65		ii	%	65					%7	0	0	-1, -4, 0, 2		2	-1
16	16	5/4	5/4	12/8	1	1	V7	Ab	#V		V7		V		7					Mm7	0	0	1, 5, 2, -1		1	1
17	17	0	0	12/8	1	1	I[I	Ab	#V	I	I		I							M	0	0	0, 4, 1		0	0
17	17	3/8	3/8	12/8	1	1	V7(6)	Ab	#V	I	V7(6)		V		7	6				Mm7	0	0	1, 5, 4, -1		1	1
17	17	1/2	1/2	12/8	1	1	V7	Ab	#V	I	V7		V		7					Mm7	0	0	1, 5, 2, -1		1	1
17	17	5/8	5/8	12/8	1	1	V	Ab	#V	I	V		V							M	0	0	1, 5, 2		1	1
17	17	3/4	3/4	12/8	1	1	I(9)	Ab	#V	I	I(9)		I			9				M	0	0	0, 4, 1	2	0	0
17	17	7/8	7/8	12/8	1	1	I	Ab	#V	I	I		I							M	0	0	0, 4, 1		0	0
17	17	1	1	12/8	1	1	vi	Ab	#V	I	vi		vi							m	0	0	3, 0, 4		3	3
17	17	9/8	9/8	12/8	1	1	V7(6)	Ab	#V	I	V7(6)		V		7	6				Mm7	0	0	1, 5, 4, -1		1	1
17	17	5/4	5/4	12/8	1	1	V7	Ab	#V	I	V7		V		7					Mm7	0	0	1, 5, 2, -1		1	1
18	18	0	0	12/8	1	1	I	Ab	#V	I	I		I							M	0	0	0, 4, 1		0	0
18	18	3/8	3/8	12/8	1	1	V7(6)	Ab	#V	I	V7(6)		V		7	6				Mm7	0	0	1, 5, 4, -1		1	1
18	18	1/2	1/2	12/8	1	1	V7	Ab	#V	I	V7		V		7					Mm7	0	0	1, 5, 2, -1		1	1
18	18	5/8	5/8	12/8	1	1	V	Ab	#V	I	V		V							M	0	0	1, 5, 2		1	1
18	18	3/4	3/4	12/8	1	1	I(9)	Ab	#V	I	I(9)		I			9				M	0	0	0, 4, 1	2	0	0
18	18	7/8	7/8	12/8	1	1	I	Ab	#V	I	I		I							M	0	0	0, 4, 1		0	0
18	18	1	1	12/8	1	1	vi	Ab	#V	I	vi		vi							m	0	0	3, 0, 4		3	3
18	18	9/8	9/8	12/8	1	1	V.viio2	Ab	V	#I	viio2		vii	o	2					o7	0	0	-4, 5, 2, -1		5	-4
18	18	5/4	5/4	12/8	1	1	V7]	Ab	V	#I	V7		V		7					Mm7	0	0	1, 5, 2, -1		1	1
19	19	0	0	12/8	1	1	I[I	Ab	V	I	I		I							M	0	0	0, 4, 1		0	0
19	19	3/8	3/8	12/8	1	1	V7(6)	Ab	V	I	V7(6)		V		7	6				Mm7	0	0	1, 5, 4, -1		1	1
19	19	1/2	1/2	12/8	1	1	V7	Ab	V	I	V7		V		7					Mm7	0	0	1, 5, 2, -1		1	1
19	19	5/8	5/8	12/8	1	1	V	Ab	V	I	V		V							M	0	0	1, 5, 2		1	1
19	19	3/4	3/4	12/8	1	1	I(9)	Ab	V	I	I(9)		I			9				M	0	0	0, 4, 1	2	0	0
19	19	7/8	7/8	12/8	1	1	I	Ab	V	I	I		I							M	0	0	0, 4, 1		0	0
19	19	1	1	12/8	1	1	vi	Ab	V	I	vi		vi							m	0	0	3, 0, 4		3	3
19	19	9/8	9/8	12/8	1	1	V7(6)	Ab	V	I	V7(6)		V		7	6				Mm7	0	0	1, 5, 4, -1		1	1
19	19	5/4	5/4	12/8	1	1	V7	Ab	V	I	V7		V		7					Mm7	0	0	1, 5, 2, -1		1	1
20	20	0	0	12/8	1	1	I	Ab	V	I	I		I							M	0	0	0, 4, 1		0	0
20	20	3/8	3/8	12/8	1	1	V7(6)	Ab	V	I	V7(6)		V		7	6				Mm7	0	0	1, 5, 4, -1		1	1
20	20	1/2	1/2	12/8	1	1	V7	Ab	V	I	V7		V		7					Mm7	0	0	1, 5, 2, -1		1	1
20	20	5/8	5/8	12/8	1	1	V	Ab	V	I	V		V							M	0	0	1, 5, 2		1	1
20	20	3/4	3/4	12/8	1	1	I(9)	Ab	V	I	I(9)		I			9				M	0	0	0, 4, 1	2	0	0
20	20	7/8	7/8	12/8	1	1	I	Ab	V	I	I		I							M	0	0	0, 4, 1		0	0
20	20	1	1	12/8	1	1	vi	Ab	V	I	vi		vi							m	0	0	3, 0, 4		3	3
20	20	9/8	9/8	12/8	1	1	V7(6)	Ab	V	I	V7(6)		V		7	6				Mm7	0	0	1, 5, 4, -1		1	1
20	20	5/4	5/4	12/8	1	1	V7	Ab	V	I	V7		V		7					Mm7	0	0	1, 5, 2, -1		1	1
21	21	0	0	12/8	1	1	I]	Ab	V	I	I		I							M	0	0	0, 4, 1		0	0
21	21	3/8	3/8	12/8	1	1	VI(9)	Ab	V		VI(9)		VI			9				M	0	0	3, 7, 4	5	3	3
21	21	1/2	1/2	12/8	1	1	VI	Ab	V		VI		VI							M	0	0	3, 7, 4		3	3
21	21	3/4	3/4	12/8	1	1	I	Ab	V		I		I							M	0	0	0, 4, 1		0	0
21	21	9/8	9/8	12/8	1	1	iv(9)	Ab	V		iv(9)		iv			9				m	0	0	-1, -4, 0	1	-1	-1
21	21	5/4	5/4	12/8	1	1	iv	Ab	V		iv		iv							m	0	0	-1, -4, 0		-1	-1
22	22	0	0	12/8	1	1	I	Ab	V		I		I							M	0	0	0, 4, 1		0	0
22	22	3/8	3/8	12/8	1	1	VI(9)	Ab	V		VI(9)		VI			9				M	0	0	3, 7, 4	5	3	3
22	22	1/2	1/2	12/8	1	1	VI	Ab	V		VI		VI							M	0	0	3, 7, 4		3	3
22	22	3/4	3/4	12/8	1	1	I(b6)	Ab	V		I(b6)		I			b6				M	0	0	0, 4, -4		0	0
22	22	7/8	7/8	12/8	1	1	I	Ab	V		I		I							M	0	0	0, 4, 1		0	0
22	22	9/8	9/8	12/8	1	1	iv(9)	Ab	V		iv(9)		iv			9				m	0	0	-1, -4, 0	1	-1	-1
22	22	5/4	5/4	12/8	1	1	iv	Ab	V		iv		iv							m	0	0	-1, -4, 0		-1	-1
23	23	0	0	12/8	1	1	I	Ab	V		I		I							M	0	0	0, 4, 1		0	0
23	23	1/2	1/2	12/8	1	1	vi%65	Ab	V		vi%65		vi	%	65					%7	0	0	0, -3, 1, 3		3	0
23	23	5/8	5/8	12/8	1	1	vii	Ab	V		vii		vii							m	0	0	5, 2, 6		5	5
23	23	3/4	3/4	12/8	1	1	v%65	Ab	V		v%65		v	%	65					%7	0	0	-2, -5, -1, 1		1	-2
23	23	7/8	7/8	12/8	1	1	vi	Ab	V		vi		vi							m	0	0	3, 0, 4		3	3
23	23	1	1	12/8	1	1	iv%65	Ab	V		iv%65		iv	%	65					%7	0	0	-4, -7, -3, -1		-1	-4
23	23	9/8	9/8	12/8	1	1	v	Ab	V		v		v							m	0	0	1, -2, 2		1	1
23	23	5/4	5/4	12/8	1	1	#ii%65	Ab	V		#ii%65		#ii	%	65					%7	0	0	6, 3, 7, 9		9	6
23	23	11/8	11/8	12/8	1	1	iv	Ab	V		iv		iv							m	0	0	-1, -4, 0		-1	-1
24	24	0	0	12/8	1	1	#i%65	Ab	V		#i%65		#i	%	65					%7	0	0	4, 1, 5, 7		7	4
24	24	1/8	1/8	12/8	1	1	#ii	Ab	V		#ii		#ii							m	0	0	9, 6, 10		9	9
24	24	1/4	1/4	12/8	1	1	vii%65	Ab	V		vii%65		vii	%	65					%7	0	0	2, -1, 3, 5		5	2
24	24	3/8	3/8	12/8	1	1	#i	Ab	V		#i		#i							m	0	0	7, 4, 8		7	7
24	24	1/2	1/2	12/8	1	1	vi%65	Ab	V		vi%65		vi	%	65					%7	0	0	0, -3, 1, 3		3	0
24	24	5/8	5/8	12/8	1	1	vii	Ab	V		vii		vii							m	0	0	5, 2, 6		5	5
24	24	3/4	3/4	12/8	1	1	v%65	Ab	V		v%65		v	%	65					%7	0	0	-2, -5, -1, 1		1	-2
24	24	7/8	7/8	12/8	1	1	vi	Ab	V		vi		vi							m	0	0	3, 0, 4		3	3
24	24	1	1	12/8	1	1	iv%65	Ab	V		iv%65		iv	%	65					%7	0	0	-4, -7, -3, -1		-1	-4
24	24	9/8	9/8	12/8	1	1	v	Ab	V		v		v							m	0	0	1, -2, 2		1	1
24	24	5/4	5/4	12/8	1	1	#ii%65	Ab	V		#ii%65		#ii	%	65					%7	0	0	6, 3, 7, 9		9	6
24	24	11/8	11/8	12/8	1	1	iv	Ab	V		iv		iv							m	0	0	-1, -4, 0		-1	-1
25	25	0	0	12/8	1	1	I.ii%2	Ab	I		ii%2		ii	%	2					%7	0	0	0, 2, -1, -4		2	0
25	25	1/8	1/8	12/8	1	1	V65	Ab	I		V65		V		65					Mm7	0	0	5, 2, -1, 1		1	5
25	25	1/4	1/4	12/8	1	1	ii%43	Ab	I		ii%43		ii	%	43					%7	0	0	-4, 0, 2, -1		2	-4
25	25	3/8	3/8	12/8	1	1	V7	Ab	I		V7		V		7					Mm7	0	0	1, 5, 2, -1		1	1
25	25	1/2	1/2	12/8	1	1	ii%2	Ab	I		ii%2		ii	%	2					%7	0	0	0, 2, -1, -4		2	0
25	25	5/8	5/8	12/8	1	1	V65	Ab	I		V65		V		65					Mm7	0	0	5, 2, -1, 1		1	5
25	25	3/4	3/4	12/8	1	1	ii%43	Ab	I		ii%43		ii	%	43					%7	0	0	-4, 0, 2, -1		2	-4
25	25	7/8	7/8	12/8	1	1	V7	Ab	I		V7		V		7					Mm7	0	0	1, 5, 2, -1		1	1
25	25	1	1	12/8	1	1	ii%2	Ab	I		ii%2		ii	%	2					%7	0	0	0, 2, -1, -4		2	0
25	25	9/8	9/8	12/8	1	1	V65	Ab	I		V65		V		65					Mm7	0	0	5, 2, -1, 1		1	5
25	25	5/4	5/4	12/8	1	1	ii%43	Ab	I		ii%43		ii	%	43					%7	0	0	-4, 0, 2, -1		2	-4
25	25	11/8	11/8	12/8	1	1	V7	Ab	I		V7		V		7					Mm7	0	0	1, 5, 2, -1		1	1
26	26	1/8	1/8	12/8	1	1	V\\	Ab	I		V		V						\\	M	0	0	1, 5, 2		1	1
28	28	3/8	3/8	12/8	1	1	V[V7(4)	Ab	I	V	V7(4)		V		7	4				Mm7	0	0	1, 0, 2, -1		1	1
28	28	1/2	1/2	12/8	1	1	V7	Ab	I	V	V7		V		7					Mm7	0	0	1, 5, 2, -1		1	1
28	28	3/4	3/4	12/8	1	1	I6(9)	Ab	I	V	I6(9)		I		6	9				M	0	0	4, 1, 0	2	0	4
28	28	7/8	7/8	12/8	1	1	I6	Ab	I	V	I6		I		6					M	0	0	4, 1, 0		0	4
28	28	9/8	9/8	12/8	1	1	V7(4)	Ab	I	V	V7(4)		V		7	4				Mm7	0	0	1, 0, 2, -1		1	1
28	28	5/4	5/4	12/8	1	1	V7	Ab	I	V	V7		V		7					Mm7	0	0	1, 5, 2, -1		1	1
29	29	0	0	12/8	1	1	I6(9)	Ab	I	V	I6(9)		I		6	9				M	0	0	4, 1, 0	2	0	4
29	29	1/8	1/8	12/8	1	1	I6]	Ab	I	V	I6		I		6					M	0	0	4, 1, 0		0	4
29	29	3/8	3/8	12/8	1	1	viio6(2)	Ab	I		viio6(2)		vii	o	6	2				o	0	0	2, -1, 0		5	2
29	29	1/2	1/2	12/8	1	1	viio6	Ab	I		viio6		vii	o	6					o	0	0	2, -1, 5		5	2
29	29	3/4	3/4	12/8	1	1	iv6(b9)	Ab	I		iv6(b9)		iv		6	b9				m	0	0	-4, 0, -1	-6	-1	-4
29	29	7/8	7/8	12/8	1	1	iv6	Ab	I		iv6		iv		6					m	0	0	-4, 0, -1		-1	-4
29	29	9/8	9/8	12/8	1	1	V(74)	Ab	I		V(74)		V			74				M	0	0	1, 0, 2	-1	1	1
29	29	5/4	5/4	12/8	1	1	V(64)	Ab	I		V(64)		V			64				M	0	0	1, 0, 4		1	1
30	30	0	0	12/8	1	1	V(#764)	Ab	I		V(#764)		V			#764				M	0	0	1, 0, 4	6	1	1
31	31	3/8	3/8	12/8	1	1	ii7(9)	Ab	I		ii7(9)		ii		7	9				mm7	0	0	2, -1, 3, 0	4	2	2
31	31	1/2	1/2	12/8	1	1	V[V	Ab	I	V	V		V							M	0	0	1, 5, 2		1	1
31	31	5/8	5/8	12/8	1	1	IV6	Ab	I	V	IV6		IV		6					M	0	0	3, 0, -1		-1	3
31	31	3/4	3/4	12/8	1	1	vi6]	Ab	I	V	vi6		vi		6					m	0	0	0, 4, 3		3	0
31	31	7/8	7/8	12/8	1	1	I[ii6	Ab	I	I	ii6		ii		6					m	0	0	-1, 3, 2		2	-1
31	31	1	1	12/8	1	1	I]	Ab	I	I	I		I							M	0	0	0, 4, 1		0	0
31	31	9/8	9/8	12/8	1	1	ii7(9)	Ab	I		ii7(9)		ii		7	9				mm7	0	0	2, -1, 3, 0	4	2	2
31	31	5/4	5/4	12/8	1	1	V[V	Ab	I	V	V		V							M	0	0	1, 5, 2		1	1
31	31	11/8	11/8	12/8	1	1	IV6	Ab	I	V	IV6		IV		6					M	0	0	3, 0, -1		-1	3
32	32	0	0	12/8	1	1	vi6]	Ab	I	V	vi6		vi		6					m	0	0	0, 4, 3		3	0
32	32	1/8	1/8	12/8	1	1	I[ii6	Ab	I	I	ii6		ii		6					m	0	0	-1, 3, 2		2	-1
32	32	1/4	1/4	12/8	1	1	I]	Ab	I	I	I		I							M	0	0	0, 4, 1		0	0
32	32	3/8	3/8	12/8	1	1	#II.ii	Ab	#II		ii		ii							m	0	0	2, -1, 3		2	2
32	32	3/4	3/4	12/8	1	1	V7(94)	Ab	#II		V7(94)		V		7	94				Mm7	0	0	1, 0, 2, -1	3	1	1
32	32	1	1	12/8	1	1	V7(b94)	Ab	#II		V7(b94)		V		7	b94				Mm7	0	0	1, 0, 2, -1	-4	1	1
32	32	9/8	9/8	12/8	1	1	viio7	Ab	#II		viio7		vii	o	7					o7	0	0	5, 2, -1, -4		5	5
32	32	11/8	11/8	12/8	1	1	V7	Ab	#II		V7		V		7					Mm7	0	0	1, 5, 2, -1		1	1
33	33	0	0	12/8	1	1	I[I	Ab	#II	I	I		I							M	0	0	0, 4, 1		0	0
33	33	1/8	1/8	12/8	1	1	I(+6)	Ab	#II	I	I(+6)		I			+6				M	0	0	0, 4, 1	3	0	0
33	33	3/8	3/8	12/8	1	1	V7(96)	Ab	#II	I	V7(96)		V		7	96				Mm7	0	0	1, 5, 4, -1	3	1	1
33	33	1/2	1/2	12/8	1	1	V7(9)	Ab	#II	I	V7(9)		V		7	9				Mm7	0	0	1, 5, 2, -1	3	1	1
33	33	5/8	5/8	12/8	1	1	V(9)	Ab	#II	I	V(9)		V			9				M	0	0	1, 5, 2	3	1	1
33	33	3/4	3/4	12/8	1	1	I(+64)	Ab	#II	I	I(+64)		I			+64				M	0	0	0, -1, 1	3	0	0
33	33	7/8	7/8	12/8	1	1	I(+6)	Ab	#II	I	I(+6)		I			+6				M	0	0	0, 4, 1	3	0	0
33	33	9/8	9/8	12/8	1	1	IV6(9)	Ab	#II	I	IV6(9)		IV		6	9				M	0	0	3, 0, -1	1	-1	3
33	33	5/4	5/4	12/8	1	1	IV6	Ab	#II	I	IV6		IV		6					M	0	0	3, 0, -1		-1	3
33	33	11/8	11/8	12/8	1	1	V7(9)	Ab	#II	I	V7(9)		V		7	9				Mm7	0	0	1, 5, 2, -1	3	1	1
34	34	0	0	12/8	1	1	I(9+6)	Ab	#II	I	I(9+6)		I			9+6				M	0	0	0, 4, 1	2, 3	0	0
34	34	1/8	1/8	12/8	1	1	I(+6)	Ab	#II	I	I(+6)		I			+6				M	0	0	0, 4, 1	3	0	0
34	34	3/8	3/8	12/8	1	1	V7(96)	Ab	#II	I	V7(96)		V		7	96				Mm7	0	0	1, 5, 4, -1	3	1	1
34	34	1/2	1/2	12/8	1	1	V7(9)	Ab	#II	I	V7(9)		V		7	9				Mm7	0	0	1, 5, 2, -1	3	1	1
34	34	5/8	5/8	12/8	1	1	V(9)	Ab	#II	I	V(9)		V			9				M	0	0	1, 5, 2	3	1	1
34	34	3/4	3/4	12/8	1	1	I(+64)	Ab	#II	I	I(+64)		I			+64				M	0	0	0, -1, 1	3	0	0
34	34	7/8	7/8	12/8	1	1	I(+6)	Ab	#II	I	I(+6)		I			+6				M	0	0	0, 4, 1	3	0	0
34	34	9/8	9/8	12/8	1	1	viio6(2)/V	Ab	#II	I	viio6(2)/V		vii	o	6	2	V			o	0	0	3, 0, 1		6	3
34	34	5/4	5/4	12/8	1	1	viio6/V	Ab	#II	I	viio6/V		vii	o	6		V			o	0	0	3, 0, 6		6	3
34	34	11/8	11/8	12/8	1	1	II.Fr6/IV]	Ab	II	#I	Fr6/IV	Fr	V		7	b5	V/IV			Fr	0	0	1, 5, -5, -1		1	1
35	35	0	0	12/8	1	1	II[I(9)	Ab	II	II	I(9)		I			9				M	0	0	0, 4, 1	2	0	0
35	35	1/8	1/8	12/8	1	1	I(+6)	Ab	II	II	I(+6)		I			+6				M	0	0	0, 4, 1	3	0	0
35	35	3/8	3/8	12/8	1	1	V7(96)	Ab	II	II	V7(96)		V		7	96				Mm7	0	0	1, 5, 4, -1	3	1	1
35	35	1/2	1/2	12/8	1	1	V7(9)	Ab	II	II	V7(9)		V		7	9				Mm7	0	0	1, 5, 2, -1	3	1	1
35	35	5/8	5/8	12/8	1	1	V(9)	Ab	II	II	V(9)		V			9				M	0	0	1, 5, 2	3	1	1
35	35	3/4	3/4	12/8	1	1	I(+64)	Ab	II	II	I(+64)		I			+64				M	0	0	0, -1, 1	3	0	0
35	35	7/8	7/8	12/8	1	1	I(+6)	Ab	II	II	I(+6)		I			+6				M	0	0	0, 4, 1	3	0	0
35	35	9/8	9/8	12/8	1	1	IV6(9)	Ab	II	II	IV6(9)		IV		6	9				M	0	0	3, 0, -1	1	-1	3
35	35	5/4	5/4	12/8	1	1	IV6	Ab	II	II	IV6		IV		6					M	0	0	3, 0, -1		-1	3
35	35	11/8	11/8	12/8	1	1	V7(9)	Ab	II	II	V7(9)		V		7	9				Mm7	0	0	1, 5, 2, -1	3	1	1
36	36	0	0	12/8	1	1	I(9+6)	Ab	II	II	I(9+6)		I			9+6				M	0	0	0, 4, 1	2, 3	0	0
36	36	1/8	1/8	12/8	1	1	I(+6)	Ab	II	II	I(+6)		I			+6				M	0	0	0, 4, 1	3	0	0
36	36	3/8	3/8	12/8	1	1	V7(96)	Ab	II	II	V7(96)		V		7	96				Mm7	0	0	1, 5, 4, -1	3	1	1
36	36	1/2	1/2	12/8	1	1	V7(9)	Ab	II	II	V7(9)		V		7	9				Mm7	0	0	1, 5, 2, -1	3	1	1
36	36	5/8	5/8	12/8	1	1	V(9)	Ab	II	II	V(9)		V			9				M	0	0	1, 5, 2	3	1	1
36	36	3/4	3/4	12/8	1	1	I(+64)	Ab	II	II	I(+64)		I			+64				M	0	0	0, -1, 1	3	0	0
36	36	7/8	7/8	12/8	1	1	I(+6)	Ab	II	II	I(+6)		I			+6				M	0	0	0, 4, 1	3	0	0
36	36	9/8	9/8	12/8	1	1	V.V7(+64)	Ab	V	VI	V7(+64)		V		7	+64				Mm7	0	0	1, 0, 2, -1	4	1	1
36	36	19/16	19/16	12/8	1	1	V7(+6)]	Ab	V	VI	V7(+6)		V		7	+6				Mm7	0	0	1, 5, 2, -1	4	1	1
36	36	11/8	11/8	12/8	1	1	ii%43	Ab	V		ii%43		ii	%	43					%7	0	0	-4, 0, 2, -1		2	-4
37	37	0	0	12/8	1	1	V7(b9)	Ab	V		V7(b9)		V		7	b9				Mm7	0	0	1, 5, 2, -1	-4	1	1
37	37	1/4	1/4	12/8	1	1	V7	Ab	V		V7		V		7					Mm7	0	0	1, 5, 2, -1		1	1
37	37	3/8	3/8	12/8	1	1	ii%43(9)	Ab	V		ii%43(9)		ii	%	43	9				%7	0	0	-4, 0, 2, -1	4	2	-4
37	37	5/8	5/8	12/8	1	1	ii%43	Ab	V		ii%43		ii	%	43					%7	0	0	-4, 0, 2, -1		2	-4
37	37	3/4	3/4	12/8	1	1	V7(b9)	Ab	V		V7(b9)		V		7	b9				Mm7	0	0	1, 5, 2, -1	-4	1	1
37	37	1	1	12/8	1	1	V7	Ab	V		V7		V		7					Mm7	0	0	1, 5, 2, -1		1	1
37	37	9/8	9/8	12/8	1	1	ii%43(6)	Ab	V		ii%43(6)		ii	%	43	6				%7	0	0	5, 0, 2, -1		2	5
37	37	11/8	11/8	12/8	1	1	ii%43	Ab	V		ii%43		ii	%	43					%7	0	0	-4, 0, 2, -1		2	-4
38	38	0	0	12/8	1	1	viio7	Ab	V		viio7		vii	o	7					o7	0	0	5, 2, -1, -4		5	5
38	38	1/8	1/8	12/8	1	1	io7	Ab	V		io7		i	o	7					o7	0	0	0, -3, -6, -9		0	0
38	38	1/4	1/4	12/8	1	1	#io7	Ab	V		#io7		#i	o	7					o7	0	0	7, 4, 1, -2		7	7
38	38	3/8	3/8	12/8	1	1	iio7	Ab	V		iio7		ii	o	7					o7	0	0	2, -1, -4, -7		2	2
38	38	1/2	1/2	12/8	1	1	#iio7	Ab	V		#iio7		#ii	o	7					o7	0	0	9, 6, 3, 0		9	9
38	38	5/8	5/8	12/8	1	1	iiio7	Ab	V		iiio7		iii	o	7					o7	0	0	4, 1, -2, -5		4	4
38	38	3/4	3/4	12/8	1	1	ivo7	Ab	V		ivo7		iv	o	7					o7	0	0	-1, -4, -7, -10		-1	-1
38	38	7/8	7/8	12/8	1	1	#ivo7	Ab	V		#ivo7		#iv	o	7					o7	0	0	6, 3, 0, -3		6	6
38	38	1	1	12/8	1	1	vo7	Ab	V		vo7		v	o	7					o7	0	0	1, -2, -5, -8		1	1
38	38	9/8	9/8	12/8	1	1	#vo7	Ab	V		#vo7		#v	o	7					o7	0	0	8, 5, 2, -1		8	8
38	38	5/4	5/4	12/8	1	1	vio7	Ab	V		vio7		vi	o	7					o7	0	0	3, 0, -3, -6		3	3
38	38	11/8	11/8	12/8	1	1	#vio7	Ab	V		#vio7		#vi	o	7					o7	0	0	10, 7, 4, 1		10	10
39	39	0	0	12/8	1	1	viio7	Ab	V		viio7		vii	o	7					o7	0	0	5, 2, -1, -4		5	5
39	39	1/8	1/8	12/8	1	1	io7	Ab	V		io7		i	o	7					o7	0	0	0, -3, -6, -9		0	0
39	39	1/4	1/4	12/8	1	1	#io7	Ab	V		#io7		#i	o	7					o7	0	0	7, 4, 1, -2		7	7
39	39	3/8	3/8	12/8	1	1	iio7	Ab	V		iio7		ii	o	7					o7	0	0	2, -1, -4, -7		2	2
39	39	1/2	1/2	12/8	1	1	#iio7	Ab	V		#iio7		#ii	o	7					o7	0	0	9, 6, 3, 0		9	9
39	39	5/8	5/8	12/8	1	1	iiio7	Ab	V		iiio7		iii	o	7					o7	0	0	4, 1, -2, -5		4	4
39	39	3/4	3/4	12/8	1	1	ivo7	Ab	V		ivo7		iv	o	7					o7	0	0	-1, -4, -7, -10		-1	-1
39	39	7/8	7/8	12/8	1	1	#ivo7	Ab	V		#ivo7		#iv	o	7					o7	0	0	6, 3, 0, -3		6	6
39	39	1	1	12/8	1	1	vo7	Ab	V		vo7		v	o	7					o7	0	0	1, -2, -5, -8		1	1
39	39	9/8	9/8	12/8	1	1	#vo7	Ab	V		#vo7		#v	o	7					o7	0	0	8, 5, 2, -1		8	8
39	39	5/4	5/4	12/8	1	1	vio7	Ab	V		vio7		vi	o	7					o7	0	0	3, 0, -3, -6		3	3
39	39	11/8	11/8	12/8	1	1	#vio7	Ab	V		#vio7		#vi	o	7					o7	0	0	10, 7, 4, 1		10	10
40	40	0	0	12/8	1	1	V65(b9)\\	Ab	V		V65(b9)		V		65	b9			\\	Mm7	0	0	5, 2, -1, 1	-4	1	5
41	41	1/4	1/4	12/8	1	1	I.V65(b5)/V	Ab	I		V65(b5)/V		V		65	b5	V			Mm7	0	0	6, -4, 0, 2		2	6
41	41	3/8	3/8	12/8	1	1	V7(4)	Ab	I		V7(4)		V		7	4				Mm7	0	0	1, 0, 2, -1		1	1
41	41	1/2	1/2	12/8	1	1	V7	Ab	I		V7		V		7					Mm7	0	0	1, 5, 2, -1		1	1
41	41	3/4	3/4	12/8	1	1	I(9)	Ab	I		I(9)		I			9				M	0	0	0, 4, 1	2	0	0
41	41	7/8	7/8	12/8	1	1	I	Ab	I		I		I							M	0	0	0, 4, 1		0	0
41	41	9/8	9/8	12/8	1	1	V7(4)	Ab	I		V7(4)		V		7	4				Mm7	0	0	1, 0, 2, -1		1	1
41	41	5/4	5/4	12/8	1	1	V7	Ab	I		V7		V		7					Mm7	0	0	1, 5, 2, -1		1	1
42	42	0	0	12/8	1	1	I(9)	Ab	I		I(9)		I			9				M	0	0	0, 4, 1	2	0	0
42	42	1/8	1/8	12/8	1	1	I	Ab	I		I		I							M	0	0	0, 4, 1		0	0
42	42	3/8	3/8	12/8	1	1	IV(4)	Ab	I		IV(4)		IV			4				M	0	0	-1, 5, 0		-1	-1
42	42	1/2	1/2	12/8	1	1	IV	Ab	I		IV		IV							M	0	0	-1, 3, 0		-1	-1
42	42	3/4	3/4	12/8	1	1	I6(6)	Ab	I		I6(6)		I		6	6				M	0	0	4, 3, 0		0	4
42	42	7/8	7/8	12/8	1	1	I6	Ab	I		I6		I		6					M	0	0	4, 1, 0		0	4
42	42	9/8	9/8	12/8	1	1	viio2(2)/V	Ab	I		viio2(2)/V		vii	o	2	2	V			o7	0	0	-3, 1, 3, 0		6	-3
42	42	5/4	5/4	12/8	1	1	viio2/V	Ab	I		viio2/V		vii	o	2		V			o7	0	0	-3, 6, 3, 0		6	-3
43	43	0	0	12/8	1	1	ii%7	Ab	I		ii%7		ii	%	7					%7	0	0	2, -1, -4, 0		2	2
43	43	1/8	1/8	12/8	1	1	.bVI64	Ab	I		bVI64		bVI		64					M	0	0	-3, -4, 0		-4	-3
43	43	1/4	1/4	12/8	1	1	I6	Ab	I		I6		I		6					M	0	0	4, 1, 0		0	4
43	43	3/8	3/8	12/8	1	1	V7(4)	Ab	I		V7(4)		V		7	4				Mm7	0	0	1, 0, 2, -1		1	1
43	43	1/2	1/2	12/8	1	1	V7	Ab	I		V7		V		7					Mm7	0	0	1, 5, 2, -1		1	1
43	43	3/4	3/4	12/8	1	1	I(9)	Ab	I		I(9)		I			9				M	0	0	0, 4, 1	2	0	0
43	43	7/8	7/8	12/8	1	1	I	Ab	I		I		I							M	0	0	0, 4, 1		0	0
43	43	9/8	9/8	12/8	1	1	V7(4)	Ab	I		V7(4)		V		7	4				Mm7	0	0	1, 0, 2, -1		1	1
43	43	5/4	5/4	12/8	1	1	V7	Ab	I		V7		V		7					Mm7	0	0	1, 5, 2, -1		1	1
44	44	0	0	12/8	1	1	I(9)	Ab	I		I(9)		I			9				M	0	0	0, 4, 1	2	0	0
44	44	1/8	1/8	12/8	1	1	I	Ab	I		I		I							M	0	0	0, 4, 1		0	0
44	44	3/8	3/8	12/8	1	1	V2(6)/IV	Ab	I		V2(6)/IV		V		2	6	IV			Mm7	0	0	-2, 0, 4, 3		0	-2
44	44	1/2	1/2	12/8	1	1	V2/IV	Ab	I		V2/IV		V		2		IV			Mm7	0	0	-2, 0, 4, 1		0	-2
44	44	3/4	3/4	12/8	1	1	viio65(2)/V	Ab	I		viio65(2)/V		vii	o	65	2	V			o7	0	0	3, 0, -3, 1		6	3
44	44	7/8	7/8	12/8	1	1	viio65/V	Ab	I		viio65/V		vii	o	65		V			o7	0	0	3, 0, -3, 6		6	3
44	44	9/8	9/8	12/8	1	1	ii%43(b4)	Ab	I		ii%43(b4)		ii	%	43	b4				%7	0	0	-4, 0, 2, -6		2	-4
44	44	5/4	5/4	12/8	1	1	ii%43	Ab	I		ii%43		ii	%	43					%7	0	0	-4, 0, 2, -1		2	-4
45	45	0	0	12/8	1	1	V(74)	Ab	I		V(74)		V			74				M	0	0	1, 0, 2	-1	1	1
45	45	1/8	1/8	12/8	1	1	V(64)	Ab	I		V(64)		V			64				M	0	0	1, 0, 4		1	1
45	45	3/8	3/8	12/8	1	1	V2(6)/IV	Ab	I		V2(6)/IV		V		2	6	IV			Mm7	0	0	-2, 0, 4, 3		0	-2
45	45	1/2	1/2	12/8	1	1	V2/IV	Ab	I		V2/IV		V		2		IV			Mm7	0	0	-2, 0, 4, 1		0	-2
45	45	3/4	3/4	12/8	1	1	viio65(2)/V	Ab	I		viio65(2)/V		vii	o	65	2	V			o7	0	0	3, 0, -3, 1		6	3
45	45	7/8	7/8	12/8	1	1	viio65/V	Ab	I		viio65/V		vii	o	65		V			o7	0	0	3, 0, -3, 6		6	3
45	45	9/8	9/8	12/8	1	1	ii%43(b4)	Ab	I		ii%43(b4)		ii	%	43	b4				%7	0	0	-4, 0, 2, -6		2	-4
45	45	5/4	5/4	12/8	1	1	ii%43	Ab	I		ii%43		ii	%	43					%7	0	0	-4, 0, 2, -1		2	-4
46	46	0	0	12/8	1	1	V(74)	Ab	I		V(74)		V			74				M	0	0	1, 0, 2	-1	1	1
46	46	1/8	1/8	12/8	1	1	V(64)	Ab	I		V(64)		V			64				M	0	0	1, 0, 4		1	1
46	46	3/8	3/8	12/8	1	1	vii%7/V	Ab	I		vii%7/V		vii	%	7		V			%7	0	0	6, 3, 0, 4		6	6
46	46	1/2	1/2	12/8	1	1	viio7/V	Ab	I		viio7/V		vii	o	7		V			o7	0	0	6, 3, 0, -3		6	6
46	46	3/4	3/4	12/8	1	1	V7(9+64)	Ab	I		V7(9+64)		V		7	9+64				Mm7	0	0	1, 0, 2, -1	3, 4	1	1
48	48	3/8	3/8	12/8	1	1	ii7(9)	Ab	I		ii7(9)		ii		7	9				mm7	0	0	2, -1, 3, 0	4	2	2
48	48	3/4	3/4	12/8	1	1	V7(9+64)	Ab	I		V7(9+64)		V		7	9+64				Mm7	0	0	1, 0, 2, -1	3, 4	1	1
48	48	9/8	9/8	12/8	1	1	ii7(9)	Ab	I		ii7(9)		ii		7	9				mm7	0	0	2, -1, 3, 0	4	2	2
49	49	0	0	12/8	1	1	V7(9+6)	Ab	I		V7(9+6)		V		7	9+6				Mm7	0	0	1, 5, 2, -1	3, 4	1	1
51	51	0	0	12/8	1	1	I[I	Ab	I	I	I		I							M	0	0	0, 4, 1		0	0
51	51	3/8	3/8	12/8	1	1	V7(6)	Ab	I	I	V7(6)		V		7	6				Mm7	0	0	1, 5, 4, -1		1	1
51	51	1/2	1/2	12/8	1	1	V7	Ab	I	I	V7		V		7					Mm7	0	0	1, 5, 2, -1		1	1
51	51	5/8	5/8	12/8	1	1	V	Ab	I	I	V		V							M	0	0	1, 5, 2		1	1
51	51	3/4	3/4	12/8	1	1	I(4)	Ab	I	I	I(4)		I			4				M	0	0	0, -1, 1		0	0
51	51	7/8	7/8	12/8	1	1	I	Ab	I	I	I		I							M	0	0	0, 4, 1		0	0
51	51	1	1	12/8	1	1	vi	Ab	I	I	vi		vi							m	0	0	3, 0, 4		3	3
51	51	9/8	9/8	12/8	1	1	ii(4)	Ab	I	I	ii(4)		ii			4				m	0	0	2, 1, 3		2	2
51	51	5/4	5/4	12/8	1	1	ii	Ab	I	I	ii		ii							m	0	0	2, -1, 3		2	2
51	51	11/8	11/8	12/8	1	1	V7	Ab	I	I	V7		V		7					Mm7	0	0	1, 5, 2, -1		1	1
52	52	0	0	12/8	1	1	I	Ab	I	I	I		I							M	0	0	0, 4, 1		0	0
52	52	3/8	3/8	12/8	1	1	V7(6)	Ab	I	I	V7(6)		V		7	6				Mm7	0	0	1, 5, 4, -1		1	1
52	52	1/2	1/2	12/8	1	1	V7	Ab	I	I	V7		V		7					Mm7	0	0	1, 5, 2, -1		1	1
52	52	5/8	5/8	12/8	1	1	V	Ab	I	I	V		V							M	0	0	1, 5, 2		1	1
52	52	3/4	3/4	12/8	1	1	I(4)	Ab	I	I	I(4)		I			4				M	0	0	0, -1, 1		0	0
52	52	7/8	7/8	12/8	1	1	I	Ab	I	I	I		I							M	0	0	0, 4, 1		0	0
52	52	1	1	12/8	1	1	vi	Ab	I	I	vi		vi							m	0	0	3, 0, 4		3	3
52	52	9/8	9/8	12/8	1	1	ii(4)	Ab	I	I	ii(4)		ii			4				m	0	0	2, 1, 3		2	2
52	52	5/4	5/4	12/8	1	1	ii	Ab	I	I	ii		ii							m	0	0	2, -1, 3		2	2
52	52	11/8	11/8	12/8	1	1	V7	Ab	I	I	V7		V		7					Mm7	0	0	1, 5, 2, -1		1	1
53	53	0	0	12/8	1	1	I]	Ab	I	I	I		I							M	0	0	0, 4, 1		0	0
53	53	3/8	3/8	12/8	1	1	iv6	Ab	I		iv6		iv		6					m	0	0	-4, 0, -1		-1	-4
53	53	1/2	1/2	12/8	1	1	VI	Ab	I		VI		VI							M	0	0	3, 7, 4		3	3
53	53	3/4	3/4	12/8	1	1	I	Ab	I		I		I							M	0	0	0, 4, 1		0	0
53	53	9/8	9/8	12/8	1	1	iv(4)	Ab	I		iv(4)		iv			4				m	0	0	-1, 5, 0		-1	-1
53	53	5/4	5/4	12/8	1	1	iv	Ab	I		iv		iv							m	0	0	-1, -4, 0		-1	-1
54	54	0	0	12/8	1	1	I	Ab	I		I		I							M	0	0	0, 4, 1		0	0
54	54	3/8	3/8	12/8	1	1	VI(9)	Ab	I		VI(9)		VI			9				M	0	0	3, 7, 4	5	3	3
54	54	1/2	1/2	12/8	1	1	VI	Ab	I		VI		VI							M	0	0	3, 7, 4		3	3
54	54	3/4	3/4	12/8	1	1	I(b6)	Ab	I		I(b6)		I			b6				M	0	0	0, 4, -4		0	0
54	54	7/8	7/8	12/8	1	1	I	Ab	I		I		I							M	0	0	0, 4, 1		0	0
54	54	9/8	9/8	12/8	1	1	iv(9)	Ab	I		iv(9)		iv			9				m	0	0	-1, -4, 0	1	-1	-1
54	54	5/4	5/4	12/8	1	1	iv	Ab	I		iv		iv							m	0	0	-1, -4, 0		-1	-1
55	55	0	0	12/8	1	1	I\\	Ab	I		I		I						\\	M	0	0	0, 4, 1		0	0
55	55	3/8	3/8	12/8	1	1	V7(4)	Ab	I		V7(4)		V		7	4				Mm7	0	0	1, 0, 2, -1		1	1
55	55	9/16	9/16	12/8	1	1	V7	Ab	I		V7		V		7					Mm7	0	0	1, 5, 2, -1		1	1
55	55	3/4	3/4	12/8	1	1	I(9)	Ab	I		I(9)		I			9				M	0	0	0, 4, 1	2	0	0
55	55	15/16	15/16	12/8	1	1	I	Ab	I		I		I							M	0	0	0, 4, 1		0	0
55	55	9/8	9/8	12/8	1	1	V7(4)	Ab	I		V7(4)		V		7	4				Mm7	0	0	1, 0, 2, -1		1	1
55	55	21/16	21/16	12/8	1	1	V7	Ab	I		V7		V		7					Mm7	0	0	1, 5, 2, -1		1	1
56	56	0	0	12/8	1	1	I(9)	Ab	I		I(9)		I			9				M	0	0	0, 4, 1	2	0	0
56	56	3/16	3/16	12/8	1	1	I	Ab	I		I		I							M	0	0	0, 4, 1		0	0
56	56	3/8	3/8	12/8	1	1	V7(9)/vi	Ab	I		V7(9)/vi		V		7	9	vi			Mm7	0	0	4, 8, 5, 2	-1	4	4
56	56	9/16	9/16	12/8	1	1	V7/vi	Ab	I		V7/vi		V		7		vi			Mm7	0	0	4, 8, 5, 2		4	4
56	56	3/4	3/4	12/8	1	1	vi(9)	Ab	I		vi(9)		vi			9				m	0	0	3, 0, 4	5	3	3
56	56	15/16	15/16	12/8	1	1	vi	Ab	I		vi		vi							m	0	0	3, 0, 4		3	3
56	56	9/8	9/8	12/8	1	1	vii%43	Ab	I		vii%43		vii	%	43					%7	0	0	-1, 3, 5, 2		5	-1
56	56	5/4	5/4	12/8	1	1	iii64	Ab	I		iii64		iii		64					m	0	0	5, 4, 1		4	5
56	56	11/8	11/8	12/8	1	1	V7	Ab	I		V7		V		7					Mm7	0	0	1, 5, 2, -1		1	1
57	57	0	0	12/8	1	1	I\\	Ab	I		I		I						\\	M	0	0	0, 4, 1		0	0
57	57	3/8	3/8	12/8	1	1	V7(4)	Ab	I		V7(4)		V		7	4				Mm7	0	0	1, 0, 2, -1		1	1
57	57	9/16	9/16	12/8	1	1	V7	Ab	I		V7		V		7					Mm7	0	0	1, 5, 2, -1		1	1
57	57	3/4	3/4	12/8	1	1	I(9)	Ab	I		I(9)		I			9				M	0	0	0, 4, 1	2	0	0
57	57	15/16	15/16	12/8	1	1	I	Ab	I		I		I							M	0	0	0, 4, 1		0	0
57	57	9/8	9/8	12/8	1	1	V7(4)	Ab	I		V7(4)		V		7	4				Mm7	0	0	1, 0, 2, -1		1	1
57	57	21/16	21/16	12/8	1	1	V7	Ab	I		V7		V		7					Mm7	0	0	1, 5, 2, -1		1	1
58	58	0	0	12/8	1	1	I(9)	Ab	I		I(9)		I			9				M	0	0	0, 4, 1	2	0	0
58	58	3/16	3/16	12/8	1	1	I	Ab	I		I		I							M	0	0	0, 4, 1		0	0
58	58	3/8	3/8	12/8	1	1	V7(9)/vi	Ab	I		V7(9)/vi		V		7	9	vi			Mm7	0	0	4, 8, 5, 2	-1	4	4
58	58	9/16	9/16	12/8	1	1	V7/vi	Ab	I		V7/vi		V		7		vi			Mm7	0	0	4, 8, 5, 2		4	4
58	58	3/4	3/4	12/8	1	1	vi(9)	Ab	I		vi(9)		vi			9				m	0	0	3, 0, 4	5	3	3
58	58	15/16	15/16	12/8	1	1	vi	Ab	I		vi		vi							m	0	0	3, 0, 4		3	3
58	58	9/8	9/8	12/8	1	1	vii%43	Ab	I		vii%43		vii	%	43					%7	0	0	-1, 3, 5, 2		5	-1
58	58	5/4	5/4	12/8	1	1	iii64	Ab	I		iii64		iii		64					m	0	0	5, 4, 1		4	5
58	58	11/8	11/8	12/8	1	1	V7	Ab	I		V7		V		7					Mm7	0	0	1, 5, 2, -1		1	1
59	59	0	0	12/8	1	1	I\\	Ab	I		I		I						\\	M	0	0	0, 4, 1		0	0
59	59	1/16	1/16	12/8	1	1	I	Ab	I		I		I							M	0	0	0, 4, 1		0	0
59	59	3/8	3/8	12/8	1	1	IV(9)	Ab	I		IV(9)		IV			9				M	0	0	-1, 3, 0	1	-1	-1
59	59	1/2	1/2	12/8	1	1	IV	Ab	I		IV		IV							M	0	0	-1, 3, 0		-1	-1
59	59	3/4	3/4	12/8	1	1	I(4)	Ab	I		I(4)		I			4				M	0	0	0, -1, 1		0	0
59	59	7/8	7/8	12/8	1	1	I	Ab	I		I		I							M	0	0	0, 4, 1		0	0
59	59	9/8	9/8	12/8	1	1	iv(9)	Ab	I		iv(9)		iv			9				m	0	0	-1, -4, 0	1	-1	-1
59	59	5/4	5/4	12/8	1	1	iv	Ab	I		iv		iv							m	0	0	-1, -4, 0		-1	-1
60	60	0	0	12/8	1	1	I(4)	Ab	I		I(4)		I			4				M	0	0	0, -1, 1		0	0
60	60	1/8	1/8	12/8	1	1	I	Ab	I		I		I							M	0	0	0, 4, 1		0	0
60	60	3/8	3/8	12/8	1	1	IV(9)	Ab	I		IV(9)		IV			9				M	0	0	-1, 3, 0	1	-1	-1
60	60	1/2	1/2	12/8	1	1	IV	Ab	I		IV		IV							M	0	0	-1, 3, 0		-1	-1
60	60	3/4	3/4	12/8	1	1	IV(4)	Ab	I		IV(4)		IV			4				M	0	0	-1, 5, 0		-1	-1
60	60	7/8	7/8	12/8	1	1	IV	Ab	I		IV		IV							M	0	0	-1, 3, 0		-1	-1
60	60	9/8	9/8	12/8	1	1	IV(6)	Ab	I		IV(6)		IV			6				M	0	0	-1, 3, 2		-1	-1
60	60	5/4	5/4	12/8	1	1	IV	Ab	I		IV		IV							M	0	0	-1, 3, 0		-1	-1
61	61	0	0	12/8	1	1	IV(9)	Ab	I		IV(9)		IV			9				M	0	0	-1, 3, 0	1	-1	-1
61	61	1/8	1/8	12/8	1	1	IV	Ab	I		IV		IV							M	0	0	-1, 3, 0		-1	-1
61	61	1/4	1/4	12/8	1	1	IV(4)	Ab	I		IV(4)		IV			4				M	0	0	-1, 5, 0		-1	-1
61	61	3/8	3/8	12/8	1	1	IV	Ab	I		IV		IV							M	0	0	-1, 3, 0		-1	-1
61	61	1/2	1/2	12/8	1	1	IV(6)	Ab	I		IV(6)		IV			6				M	0	0	-1, 3, 2		-1	-1
61	61	5/8	5/8	12/8	1	1	IV	Ab	I		IV		IV							M	0	0	-1, 3, 0		-1	-1
61	61	3/4	3/4	12/8	1	1	IV(9)	Ab	I		IV(9)		IV			9				M	0	0	-1, 3, 0	1	-1	-1
61	61	7/8	7/8	12/8	1	1	IV	Ab	I		IV		IV							M	0	0	-1, 3, 0		-1	-1
61	61	1	1	12/8	1	1	IV(4)	Ab	I		IV(4)		IV			4				M	0	0	-1, 5, 0		-1	-1
61	61	9/8	9/8	12/8	1	1	IV	Ab	I		IV		IV							M	0	0	-1, 3, 0		-1	-1
61	61	5/4	5/4	12/8	1	1	IV(6)	Ab	I		IV(6)		IV			6				M	0	0	-1, 3, 2		-1	-1
61	61	11/8	11/8	12/8	1	1	IV	Ab	I		IV		IV							M	0	0	-1, 3, 0		-1	-1
62	62	0	0	12/8	1	1	IV(6)	Ab	I		IV(6)		IV			6				M	0	0	-1, 3, 2		-1	-1
62	62	1/8	1/8	12/8	1	1	IV	Ab	I		IV		IV							M	0	0	-1, 3, 0		-1	-1
62	62	1/4	1/4	12/8	1	1	IV(6)	Ab	I		IV(6)		IV			6				M	0	0	-1, 3, 2		-1	-1
62	62	3/8	3/8	12/8	1	1	IV	Ab	I		IV		IV							M	0	0	-1, 3, 0		-1	-1
62	62	1/2	1/2	12/8	1	1	IV(6)	Ab	I		IV(6)		IV			6				M	0	0	-1, 3, 2		-1	-1
62	62	5/8	5/8	12/8	1	1	IV	Ab	I		IV		IV							M	0	0	-1, 3, 0		-1	-1
62	62	3/4	3/4	12/8	1	1	IV(6)	Ab	I		IV(6)		IV			6				M	0	0	-1, 3, 2		-1	-1
62	62	7/8	7/8	12/8	1	1	IV	Ab	I		IV		IV							M	0	0	-1, 3, 0		-1	-1
62	62	1	1	12/8	1	1	IV(6)	Ab	I		IV(6)		IV			6				M	0	0	-1, 3, 2		-1	-1
62	62	9/8	9/8	12/8	1	1	IV	Ab	I		IV		IV							M	0	0	-1, 3, 0		-1	-1
62	62	5/4	5/4	12/8	1	1	IV(6)	Ab	I		IV(6)		IV			6				M	0	0	-1, 3, 2		-1	-1
62	62	11/8	11/8	12/8	1	1	IV	Ab	I		IV		IV							M	0	0	-1, 3, 0		-1	-1
63	63	0	0	12/8	1	1	I[I	Ab	I	I	I		I							M	0	0	0, 4, 1		0	0
63	63	1/8	1/8	12/8	1	1	ii	Ab	I	I	ii		ii							m	0	0	2, -1, 3		2	2
63	63	1/4	1/4	12/8	1	1	I	Ab	I	I	I		I							M	0	0	0, 4, 1		0	0
63	63	3/8	3/8	12/8	1	1	vi	Ab	I	I	vi		vi							m	0	0	3, 0, 4		3	3
63	63	5/8	5/8	12/8	1	1	IV	Ab	I	I	IV		IV							M	0	0	-1, 3, 0		-1	-1
63	63	3/4	3/4	12/8	1	1	I	Ab	I	I	I		I							M	0	0	0, 4, 1		0	0
63	63	7/8	7/8	12/8	1	1	ii	Ab	I	I	ii		ii							m	0	0	2, -1, 3		2	2
63	63	1	1	12/8	1	1	I	Ab	I	I	I		I							M	0	0	0, 4, 1		0	0
63	63	9/8	9/8	12/8	1	1	vi	Ab	I	I	vi		vi							m	0	0	3, 0, 4		3	3
63	63	11/8	11/8	12/8	1	1	IV	Ab	I	I	IV		IV							M	0	0	-1, 3, 0		-1	-1
64	64	0	0	12/8	1	1	I	Ab	I	I	I		I							M	0	0	0, 4, 1		0	0
64	64	1/8	1/8	12/8	1	1	ii	Ab	I	I	ii		ii							m	0	0	2, -1, 3		2	2
64	64	1/4	1/4	12/8	1	1	I	Ab	I	I	I		I							M	0	0	0, 4, 1		0	0
64	64	3/8	3/8	12/8	1	1	vi	Ab	I	I	vi		vi							m	0	0	3, 0, 4		3	3
64	64	5/8	5/8	12/8	1	1	IV	Ab	I	I	IV		IV							M	0	0	-1, 3, 0		-1	-1
64	64	3/4	3/4	12/8	1	1	I]	Ab	I	I	I		I							M	0	0	0, 4, 1		0	0
65	65	3/8	3/8	12/8	1	1	vi	Ab	I		vi		vi							m	0	0	3, 0, 4		3	3
65	65	3/4	3/4	12/8	1	1	.Fr6	Ab	I		Fr6	Fr	V		7	b5	V			Fr	0	0	2, 6, -4, 0		2	2
65	65	9/8	9/8	12/8	1	1	V7(4)	Ab	I		V7(4)		V		7	4				Mm7	0	0	1, 0, 2, -1		1	1
65	65	5/4	5/4	12/8	1	1	V7	Ab	I		V7		V		7					Mm7	0	0	1, 5, 2, -1		1	1
66	66	0	0	12/8	1	1	I\\	Ab	I		I		I						\\	M	0	0	0, 4, 1		0	0
