mc	mn	mc_onset	mn_onset	timesig	staff	voice	label	offset_x	offset_y	offset	alt_label	globalkey	localkey	pedal	chord	special	numeral	form	figbass	changes	relativeroot	pedalend	cadence	phraseend	chord_type	globalkey_is_minor	localkey_is_minor	chord_tones	added_tones	root	bass_note	n_colored	n_untouched	count_ratio	dur_colored	dur_untouched	dur_ratio
1	1	0	0	4/4	2	1	e.i6{					e	i		i6		i		6					{	m	1	1	1, 5, 4		4	1	0.0	1.0	0.0	0.0	0.125	0.0
1	1	1/8	1/8	4/4	2	1	ii%7(9)					e	i		ii%7(9)		ii	%	7	9					%7	1	1	6, 3, 0, 4	1	6	6	0.0	9.0	0.0	0.0	1.25	0.0
1	1	3/8	3/8	4/4	2	1	iv43					e	i		iv43		iv		43						mm7	1	1	4, 1, 3, 0		3	4	1.0	5.0	0.16666666666666666	0.125	0.625	0.16666666666666666
1	1	5/8	5/8	4/4	2	1	iv65					e	i		iv65		iv		65						mm7	1	1	0, 4, 1, 3		3	0	1.0	9.0	0.1	0.125	1.125	0.1
1	1	7/8	7/8	4/4	2	1	iv7					e	i		iv7		iv		7						mm7	1	1	3, 0, 4, 1		3	3	0.0	5.0	0.0	0.0	0.625	0.0
2	2	0	0	4/4	2	1	Ger6					e	i		Ger6	Ger	vii	o	65	b3	V				Ger	1	1	0, 4, 1, 10		10	0	0.0	4.0	0.0	0.0	0.625	0.0
2	2	1/4	1/4	4/4	2	1	V(#764)					e	i		V(#764)		V			#764					M	1	1	5, 4, 1	10	5	5	0.0	4.0	0.0	0.0	0.875	0.0
2	2	3/8	3/8	4/4	2	1	V(64)					e	i		V(64)		V			64					M	1	1	5, 4, 1		5	5	0.0	13.0	0.0	0.0	1.75	0.0
3	3	0	0	4/4	2	1	iii.iv6					e	iii		iv6		iv		6						m	1	1	-3, 1, 0		0	-3	1.0	7.0	0.125	0.1875	1.0	0.15789473684210525
3	3	3/8	3/8	4/4	2	1	iv	3.5945	6.29553	/		e	iii		iv		iv								m	1	1	0, -3, 1		0	0	0.0	4.0	0.0	0.0	0.4375	0.0
3	3	1/2	1/2	4/4	2	1	i6					e	iii		i6		i		6						m	1	1	-2, 2, 1		1	-2	0.0	4.0	0.0	0.0	0.625	0.0
3	3	3/4	3/4	4/4	2	1	V43					e	iii		V43		V		43						Mm7	1	1	3, 0, 2, 6		2	3	0.0	4.0	0.0	0.0	0.625	0.0
4	4	0	0	4/4	2	1	i(#7)					e	iii		i(#7)		i			#7					m	1	1	1, -2, 2	6	1	1	0.0	7.0	0.0	0.0	1.25	0.0
4	4	3/8	3/8	4/4	2	1	i|PAC}					e	iii		i		i						PAC	}	m	1	1	1, -2, 2		1	1	0.0	10.0	0.0	0.0	1.625	0.0
5	5	0	0	4/4	2	1	i6{					e	iii		i6		i		6					{	m	1	1	-2, 2, 1		1	-2	0.0	1.0	0.0	0.0	0.125	0.0
5	5	1/8	1/8	4/4	2	1	ii%7(9)					e	iii		ii%7(9)		ii	%	7	9					%7	1	1	3, 0, -3, 1	-2	3	3	0.0	9.0	0.0	0.0	1.25	0.0
5	5	3/8	3/8	4/4	2	1	iv43					e	iii		iv43		iv		43						mm7	1	1	1, -2, 0, -3		0	1	1.0	5.0	0.16666666666666666	0.125	0.625	0.16666666666666666
5	5	5/8	5/8	4/4	2	1	iv65					e	iii		iv65		iv		65						mm7	1	1	-3, 1, -2, 0		0	-3	1.0	9.0	0.1	0.125	1.125	0.1
5	5	7/8	7/8	4/4	2	1	iv7					e	iii		iv7		iv		7						mm7	1	1	0, -3, 1, -2		0	0	0.0	5.0	0.0	0.0	0.625	0.0
6	6	0	0	4/4	2	1	Ger6					e	iii		Ger6	Ger	vii	o	65	b3	V				Ger	1	1	-3, 1, -2, 7		7	-3	0.0	4.0	0.0	0.0	0.625	0.0
6	6	1/4	1/4	4/4	2	1	V(#764)					e	iii		V(#764)		V			#764					M	1	1	2, 1, -2	7	2	2	0.0	4.0	0.0	0.0	0.875	0.0
6	6	3/8	3/8	4/4	2	1	V(64)					e	iii		V(64)		V			64					M	1	1	2, 1, -2		2	2	0.0	13.0	0.0	0.0	1.75	0.0
7	7	0	0	4/4	2	1	bv.iv6					e	bv		iv6		iv		6						m	1	1	-6, -2, -3		-3	-6	1.0	7.0	0.125	0.1875	1.0	0.15789473684210525
7	7	3/8	3/8	4/4	2	1	iv					e	bv		iv		iv								m	1	1	-3, -6, -2		-3	-3	0.0	4.0	0.0	0.0	0.4375	0.0
7	7	1/2	1/2	4/4	2	1	i6					e	bv		i6		i		6						m	1	1	-5, -1, -2		-2	-5	0.0	3.0	0.0	0.0	0.5	0.0
7	7	3/4	3/4	4/4	2	1	V43					e	bv		V43		V		43						Mm7	1	1	0, -3, -1, 3		-1	0	0.0	4.0	0.0	0.0	0.625	0.0
8	8	0	0	4/4	2	1	i|IAC}					e	bv		i		i						IAC	}	m	1	1	-2, -5, -1		-2	-2	0.0	14.0	0.0	0.0	2.875	0.0
10	9	0	0	4/4	2	1	ii.i6{					e	ii		i6		i		6					{	m	1	1	3, 7, 6		6	3	0.0	3.0	0.0	0.0	1.125	0.0
10	9	1/4	1/4	4/4	2	1	i6(#7)					e	ii		i6(#7)		i		6	#7					m	1	1	3, 7, 11		6	3	0.0	5.0	0.0	0.0	0.75	0.0
10	9	1/2	1/2	4/4	2	1	i6					e	ii		i6		i		6						m	1	1	3, 7, 6		6	3	0.0	9.0	0.0	0.0	1.375	0.0
11	10	0	0	4/4	2	1	#viio65(b8)					e	ii		#viio65(b8)		#vii	o	65	b8					o7	1	1	8, 5, 2, 11		11	8	1.0	9.0	0.1	0.5	1.125	0.3076923076923077
11	10	1/2	1/2	4/4	2	1	#viio65					e	ii		#viio65		#vii	o	65						o7	1	1	8, 5, 2, 11		11	8	0.0	4.0	0.0	0.0	1.5	0.0
11	10	7/8	7/8	4/4	2	1	V					e	ii		V		V								M	1	1	7, 11, 8		7	7	0.0	1.0	0.0	0.0	0.125	0.0
12	11	0	0	4/4	2	1	i6					e	ii		i6		i		6						m	1	1	3, 7, 6		6	3	0.0	3.0	0.0	0.0	0.75	0.0
12	11	1/4	1/4	4/4	2	1	i6(#7)					e	ii		i6(#7)		i		6	#7					m	1	1	3, 7, 11		6	3	0.0	5.0	0.0	0.0	0.75	0.0
12	11	1/2	1/2	4/4	2	1	i6					e	ii		i6		i		6						m	1	1	3, 7, 6		6	3	1.0	7.0	0.125	0.125	1.125	0.1
12	11	7/8	7/8	4/4	2	1	i65					e	ii		i65		i		65						mm7	1	1	3, 7, 4, 6		6	3	0.0	4.0	0.0	0.0	0.5	0.0
13	12	0	0	4/4	2	1	#viio65(b8)					e	ii		#viio65(b8)		#vii	o	65	b8					o7	1	1	8, 5, 2, 11		11	8	1.0	9.0	0.1	0.5	1.125	0.3076923076923077
13	12	1/2	1/2	4/4	2	1	#viio65(#7)					e	ii		#viio65(#7)		#vii	o	65	#7					o7	1	1	8, 5, 2, 9		11	8	1.0	3.0	0.25	0.25	0.75	0.25
13	12	3/4	3/4	4/4	2	1	#viio65					e	ii		#viio65		#vii	o	65						o7	1	1	8, 5, 2, 11		11	8	0.0	1.0	0.0	0.0	0.25	0.0
14	13	0	0	4/4	2	1	vi.V7(9)					e	vi		V7(9)		V		7	9					Mm7	1	1	1, 5, 2, -1	-4	1	1	2.0	34.0	0.05555555555555555	0.25	5.25	0.045454545454545456
15	14	0	0	4/4	2	1	VI6(#2)					e	vi		VI6(#2)		VI		6	#2					M	1	1	5, -3, -4		-4	5	1.0	3.0	0.25	0.125	0.5	0.2
15	14	1/4	1/4	4/4	2	1	VI6					e	vi		VI6		VI		6						M	1	1	0, -3, -4		-4	0	0.0	7.0	0.0	0.0	1.0	0.0
15	14	1/2	1/2	4/4	2	1	VI					e	vi		VI		VI								M	1	1	-4, 0, -3		-4	-4	0.0	7.0	0.0	0.0	1.0	0.0
15	14	3/4	3/4	4/4	2	1	VIM2					e	vi		VIM2		VI	M	2						MM7	1	1	1, -4, 0, -3		-4	1	0.0	7.0	0.0	0.0	1.0	0.0
16	15	0	0	4/4	2	1	V7(9)					e	vi		V7(9)		V		7	9					Mm7	1	1	1, 5, 2, -1	-4	1	1	3.0	33.0	0.08333333333333333	0.4375	5.0625	0.07954545454545454
17	16	0	0	4/4	2	1	VI64(4#2)					e	vi		VI64(4#2)		VI		64	4#2					M	1	1	-3, -4, 5, 2		-4	-3	0.0	4.0	0.0	0.0	0.625	0.0
17	16	1/4	1/4	4/4	2	1	VI64					e	vi		VI64		VI		64						M	1	1	-3, -4, 0		-4	-3	0.0	6.0	0.0	0.0	0.875	0.0
17	16	1/2	1/2	4/4	2	1	VI					e	vi		VI		VI								M	1	1	-4, 0, -3		-4	-4	0.0	7.0	0.0	0.0	1.0	0.0
17	16	3/4	3/4	4/4	2	1	VIM2					e	vi		VIM2		VI	M	2						MM7	1	1	1, -4, 0, -3		-4	1	0.0	7.0	0.0	0.0	1.0	0.0
18	17	0	0	4/4	2	1	i.V43					e	i		V43		V		43						Mm7	1	1	6, 3, 5, 9		5	6	2.0	13.0	0.13333333333333333	0.25	1.875	0.11764705882352941
18	17	1/2	1/2	4/4	2	1	i[#viio43]					e	i	i	#viio43		#vii	o	43			]			o7	1	1	3, 0, 9, 6		9	3	7.0	10.0	0.4117647058823529	0.875	1.25	0.4117647058823529
19	18	0	0	4/4	2	1	#viio7(4)					e	i		#viio7(4)		#vii	o	7	4					o7	1	1	9, 1, 3, 0		9	9	0.0	5.0	0.0	0.0	0.875	0.0
19	18	1/4	1/4	4/4	2	1	#viio7					e	i		#viio7		#vii	o	7						o7	1	1	9, 6, 3, 0		9	9	0.0	8.0	0.0	0.0	1.75	0.0
19	18	1/2	1/2	4/4	2	1	iv6(+6)					e	i		iv6(+6)		iv		6	+6					m	1	1	0, 4, 3	6	3	0	0.0	3.0	0.0	0.0	0.375	0.0
19	18	3/4	3/4	4/4	2	1	iv6					e	i		iv6		iv		6						m	1	1	0, 4, 3		3	0	0.0	8.0	0.0	0.0	1.25	0.0
20	19	0	0	4/4	2	1	V7(9)					e	i		V7(9)		V		7	9					Mm7	1	1	5, 9, 6, 3	0	5	5	2.0	8.0	0.2	0.25	1.25	0.16666666666666666
20	19	3/8	3/8	4/4	2	1	V7					e	i		V7		V		7						Mm7	1	1	5, 9, 6, 3		5	5	0.0	7.0	0.0	0.0	0.875	0.0
20	19	5/8	5/8	4/4	2	1	ii%7					e	i		ii%7		ii	%	7						%7	1	1	6, 3, 0, 4		6	6	2.0	16.0	0.1111111111111111	0.25	2.0	0.1111111111111111
21	20	0	0	4/4	2	1	V7(9+6)					e	i		V7(9+6)		V		7	9+6					Mm7	1	1	5, 9, 6, 3	0, 1	5	5	8.0	72.0	0.1	1.5	13.5	0.1
25	24	0	0	4/4	2	1	#viio7|HC}					e	i		#viio7		#vii	o	7				HC	}	o7	1	1	9, 6, 3, 0		9	9	0.0	4.0	0.0	0.0	2.25	0.0
27	25	0	3/4	4/4	2	1	bi.Ger6{					e	bi		Ger6	Ger	vii	o	65	b3	V			{	Ger	1	1	-7, -3, -6, 3		3	-7	0.0	5.0	0.0	0.0	1.25	0.0
28	26	0	0	4/4	2	1	V(64)					e	bi		V(64)		V			64					M	1	1	-2, -3, -6		-2	-2	0.0	6.0	0.0	0.0	2.75	0.0
28	26	1/2	1/2	4/4	2	1	#viio43(4)					e	bi		#viio43(4)		#vii	o	43	4					o7	1	1	-4, -7, 2, -6		2	-4	0.0	4.0	0.0	0.0	2.0	0.0
28	26	3/4	3/4	4/4	2	1	#viio43					e	bi		#viio43		#vii	o	43						o7	1	1	-4, -7, 2, -1		2	-4	0.0	1.0	0.0	0.0	0.25	0.0
29	27	0	0	4/4	2	1	i6(9#7)					e	bi		i6(9#7)		i		6	9#7					m	1	1	-6, -2, 2	-1	-3	-6	0.0	6.0	0.0	0.0	6.0	0.0
30	28	0	0	4/4	2	1	i6					e	bi		i6		i		6						m	1	1	-6, -2, -3		-3	-6	0.0	5.0	0.0	0.0	1.25	0.0
30	28	3/4	3/4	4/4	2	1	iv.Ger6					e	iv		Ger6	Ger	vii	o	65	b3	V				Ger	1	1	-1, 3, 0, 9		9	-1	0.0	5.0	0.0	0.0	1.25	0.0
31	29	0	0	4/4	2	1	V(64)					e	iv		V(64)		V			64					M	1	1	4, 3, 0		4	4	0.0	6.0	0.0	0.0	2.75	0.0
31	29	1/2	1/2	4/4	2	1	#viio43(4)					e	iv		#viio43(4)		#vii	o	43	4					o7	1	1	2, -1, 8, 0		8	2	0.0	4.0	0.0	0.0	2.0	0.0
31	29	3/4	3/4	4/4	2	1	#viio43					e	iv		#viio43		#vii	o	43						o7	1	1	2, -1, 8, 5		8	2	0.0	1.0	0.0	0.0	0.25	0.0
32	30	0	0	4/4	2	1	i6(9#7)					e	iv		i6(9#7)		i		6	9#7					m	1	1	0, 4, 8	5	3	0	0.0	6.0	0.0	0.0	6.0	0.0
33	31	0	0	4/4	2	1	i6					e	iv		i6		i		6						m	1	1	0, 4, 3		3	0	0.0	5.0	0.0	0.0	1.25	0.0
33	31	3/4	3/4	4/4	2	1	i.iv6					e	i		iv6		iv		6						m	1	1	0, 4, 3		3	0	0.0	5.0	0.0	0.0	1.25	0.0
34	32	0	0	4/4	2	1	V7(94)					e	i		V7(94)		V		7	94					Mm7	1	1	5, 4, 6, 3	0	5	5	0.0	6.0	0.0	0.0	6.0	0.0
35	33	0	0	4/4	2	1	V7(9)|HC}					e	i		V7(9)		V		7	9			HC	}	Mm7	1	1	5, 9, 6, 3	0	5	5	0.0	6.0	0.0	0.0	1.5	0.0
36	34	0	0	4/4	2	1	i{					e	i		i		i							{	m	1	1	4, 1, 5		4	4	0.0	2.0	0.0	0.0	0.375	0.0
36	34	1/8	1/8	4/4	2	1	ii%7(9)					e	i		ii%7(9)		ii	%	7	9					%7	1	1	6, 3, 0, 4	1	6	6	0.0	9.0	0.0	0.0	1.25	0.0
36	34	3/8	3/8	4/4	2	1	iv43					e	i		iv43		iv		43						mm7	1	1	4, 1, 3, 0		3	4	1.0	5.0	0.16666666666666666	0.125	0.625	0.16666666666666666
36	34	5/8	5/8	4/4	2	1	iv65					e	i		iv65		iv		65						mm7	1	1	0, 4, 1, 3		3	0	1.0	9.0	0.1	0.125	1.125	0.1
36	34	7/8	7/8	4/4	2	1	iv7					e	i		iv7		iv		7						mm7	1	1	3, 0, 4, 1		3	3	0.0	5.0	0.0	0.0	0.625	0.0
37	35	0	0	4/4	2	1	Ger6					e	i		Ger6	Ger	vii	o	65	b3	V				Ger	1	1	0, 4, 1, 10		10	0	0.0	4.0	0.0	0.0	0.625	0.0
37	35	1/4	1/4	4/4	2	1	V(#764)					e	i		V(#764)		V			#764					M	1	1	5, 4, 1	10	5	5	0.0	4.0	0.0	0.0	0.875	0.0
37	35	3/8	3/8	4/4	2	1	V(64)					e	i		V(64)		V			64					M	1	1	5, 4, 1		5	5	0.0	13.0	0.0	0.0	1.75	0.0
38	36	0	0	4/4	2	1	iii.iv6					e	iii		iv6		iv		6						m	1	1	-3, 1, 0		0	-3	1.0	8.0	0.1111111111111111	0.1875	1.5	0.1111111111111111
38	36	3/8	3/8	4/4	2	1	iv					e	iii		iv		iv								m	1	1	0, -3, 1		0	0	0.0	4.0	0.0	0.0	0.4375	0.0
38	36	1/2	1/2	4/4	2	1	V(64)					e	iii		V(64)		V			64					M	1	1	2, 1, -2		2	2	0.0	5.0	0.0	0.0	0.75	0.0
38	36	3/4	3/4	4/4	2	1	V43					e	iii		V43		V		43						Mm7	1	1	3, 0, 2, 6		2	3	0.0	4.0	0.0	0.0	0.625	0.0
39	37	0	0	4/4	2	1	i(#7)					e	iii		i(#7)		i			#7					m	1	1	1, -2, 2	6	1	1	0.0	7.0	0.0	0.0	1.25	0.0
39	37	3/8	3/8	4/4	2	1	i|PAC}					e	iii		i		i						PAC	}	m	1	1	1, -2, 2		1	1	0.0	10.0	0.0	0.0	1.625	0.0
40	38	0	0	4/4	2	1	i6{					e	iii		i6		i		6					{	m	1	1	-2, 2, 1		1	-2	0.0	1.0	0.0	0.0	0.125	0.0
40	38	1/8	1/8	4/4	2	1	ii%7(9)					e	iii		ii%7(9)		ii	%	7	9					%7	1	1	3, 0, -3, 1	-2	3	3	0.0	9.0	0.0	0.0	1.25	0.0
40	38	3/8	3/8	4/4	2	1	iv43					e	iii		iv43		iv		43						mm7	1	1	1, -2, 0, -3		0	1	1.0	5.0	0.16666666666666666	0.125	0.625	0.16666666666666666
40	38	5/8	5/8	4/4	2	1	iv65					e	iii		iv65		iv		65						mm7	1	1	-3, 1, -2, 0		0	-3	1.0	9.0	0.1	0.125	1.125	0.1
40	38	7/8	7/8	4/4	2	1	iv7					e	iii		iv7		iv		7						mm7	1	1	0, -3, 1, -2		0	0	0.0	5.0	0.0	0.0	0.625	0.0
41	39	0	0	4/4	2	1	Ger6					e	iii		Ger6	Ger	vii	o	65	b3	V				Ger	1	1	-3, 1, -2, 7		7	-3	0.0	4.0	0.0	0.0	0.625	0.0
41	39	1/4	1/4	4/4	2	1	V(#764)					e	iii		V(#764)		V			#764					M	1	1	2, 1, -2	7	2	2	0.0	4.0	0.0	0.0	0.875	0.0
41	39	3/8	3/8	4/4	2	1	V(64)					e	iii		V(64)		V			64					M	1	1	2, 1, -2		2	2	0.0	13.0	0.0	0.0	1.75	0.0
42	40	0	0	4/4	2	1	bv.iv6					e	bv		iv6		iv		6						m	1	1	-6, -2, -3		-3	-6	1.0	8.0	0.1111111111111111	0.1875	1.5	0.1111111111111111
42	40	3/8	3/8	4/4	2	1	iv					e	bv		iv		iv								m	1	1	-3, -6, -2		-3	-3	0.0	4.0	0.0	0.0	0.4375	0.0
42	40	1/2	1/2	4/4	2	1	V(64)					e	bv		V(64)		V			64					M	1	1	-1, -2, -5		-1	-1	0.0	4.0	0.0	0.0	0.625	0.0
42	40	3/4	3/4	4/4	2	1	V43					e	bv		V43		V		43						Mm7	1	1	0, -3, -1, 3		-1	0	0.0	4.0	0.0	0.0	0.625	0.0
43	41	0	0	4/4	2	1	i|IAC}					e	bv		i		i						IAC	}	m	1	1	-2, -5, -1		-2	-2	0.0	14.0	0.0	0.0	2.75	0.0
44	41	0	3/4	4/4	2	1	viio/V					e	bv		viio/V		vii	o			V				o	1	1	4, 1, -2		4	4	0.0	1.0	0.0	0.0	0.25	0.0
45	42	0	0	4/4	2	1	i6{					e	bv		i6		i		6					{	m	1	1	-5, -1, -2		-2	-5	0.0	3.0	0.0	0.0	0.75	0.0
45	42	1/4	1/4	4/4	2	1	i6(#7)					e	bv		i6(#7)		i		6	#7					m	1	1	-5, -1, 3		-2	-5	0.0	5.0	0.0	0.0	0.75	0.0
45	42	1/2	1/2	4/4	2	1	i6					e	bv		i6		i		6						m	1	1	-5, -1, -2		-2	-5	0.0	10.0	0.0	0.0	1.75	0.0
46	43	0	0	4/4	2	1	#viio65(b8)					e	bv		#viio65(b8)		#vii	o	65	b8					o7	1	1	0, -3, -6, 3		3	0	1.0	9.0	0.1	0.5	1.125	0.3076923076923077
46	43	1/2	1/2	4/4	2	1	#viio65					e	bv		#viio65		#vii	o	65						o7	1	1	0, -3, -6, 3		3	0	0.0	4.0	0.0	0.0	1.125	0.0
46	43	7/8	7/8	4/4	2	1	V					e	bv		V		V								M	1	1	-1, 3, 0		-1	-1	0.0	1.0	0.0	0.0	0.125	0.0
47	44	0	0	4/4	2	1	i6					e	bv		i6		i		6						m	1	1	-5, -1, -2		-2	-5	0.0	3.0	0.0	0.0	0.75	0.0
47	44	1/4	1/4	4/4	2	1	i6(#7)					e	bv		i6(#7)		i		6	#7					m	1	1	-5, -1, 3		-2	-5	0.0	5.0	0.0	0.0	0.75	0.0
47	44	1/2	1/2	4/4	2	1	i6					e	bv		i6		i		6						m	1	1	-5, -1, -2		-2	-5	2.0	10.0	0.16666666666666666	0.25	1.375	0.15384615384615385
48	45	0	0	4/4	2	1	#viio65(b8)					e	bv		#viio65(b8)		#vii	o	65	b8					o7	1	1	0, -3, -6, 3		3	0	1.0	9.0	0.1	0.5	1.125	0.3076923076923077
48	45	1/2	1/2	4/4	2	1	#viio65(#7)					e	bv		#viio65(#7)		#vii	o	65	#7					o7	1	1	0, -3, -6, 1		3	0	1.0	3.0	0.25	0.25	0.75	0.25
48	45	3/4	3/4	4/4	2	1	#viio65					e	bv		#viio65		#vii	o	65						o7	1	1	0, -3, -6, 3		3	0	1.0	0.0	1.0	0.25	0.0	1.0
49	46	0	0	4/4	2	1	i.V(64)					e	i		V(64)		V			64					M	1	1	5, 4, 1		5	5	0.0	5.0	0.0	0.0	1.375	0.0
49	46	1/4	1/4	4/4	2	1	V(6+4)					e	i		V(6+4)		V			6+4					M	1	1	5, 9, 1	4	5	5	0.0	7.0	0.0	0.0	1.0	0.0
49	46	1/2	1/2	4/4	2	1	V(64)					e	i		V(64)		V			64					M	1	1	5, 4, 1		5	5	0.0	14.0	0.0	0.0	2.5	0.0
50	47	0	0	4/4	2	1	#viio43(b8)					e	i		#viio43(b8)		#vii	o	43	b8					o7	1	1	3, 0, 9, 6		9	3	2.0	9.0	0.18181818181818182	1.0	1.125	0.47058823529411764
50	47	1/2	1/2	4/4	2	1	#viio43					e	i		#viio43		#vii	o	43						o7	1	1	3, 0, 9, 6		9	3	0.0	5.0	0.0	0.0	1.5	0.0
50	47	7/8	7/8	4/4	2	1	V					e	i		V		V								M	1	1	5, 9, 6		5	5	0.0	2.0	0.0	0.0	0.25	0.0
51	48	0	0	4/4	2	1	i6(9#7)					e	i		i6(9#7)		i		6	9#7					m	1	1	1, 5, 9	6	4	1	0.0	12.0	0.0	0.0	2.375	0.0
51	48	1/2	1/2	4/4	2	1	i6					e	i		i6		i		6						m	1	1	1, 5, 4		4	1	4.0	12.0	0.25	0.5	1.625	0.23529411764705882
52	49	0	0	4/4	2	1	ii%7(6)					e	i		ii%7(6)		ii	%	7	6					%7	1	1	6, 3, 2, 4		6	6	0.0	11.0	0.0	0.0	2.125	0.0
52	49	1/2	1/2	4/4	2	1	ii7					e	i		ii7		ii		7						mm7	1	1	6, 3, 7, 4		6	6	0.0	5.0	0.0	0.0	1.25	0.0
52	49	3/4	3/4	4/4	2	1	ii%7					e	i		ii%7		ii	%	7						%7	1	1	6, 3, 0, 4		6	6	0.0	2.0	0.0	0.0	0.5	0.0
53	50	0	0	4/4	2	1	Fr6(2)					e	i		Fr6(2)	Fr	V		43	b52	V				Fr	1	1	0, 4, 8, 10		6	0	3.0	2.0	0.6	0.625	0.25	0.7142857142857143
53	50	1/4	1/4	4/4	2	1	Fr6					e	i		Fr6	Fr	V		43	b5	V				Fr	1	1	0, 4, 6, 10		6	0	0.0	8.0	0.0	0.0	1.25	0.0
53	50	1/2	1/2	4/4	2	1	ii%43					e	i		ii%43		ii	%	43						%7	1	1	0, 4, 6, 3		6	0	2.0	5.0	0.2857142857142857	0.5	1.25	0.2857142857142857
54	51	0	0	4/4	2	1	bV.I64					e	bV		I64		I		64						M	1	0	-1, -2, 2		-2	-1	7.0	4.0	0.6363636363636364	3.5	1.5	0.7
55	52	0	0	4/4	2	1	IV					e	bV		IV		IV								M	1	0	-3, 1, -2		-3	-3	3.0	1.0	0.75	1.375	0.25	0.8461538461538461
55	52	1/4	1/4	4/4	2	1	iio					e	bV		iio		ii	o							o	1	0	0, -3, -6		0	0	2.0	0.0	1.0	0.375	0.0	1.0
55	52	1/2	1/2	4/4	2	1	V7					e	bV		V7		V		7						Mm7	1	0	-1, 3, 0, -3		-1	-1	3.0	2.0	0.6	0.75	0.25	0.75
56	53	0	0	4/4	2	1	I64					e	bV		I64		I		64						M	1	0	-1, -2, 2		-2	-1	7.0	4.0	0.6363636363636364	3.5	1.5	0.7
57	54	0	0	4/4	2	1	IV					e	bV		IV		IV								M	1	0	-3, 1, -2		-3	-3	3.0	1.0	0.75	1.375	0.25	0.8461538461538461
57	54	1/4	1/4	4/4	2	1	iio					e	bV		iio		ii	o							o	1	0	0, -3, -6		0	0	2.0	0.0	1.0	0.375	0.0	1.0
57	54	1/2	1/2	4/4	2	1	V7					e	bV		V7		V		7						Mm7	1	0	-1, 3, 0, -3		-1	-1	3.0	2.0	0.6	0.75	0.25	0.75
58	55	0	0	4/4	2	1	V.I64					e	V		I64		I		64						M	1	0	6, 5, 9		5	6	8.0	9.0	0.47058823529411764	1.25	3.75	0.25
59	56	0	0	4/4	2	1	viio65(#74)					e	V		viio65(#74)		vii	o	65	#74					o7	1	0	9, 4, 1, 8		10	9	1.0	3.0	0.25	1.0	1.5	0.4
59	56	1/4	1/4	4/4	2	1	viio65					e	V		viio65		vii	o	65						o7	1	0	7, 4, 1, 10		10	7	0.0	2.0	0.0	0.0	0.375	0.0
59	56	1/2	1/2	4/4	2	1	V7					e	V		V7		V		7						Mm7	1	0	6, 10, 7, 4		6	6	2.0	3.0	0.4	0.25	0.75	0.25
60	57	0	0	4/4	2	1	I64					e	V		I64		I		64						M	1	0	6, 5, 9		5	6	8.0	9.0	0.47058823529411764	1.25	3.75	0.25
61	58	0	0	4/4	2	1	viio65(#74)					e	V		viio65(#74)		vii	o	65	#74					o7	1	0	9, 4, 1, 8		10	9	1.0	3.0	0.25	1.0	1.5	0.4
61	58	1/4	1/4	4/4	2	1	viio65					e	V		viio65		vii	o	65						o7	1	0	7, 4, 1, 10		10	7	0.0	2.0	0.0	0.0	0.375	0.0
61	58	1/2	1/2	4/4	2	1	V7|HC}					e	V		V7		V		7				HC	}	Mm7	1	0	6, 10, 7, 4		6	6	2.0	3.0	0.4	0.25	0.75	0.25
62	59	3/4	3/4	4/4	2	1	bv.Ger6					e	bv		Ger6	Ger	vii	o	65	b3	V				Ger	1	1	-6, -2, -5, 4		4	-6	0.0	4.0	0.0	0.0	1.0	0.0
63	60	0	0	4/4	2	1	V(64)					e	bv		V(64)		V			64					M	1	1	-1, -2, -5		-1	-1	0.0	5.0	0.0	0.0	2.25	0.0
63	60	1/2	1/2	4/4	2	1	#viio43(4)					e	bv		#viio43(4)		#vii	o	43	4					o7	1	1	-3, -6, 3, -5		3	-3	0.0	4.0	0.0	0.0	2.0	0.0
63	60	3/4	3/4	4/4	2	1	#viio43					e	bv		#viio43		#vii	o	43						o7	1	1	-3, -6, 3, 0		3	-3	0.0	1.0	0.0	0.0	0.25	0.0
64	61	0	0	4/4	2	1	i6(9#7)					e	bv		i6(9#7)		i		6	9#7					m	1	1	-5, -1, 3	0	-2	-5	0.0	5.0	0.0	0.0	5.0	0.0
65	62	0	0	4/4	2	1	i6					e	bv		i6		i		6						m	1	1	-5, -1, -2		-2	-5	0.0	4.0	0.0	0.0	1.0	0.0
65	62	3/4	3/4	4/4	2	1	bii.Ger6	-5.90909	-9.45455	/		e	bii		Ger6	Ger	vii	o	65	b3	V				Ger	1	1	-5, -1, -4, 5		5	-5	0.0	5.0	0.0	0.0	1.25	0.0
66	63	0	0	4/4	2	1	V(64)					e	bii		V(64)		V			64					M	1	1	0, -1, -4		0	0	0.0	6.0	0.0	0.0	2.75	0.0
66	63	1/2	1/2	4/4	2	1	#viio43(4)					e	bii		#viio43(4)		#vii	o	43	4					o7	1	1	-2, -5, 4, -4		4	-2	0.0	4.0	0.0	0.0	2.0	0.0
66	63	3/4	3/4	4/4	2	1	#viio43					e	bii		#viio43		#vii	o	43						o7	1	1	-2, -5, 4, 1		4	-2	0.0	1.0	0.0	0.0	0.25	0.0
67	64	0	0	4/4	2	1	i6(9#7)					e	bii		i6(9#7)		i		6	9#7					m	1	1	-4, 0, 4	1	-1	-4	0.0	6.0	0.0	0.0	6.0	0.0
68	65	0	0	4/4	2	1	i6					e	bii		i6		i		6						m	1	1	-4, 0, -1		-1	-4	0.0	5.0	0.0	0.0	1.25	0.0
68	65	3/4	3/4	4/4	2	1	i.vi64					e	i		vi64		vi		64						m	1	1	1, 0, -3		0	1	0.0	5.0	0.0	0.0	1.25	0.0
69	66	1/4	1/4	4/4	2	1	#viio65					e	i		#viio65		#vii	o	65						o7	1	1	6, 3, 0, 9		9	6	0.0	5.0	0.0	0.0	1.25	0.0
69	66	3/4	3/4	4/4	2	1	V7					e	i		V7		V		7						Mm7	1	1	5, 9, 6, 3		5	5	0.0	5.0	0.0	0.0	1.25	0.0
70	67	0	0	4/4	2	1	i[i					e	i	i	i		i								m	1	1	4, 1, 5		4	4	0.0	5.0	0.0	0.0	2.5	0.0
70	67	1/2	1/2	4/4	2	1	#viio7/iv					e	i		#viio7/iv		#vii	o	7		iv				o7	1	1	8, 5, 2, -1		8	8	1.0	5.0	0.16666666666666666	0.5	2.0	0.2
71	68	0	0	4/4	2	1	bII6(4)					e	i		bII6(4)		bII		6	4					M	1	1	5, 0, -1		-1	5	2.0	3.0	0.4	1.0	1.125	0.47058823529411764
71	68	1/8	1/8	4/4	2	1	bII6					e	i		bII6		bII		6						M	1	1	3, 0, -1		-1	3	1.0	1.0	0.5	0.125	0.25	0.3333333333333333
71	68	1/2	1/2	4/4	2	1	Ger7					e	i		Ger7	Ger	vii	o	7	b3	V				Ger	1	1	10, 0, 4, 1		10	10	4.0	4.0	0.5	1.3125	1.1875	0.525
72	69	0	0	4/4	2	1	i(6)				VI6	e	i		i(6)		i			6					m	1	1	4, 1, 0		4	4	0.0	4.0	0.0	0.0	1.75	0.0
72	69	1/4	1/4	4/4	2	1	i					e	i		i		i								m	1	1	4, 1, 5		4	4	0.0	1.0	0.0	0.0	0.25	0.0
72	69	1/2	1/2	4/4	2	1	#viio43/iv					e	i		#viio43/iv		#vii	o	43		iv				o7	1	1	2, -1, 8, 5		8	2	1.0	5.0	0.16666666666666666	0.5	2.0	0.2
73	70	0	0	4/4	2	1	bII64(4)					e	i		bII64(4)		bII		64	4					M	1	1	0, -1, 5		-1	0	1.0	3.0	0.25	0.5	1.125	0.3076923076923077
73	70	1/8	1/8	4/4	2	1	bII64					e	i		bII64		bII		64						M	1	1	0, -1, 3		-1	0	1.0	1.0	0.5	0.125	0.25	0.3333333333333333
73	70	1/2	1/2	4/4	2	1	Ger7					e	i		Ger7	Ger	vii	o	7	b3	V				Ger	1	1	10, 0, 4, 1		10	10	3.0	4.0	0.42857142857142855	0.75	1.25	0.375
74	71	0	0	4/4	2	1	Ger6					e	i		Ger6	Ger	vii	o	65	b3	V				Ger	1	1	0, 4, 1, 10		10	0	3.0	3.0	0.5	1.75	1.0	0.6363636363636364
74	71	1/2	1/2	4/4	2	1	#viio2					e	i		#viio2		#vii	o	2						o7	1	1	0, 9, 6, 3		9	0	0.0	2.0	0.0	0.0	0.25	0.0
74	71	3/4	3/4	4/4	2	1	iv					e	i		iv		iv								m	1	1	3, 0, 4		3	3	1.0	4.0	0.2	0.125	0.875	0.125
75	72	0	0	4/4	2	1	i(6+4)					e	i		i(6+4)		i			6+4					m	1	1	4, 1, 0	3	4	4	0.0	7.0	0.0	0.0	7.0	0.0
76	73	0	0	4/4	2	1	i|PC}					e	i		i		i						PC	}	m	1	1	4, 1, 5		4	4	0.0	18.0	0.0	0.0	2.25	0.0
78	74	0	3/4	4/4	2	1	VI.V					e	VI		V		V								M	1	0	1, 5, 2		1	1	0.0	1.0	0.0	0.0	0.25	0.0
79	75	0	0	4/4	2	1	I{					e	VI		I		I							{	M	1	0	0, 4, 1		0	0	0.0	7.0	0.0	0.0	1.0	0.0
79	75	1/4	1/4	4/4	2	1	I(9)					e	VI		I(9)		I			9					M	1	0	0, 4, 1	2	0	0	0.0	13.0	0.0	0.0	2.0	0.0
79	75	3/4	3/4	4/4	2	1	I					e	VI		I		I								M	1	0	0, 4, 1		0	0	0.0	7.0	0.0	0.0	1.0	0.0
80	76	0	0	4/4	2	1	vi					e	VI		vi		vi								m	1	0	3, 0, 4		3	3	0.0	7.0	0.0	0.0	1.0	0.0
80	76	1/4	1/4	4/4	2	1	vi(9)					e	VI		vi(9)		vi			9					m	1	0	3, 0, 4	5	3	3	0.0	13.0	0.0	0.0	2.0	0.0
80	76	3/4	3/4	4/4	2	1	vi					e	VI		vi		vi								m	1	0	3, 0, 4		3	3	0.0	7.0	0.0	0.0	1.0	0.0
81	77	0	0	4/4	2	1	viio7/V					e	VI		viio7/V		vii	o	7		V				o7	1	0	6, 3, 0, -3		6	6	0.0	13.0	0.0	0.0	2.0	0.0
81	77	1/2	1/2	4/4	2	1	V(#7)					e	VI		V(#7)		V			#7					M	1	0	1, 5, 2	6	1	1	0.0	10.0	0.0	0.0	1.5	0.0
81	77	7/8	7/8	4/4	2	1	V					e	VI		V		V								M	1	0	1, 5, 2		1	1	0.0	4.0	0.0	0.0	0.5	0.0
82	78	0	0	4/4	2	1	viio7(#0)					e	VI		viio7(#0)		vii	o	7	#0					o7	1	0	5, 2, -1, -4		5	5	4.0	10.0	0.2857142857142857	0.5	1.75	0.2222222222222222
82	78	1/2	1/2	4/4	2	1	viio7					e	VI		viio7		vii	o	7						o7	1	0	5, 2, -1, -4		5	5	0.0	6.0	0.0	0.0	0.75	0.0
82	78	3/4	3/4	4/4	2	1	V65					e	VI		V65		V		65						Mm7	1	0	5, 2, -1, 1		1	5	0.0	7.0	0.0	0.0	1.0	0.0
83	79	0	0	4/4	2	1	I					e	VI		I		I								M	1	0	0, 4, 1		0	0	0.0	7.0	0.0	0.0	1.0	0.0
83	79	1/4	1/4	4/4	2	1	I(9)					e	VI		I(9)		I			9					M	1	0	0, 4, 1	2	0	0	0.0	13.0	0.0	0.0	2.0	0.0
83	79	3/4	3/4	4/4	2	1	I					e	VI		I		I								M	1	0	0, 4, 1		0	0	0.0	7.0	0.0	0.0	1.0	0.0
84	80	0	0	4/4	2	1	vi					e	VI		vi		vi								m	1	0	3, 0, 4		3	3	0.0	7.0	0.0	0.0	1.0	0.0
84	80	1/4	1/4	4/4	2	1	vi(9)					e	VI		vi(9)		vi			9					m	1	0	3, 0, 4	5	3	3	0.0	13.0	0.0	0.0	2.0	0.0
84	80	3/4	3/4	4/4	2	1	vi					e	VI		vi		vi								m	1	0	3, 0, 4		3	3	0.0	7.0	0.0	0.0	1.0	0.0
85	81	0	0	4/4	2	1	iv.V43/V					e	iv		V43/V		V		43		V				Mm7	1	1	6, 3, 5, 9		5	6	0.0	14.0	0.0	0.0	2.5	0.0
85	81	1/2	1/2	4/4	2	1	Fr6					e	iv		Fr6	Fr	V		43	b5	V				Fr	1	1	-1, 3, 5, 9		5	-1	0.0	20.0	0.0	0.0	3.0	0.0
86	82	0	0	4/4	2	1	V(4)					e	iv		V(4)		V			4					M	1	1	4, 3, 5		4	4	0.0	36.0	0.0	0.0	6.0	0.0
87	83	0	0	4/4	2	1	V65(b5)/V					e	iv		V65(b5)/V		V		65	b5	V				Mm7	1	1	9, -1, 3, 5		5	9	0.0	18.0	0.0	0.0	3.0	0.0
87	83	1/2	1/2	4/4	2	1	ii65					e	iv		ii65		ii		65						mm7	1	1	2, 6, 3, 5		5	2	0.0	14.0	0.0	0.0	2.25	0.0
87	83	7/8	7/8	4/4	2	1	I.V7(+6)/V					e	I		V7(+6)/V		V		7	+6	V				Mm7	1	0	6, 10, 7, 4	9	6	6	5.0	1.0	0.8333333333333334	0.625	0.125	0.8333333333333334
88	84	0	0	4/4	2	1	V[V7/V					e	I	V	V7/V		V		7		V				Mm7	1	0	6, 10, 7, 4		6	6	10.0	2.0	0.8333333333333334	1.5	0.25	0.8571428571428571
88	84	1/4	1/4	4/4	2	1	V+(#7)/V					e	I		V+(#7)/V		V	+		#7	V				+	1	0	6, 10, 14	11	6	6	7.0	4.0	0.6363636363636364	1.0	0.5	0.6666666666666666
88	84	1/2	1/2	4/4	2	1	V(9)					e	I		V(9)		V			9					M	1	0	5, 9, 6	7	5	5	9.0	2.0	0.8181818181818182	1.25	0.25	0.8333333333333334
88	84	3/4	3/4	4/4	2	1	V7(#5)]					e	I		V7(#5)		V		7	#5		]			Mm7	1	0	5, 9, 13, 3		5	5	6.0	5.0	0.5454545454545454	0.75	0.75	0.5
89	85	0	0	4/4	2	1	I|IAC}{					e	I		I		I						IAC	}{	M	1	0	4, 8, 5		4	4	4.0	3.0	0.5714285714285714	0.75	0.625	0.5454545454545454
89	85	1/4	1/4	4/4	2	1	I(9)					e	I		I(9)		I			9					M	1	0	4, 8, 5	6	4	4	13.0	7.0	0.65	2.375	0.875	0.7307692307692307
89	85	3/4	3/4	4/4	2	1	I					e	I		I		I								M	1	0	4, 8, 5		4	4	7.0	3.0	0.7	1.125	0.375	0.75
90	86	0	0	4/4	2	1	vi					e	I		vi		vi								m	1	0	7, 4, 8		7	7	5.0	2.0	0.7142857142857143	1.125	0.25	0.8181818181818182
90	86	1/4	1/4	4/4	2	1	vi(9)					e	I		vi(9)		vi			9					m	1	0	7, 4, 8	9	7	7	9.0	11.0	0.45	1.875	1.375	0.5769230769230769
90	86	3/4	3/4	4/4	2	1	vi					e	I		vi		vi								m	1	0	7, 4, 8		7	7	5.0	5.0	0.5	0.875	0.625	0.5833333333333334
91	87	0	0	4/4	2	1	viio7/V					e	I		viio7/V		vii	o	7		V				o7	1	0	10, 7, 4, 1		10	10	19.0	0.0	1.0	3.375	0.0	1.0
91	87	1/2	1/2	4/4	2	1	V(#7)					e	I		V(#7)		V			#7					M	1	0	5, 9, 6	10	5	5	8.0	6.0	0.5714285714285714	1.25	1.25	0.5
91	87	7/8	7/8	4/4	2	1	V					e	I		V		V								M	1	0	5, 9, 6		5	5	4.0	1.0	0.8	0.5	0.125	0.8
92	88	0	0	4/4	2	1	viio7(#0)					e	I		viio7(#0)		vii	o	7	#0					o7	1	0	9, 6, 3, 0		9	9	17.0	0.0	1.0	3.375	0.0	1.0
92	88	1/2	1/2	4/4	2	1	viio7					e	I		viio7		vii	o	7						o7	1	0	9, 6, 3, 0		9	9	9.0	0.0	1.0	1.375	0.0	1.0
92	88	3/4	3/4	4/4	2	1	V65					e	I		V65		V		65						Mm7	1	0	9, 6, 3, 5		5	9	10.0	0.0	1.0	1.5	0.0	1.0
93	89	0	0	4/4	2	1	I					e	I		I		I								M	1	0	4, 8, 5		4	4	4.0	3.0	0.5714285714285714	0.75	0.625	0.5454545454545454
93	89	1/4	1/4	4/4	2	1	I(9)					e	I		I(9)		I			9					M	1	0	4, 8, 5	6	4	4	13.0	7.0	0.65	2.375	0.875	0.7307692307692307
93	89	3/4	3/4	4/4	2	1	I					e	I		I		I								M	1	0	4, 8, 5		4	4	7.0	3.0	0.7	1.125	0.375	0.75
94	90	0	0	4/4	2	1	vi					e	I		vi		vi								m	1	0	7, 4, 8		7	7	5.0	2.0	0.7142857142857143	1.125	0.25	0.8181818181818182
94	90	1/4	1/4	4/4	2	1	vi(9)					e	I		vi(9)		vi			9					m	1	0	7, 4, 8	9	7	7	9.0	11.0	0.45	1.875	1.375	0.5769230769230769
94	90	3/4	3/4	4/4	2	1	vi					e	I		vi		vi								m	1	0	7, 4, 8		7	7	5.0	5.0	0.5	0.875	0.625	0.5833333333333334
95	91	0	0	4/4	2	1	IV.V43/V					e	IV		V43/V		V		43		V				Mm7	1	0	6, 3, 5, 9		5	6	0.0	22.0	0.0	0.0	4.625	0.0
95	91	1/2	1/2	4/4	2	1	Fr6					e	IV		Fr6	Fr	V		43	b5	V				Fr	1	0	-1, 3, 5, 9		5	-1	0.0	25.0	0.0	0.0	4.625	0.0
96	92	0	0	4/4	2	1	V(64)					e	IV		V(64)		V			64					M	1	0	4, 3, 7		4	4	0.0	39.0	0.0	0.0	9.25	0.0
97	93	0	0	4/4	2	1	V7(6)					e	IV		V7(6)		V		7	6					Mm7	1	0	4, 8, 7, 2		4	4	0.0	11.0	0.0	0.0	2.75	0.0
97	93	1/4	1/4	4/4	2	1	V7					e	IV		V7		V		7						Mm7	1	0	4, 8, 5, 2		4	4	0.0	13.0	0.0	0.0	2.25	0.0
97	93	1/2	1/2	4/4	2	1	V7(6)					e	IV		V7(6)		V		7	6					Mm7	1	0	4, 8, 7, 2		4	4	0.0	17.0	0.0	0.0	3.375	0.0
97	93	7/8	7/8	4/4	2	1	V7					e	IV		V7		V		7						Mm7	1	0	4, 8, 5, 2		4	4	0.0	5.0	0.0	0.0	0.625	0.0
98	94	0	0	4/4	2	1	I|IAC}					e	IV		I		I						IAC	}	M	1	0	3, 7, 4		3	3	0.0	25.0	0.0	0.0	5.75	0.0
98	94	3/4	3/4	4/4	2	1	I{					e	IV		I		I							{	M	1	0	3, 7, 4		3	3	0.0	3.0	0.0	0.0	0.5	0.0
99	95	0	0	4/4	2	1	vi7					e	IV		vi7		vi		7						mm7	1	0	6, 3, 7, 4		6	6	0.0	3.0	0.0	0.0	0.5	0.0
99	95	1/4	1/4	4/4	2	1	viio6/V					e	IV		viio6/V		vii	o	6		V				o	1	0	6, 3, 9		9	6	0.0	7.0	0.0	0.0	1.25	0.0
99	95	3/4	3/4	4/4	2	1	IV6					e	IV		IV6		IV		6						M	1	0	6, 3, 2		2	6	0.0	3.0	0.0	0.0	0.5	0.0
100	96	0	0	4/4	2	1	I64(4)					e	IV		I64(4)		I		64	4					M	1	0	4, 3, 2		3	4	0.0	3.0	0.0	0.0	0.5	0.0
100	96	1/4	1/4	4/4	2	1	I64(#2)					e	IV		I64(#2)		I		64	#2					M	1	0	4, 3, 12		3	4	0.0	7.0	0.0	0.0	1.25	0.0
100	96	3/4	3/4	4/4	2	1	I64					e	IV		I64		I		64						M	1	0	4, 3, 7		3	4	0.0	3.0	0.0	0.0	0.5	0.0
101	97	0	0	4/4	2	1	V65(6)/V					e	IV		V65(6)/V		V		65	6	V				Mm7	1	0	9, 8, 3, 5		5	9	0.0	4.0	0.0	0.0	0.625	0.0
101	97	1/4	1/4	4/4	2	1	V65/V					e	IV		V65/V		V		65		V				Mm7	1	0	9, 6, 3, 5		5	9	0.0	7.0	0.0	0.0	1.0	0.0
101	97	1/2	1/2	4/4	2	1	viio43					e	IV		viio43		vii	o	43						o7	1	0	2, -1, 8, 5		8	2	0.0	7.0	0.0	0.0	1.125	0.0
101	97	7/8	7/8	4/4	2	1	V2					e	IV		V2		V		2						Mm7	1	0	2, 4, 8, 5		4	2	0.0	4.0	0.0	0.0	0.5	0.0
102	98	0	0	4/4	2	1	I6					e	IV		I6		I		6						M	1	0	7, 4, 3		3	7	0.0	11.0	0.0	0.0	2.0	0.0
102	98	3/4	3/4	4/4	2	1	I					e	IV		I		I								M	1	0	3, 7, 4		3	3	0.0	6.0	0.0	0.0	1.0	0.0
103	99	0	0	4/4	2	1	vi7					e	IV		vi7		vi		7						mm7	1	0	6, 3, 7, 4		6	6	0.0	6.0	0.0	0.0	1.25	0.0
103	99	1/4	1/4	4/4	2	1	viio6/V					e	IV		viio6/V		vii	o	6		V				o	1	0	6, 3, 9		9	6	0.0	15.0	0.0	0.0	2.25	0.0
103	99	3/4	3/4	4/4	2	1	IV6					e	IV		IV6		IV		6						M	1	0	6, 3, 2		2	6	0.0	5.0	0.0	0.0	0.75	0.0
104	100	0	0	4/4	2	1	I64(4)					e	IV		I64(4)		I		64	4					M	1	0	4, 3, 2		3	4	0.0	6.0	0.0	0.0	1.25	0.0
104	100	1/4	1/4	4/4	2	1	I64(#2)					e	IV		I64(#2)		I		64	#2					M	1	0	4, 3, 12		3	4	0.0	15.0	0.0	0.0	2.25	0.0
104	100	3/4	3/4	4/4	2	1	I64					e	IV		I64		I		64						M	1	0	4, 3, 7		3	4	0.0	5.0	0.0	0.0	0.75	0.0
105	101	0	0	4/4	2	1	#vi.ii%7(+4)					e	#vi		ii%7(+4)		ii	%	7	+4					%7	1	1	9, 6, 3, 7	8	9	9	0.0	7.0	0.0	0.0	1.375	0.0
105	101	1/4	1/4	4/4	2	1	ii%7					e	#vi		ii%7		ii	%	7						%7	1	1	9, 6, 3, 7		9	9	0.0	9.0	0.0	0.0	1.25	0.0
105	101	1/2	1/2	4/4	2	1	#viio43(4)					e	#vi		#viio43(4)		#vii	o	43	4					o7	1	1	6, 3, 12, 4		12	6	0.0	12.0	0.0	0.0	2.125	0.0
105	101	7/8	7/8	4/4	2	1	#viio43	-2.36364	-9.45455	/		e	#vi		#viio43		#vii	o	43						o7	1	1	6, 3, 12, 9		12	6	0.0	6.0	0.0	0.0	0.75	0.0
106	102	0	0	4/4	2	1	i(9#7)					e	#vi		i(9#7)		i			9#7					m	1	1	7, 4, 8	9, 12	7	7	0.0	22.0	0.0	0.0	3.75	0.0
106	102	5/8	5/8	4/4	2	1	i6(9)					e	#vi		i6(9)		i		6	9					m	1	1	4, 8, 7	9	7	4	0.0	5.0	0.0	0.0	0.625	0.0
106	102	3/4	3/4	4/4	2	1	i64					e	#vi		i64		i		64						m	1	1	8, 7, 4		7	8	0.0	4.0	0.0	0.0	0.75	0.0
107	103	0	0	4/4	2	1	VIM7					e	#vi		VIM7		VI	M	7						MM7	1	1	3, 7, 4, 8		3	3	0.0	3.0	0.0	0.0	0.5	0.0
107	103	1/4	1/4	4/4	2	1	It6					e	#vi		It6	It	vii	o	6	b3	V				It	1	1	3, 7, 13		13	3	0.0	7.0	0.0	0.0	1.25	0.0
107	103	3/4	3/4	4/4	2	1	iv6					e	#vi		iv6		iv		6						m	1	1	3, 7, 6		6	3	0.0	3.0	0.0	0.0	0.5	0.0
108	104	0	0	4/4	2	1	i64(4)					e	#vi		i64(4)		i		64	4					m	1	1	8, 7, 6		7	8	0.0	3.0	0.0	0.0	0.5	0.0
108	104	1/4	1/4	4/4	2	1	I64					e	#vi		I64		I		64						M	1	1	8, 7, 11		7	8	0.0	7.0	0.0	0.0	1.25	0.0
108	104	3/4	3/4	4/4	2	1	i64					e	#vi		i64		i		64						m	1	1	8, 7, 4		7	8	0.0	3.0	0.0	0.0	0.5	0.0
109	105	0	0	4/4	2	1	viio7(4)/V					e	#vi		viio7(4)/V		vii	o	7	4	V				o7	1	1	13, 12, 7, 4		13	13	1.0	3.0	0.25	0.25	0.375	0.4
109	105	1/4	1/4	4/4	2	1	viio7/V					e	#vi		viio7/V		vii	o	7		V				o7	1	1	13, 10, 7, 4		13	13	0.0	7.0	0.0	0.0	1.0	0.0
109	105	1/2	1/2	4/4	2	1	viio43					e	#vi		viio43		vii	o	43						o7	1	1	-1, -4, 5, 2		5	-1	7.0	0.0	1.0	1.125	0.0	1.0
109	105	7/8	7/8	4/4	2	1	V2					e	#vi		V2		V		2						Mm7	1	1	6, 8, 12, 9		8	6	0.0	4.0	0.0	0.0	0.5	0.0
110	106	0	0	4/4	2	1	i6					e	#vi		i6		i		6						m	1	1	4, 8, 7		7	4	0.0	11.0	0.0	0.0	2.0	0.0
110	106	3/4	3/4	4/4	2	1	i					e	#vi		i		i								m	1	1	7, 4, 8		7	7	0.0	6.0	0.0	0.0	1.0	0.0
111	107	0	0	4/4	2	1	VIM7					e	#vi		VIM7		VI	M	7						MM7	1	1	3, 7, 4, 8		3	3	0.0	6.0	0.0	0.0	1.25	0.0
111	107	1/4	1/4	4/4	2	1	It6					e	#vi		It6	It	vii	o	6	b3	V				It	1	1	3, 7, 13		13	3	0.0	15.0	0.0	0.0	2.25	0.0
111	107	3/4	3/4	4/4	2	1	iv6					e	#vi		iv6		iv		6						m	1	1	3, 7, 6		6	3	0.0	5.0	0.0	0.0	0.75	0.0
112	108	0	0	4/4	2	1	i64(4)					e	#vi		i64(4)		i		64	4					m	1	1	8, 7, 6		7	8	0.0	6.0	0.0	0.0	1.25	0.0
112	108	1/4	1/4	4/4	2	1	I64					e	#vi		I64		I		64						M	1	1	8, 7, 11		7	8	0.0	15.0	0.0	0.0	2.25	0.0
112	108	3/4	3/4	4/4	2	1	i64					e	#vi		i64		i		64						m	1	1	8, 7, 4		7	8	0.0	5.0	0.0	0.0	0.75	0.0
113	109	0	0	4/4	2	1	VII.vii%43					e	VII		vii%43		vii	%	43						%7	1	0	1, 5, 7, 4		7	1	0.0	7.0	0.0	0.0	1.125	0.0
113	109	1/4	1/4	4/4	2	1	viio43					e	VII		viio43		vii	o	43						o7	1	0	1, -2, 7, 4		7	1	0.0	9.0	0.0	0.0	1.25	0.0
113	109	1/2	1/2	4/4	2	1	I6					e	VII		I6		I		6						M	1	0	6, 3, 2		2	6	0.0	17.0	0.0	0.0	2.5	0.0
114	110	0	0	4/4	2	1	iv.bII64					e	iv		bII64		bII		64						M	1	1	-1, -2, 2		-2	-1	0.0	6.0	0.0	0.0	1.125	0.0
114	110	1/4	1/4	4/4	2	1	bII64(9)					e	iv		bII64(9)		bII		64	9					M	1	1	-1, -2, 2	0	-2	-1	0.0	14.0	0.0	0.0	2.5	0.0
114	110	3/4	3/4	4/4	2	1	bII64					e	iv		bII64		bII		64						M	1	1	-1, -2, 2		-2	-1	0.0	8.0	0.0	0.0	1.25	0.0
115	111	0	0	4/4	2	1	#viio2(2)					e	iv		#viio2(2)		#vii	o	2	2					o7	1	1	-1, 3, 5, 2		8	-1	0.0	5.0	0.0	0.0	0.875	0.0
115	111	1/4	1/4	4/4	2	1	#viio2					e	iv		#viio2		#vii	o	2						o7	1	1	-1, 8, 5, 2		8	-1	0.0	17.0	0.0	0.0	2.875	0.0
115	111	7/8	7/8	4/4	2	1	iio6					e	iv		iio6		ii	o	6						o	1	1	2, -1, 5		5	2	0.0	4.0	0.0	0.0	0.5	0.0
116	112	0	0	4/4	2	1	bII6					e	iv		bII6		bII		6						M	1	1	2, -1, -2		-2	2	0.0	4.0	0.0	0.0	0.625	0.0
116	112	1/4	1/4	4/4	2	1	bII64(9)					e	iv		bII64(9)		bII		64	9					M	1	1	-1, -2, 2	0	-2	-1	0.0	13.0	0.0	0.0	2.0	0.0
116	112	3/4	3/4	4/4	2	1	bII					e	iv		bII		bII								M	1	1	-2, 2, -1		-2	-2	0.0	7.0	0.0	0.0	1.0	0.0
117	113	0	0	4/4	2	1	#viio7(2)					e	iv		#viio7(2)		#vii	o	7	2					o7	1	1	3, 5, 2, -1		8	3	0.0	4.0	0.0	0.0	0.625	0.0
117	113	1/4	1/4	4/4	2	1	#viio7					e	iv		#viio7		#vii	o	7						o7	1	1	8, 5, 2, -1		8	8	0.0	16.0	0.0	0.0	2.375	0.0
117	113	7/8	7/8	4/4	2	1	iio64	-1.89091	-9.45455	/		e	iv		iio64		ii	o	64						o	1	1	-1, 5, 2		5	-1	0.0	5.0	0.0	0.0	0.625	0.0
118	114	0	0	4/4	2	1	vi.bII64					e	vi		bII64		bII		64						M	1	1	-4, -5, -1		-5	-4	0.0	7.0	0.0	0.0	1.875	0.0
118	114	1/4	1/4	4/4	2	1	bII64(9)					e	vi		bII64(9)		bII		64	9					M	1	1	-4, -5, -1	-3	-5	-4	0.0	14.0	0.0	0.0	2.5	0.0
118	114	3/4	3/4	4/4	2	1	bII64					e	vi		bII64		bII		64						M	1	1	-4, -5, -1		-5	-4	0.0	8.0	0.0	0.0	1.25	0.0
119	115	0	0	4/4	2	1	#viio2(2)					e	vi		#viio2(2)		#vii	o	2	2					o7	1	1	-4, 0, 2, -1		5	-4	0.0	5.0	0.0	0.0	0.875	0.0
119	115	1/4	1/4	4/4	2	1	#viio2					e	vi		#viio2		#vii	o	2						o7	1	1	-4, 5, 2, -1		5	-4	0.0	17.0	0.0	0.0	2.875	0.0
119	115	7/8	7/8	4/4	2	1	iio6					e	vi		iio6		ii	o	6						o	1	1	-1, -4, 2		2	-1	0.0	4.0	0.0	0.0	0.5	0.0
120	116	0	0	4/4	2	1	bII6					e	vi		bII6		bII		6						M	1	1	-1, -4, -5		-5	-1	0.0	4.0	0.0	0.0	0.625	0.0
120	116	1/4	1/4	4/4	2	1	bII64(9)					e	vi		bII64(9)		bII		64	9					M	1	1	-4, -5, -1	-3	-5	-4	0.0	13.0	0.0	0.0	2.0	0.0
120	116	3/4	3/4	4/4	2	1	bII					e	vi		bII		bII								M	1	1	-5, -1, -4		-5	-5	0.0	7.0	0.0	0.0	1.0	0.0
121	117	0	0	4/4	2	1	#viio7(2)					e	vi		#viio7(2)		#vii	o	7	2					o7	1	1	0, 2, -1, -4		5	0	0.0	4.0	0.0	0.0	0.625	0.0
121	117	1/4	1/4	4/4	2	1	#viio7|HC}					e	vi		#viio7		#vii	o	7				HC	}	o7	1	1	5, 2, -1, -4		5	5	5.0	17.0	0.22727272727272727	0.875	2.5	0.25925925925925924
123	119	0	0	4/4	2	1	#viio2{					e	vi		#viio2		#vii	o	2					{	o7	1	1	-4, 5, 2, -1		5	-4	0.0	32.0	0.0	0.0	1.0	0.0
124	120	0	0	4/4	2	1	ii.#viio6					e	ii		#viio6		#vii	o	6						o	1	1	8, 5, 11		11	8	0.0	26.0	0.0	0.0	1.25	0.0
124	120	1/2	1/2	4/4	2	1	V43(#2)					e	ii		V43(#2)		V		43	#2					Mm7	1	1	8, 5, 7, 9		7	8	6.0	14.0	0.3	0.1875	1.125	0.14285714285714285
124	120	7/8	7/8	4/4	2	1	V43					e	ii		V43		V		43						Mm7	1	1	8, 5, 7, 11		7	8	0.0	8.0	0.0	0.0	0.4375	0.0
125	121	-1/8	-1/8	4/4	2	1	V43(#2)					e	ii		V43(#2)		V		43	#2					Mm7	1	1	8, 5, 7, 9		7	8						
125	121	0	0	4/4	2	1	V43					e	ii		V43		V		43						Mm7	1	1	8, 5, 7, 11		7	8	4.0	5.0	0.4444444444444444	0.375	1.625	0.1875
125	121	3/8	3/8	4/4	2	1	V43(#2)					e	ii		V43(#2)		V		43	#2					Mm7	1	1	8, 5, 7, 9		7	8	2.0	2.0	0.5	0.125	0.125	0.5
125	121	15/32	15/32	4/4	2	1	V43|HC}					e	ii		V43		V		43				HC	}	Mm7	1	1	8, 5, 7, 11		7	8	10.0	15.0	0.4	0.5208333333333334	1.9791666666666667	0.20833333333333334
126	122	0	0	4/4	2	1	VII.V7{					e	VII		V7		V		7					{	Mm7	1	0	3, 7, 4, 1		3	3	0.0	26.0	0.0	0.0	1.25	0.0
126	122	1/2	1/2	4/4	2	1	#viio7(#4)/vi					e	VII		#viio7(#4)/vi		#vii	o	7	#4	vi				o7	1	0	10, 7, 9, 1		10	10	6.0	14.0	0.3	0.1875	1.125	0.14285714285714285
126	122	7/8	7/8	4/4	2	1	#viio7/vi					e	VII		#viio7/vi		#vii	o	7		vi				o7	1	0	10, 7, 4, 1		10	10	0.0	8.0	0.0	0.0	0.4375	0.0
127	123	0	0	4/4	2	1	ii64					e	VII		ii64		ii		64						m	1	0	5, 4, 1		4	5	0.0	14.0	0.0	0.0	0.625	0.0
127	123	1/4	1/4	4/4	2	1	v6					e	VII		v6		v		6						m	1	0	0, 4, 3		3	0	4.0	16.0	0.2	0.25	0.625	0.2857142857142857
127	123	1/2	1/2	4/4	2	1	V43/vi|HC}					e	VII		V43/vi		V		43		vi		HC	}	Mm7	1	0	7, 4, 6, 10		6	7	10.0	30.0	0.25	0.6	4.4	0.12
128	124	0	0	4/4	2	1	IV64(+6){					e	VII		IV64(+6)		IV		64	+6				{	M	1	0	2, 1, 5	4	1	2	0.0	8.0	0.0	0.0	0.65625	0.0
128	124	1/8	1/8	4/4	2	1	IV64					e	VII		IV64		IV		64						M	1	0	2, 1, 5		1	2	0.0	8.0	0.0	0.0	0.6875	0.0
128	124	1/4	1/4	4/4	2	1	ii%2					e	VII		ii%2		ii	%	2						%7	1	0	2, 4, 1, -2		4	2	0.0	6.0	0.0	0.0	0.40625	0.0
128	124	3/8	3/8	4/4	2	1	viio43					e	VII		viio43		vii	o	43						o7	1	0	1, -2, 7, 4		7	1	0.0	8.0	0.0	0.0	0.4375	0.0
128	124	1/2	1/2	4/4	2	1	I					e	VII		I		I								M	1	0	2, 6, 3		2	2	6.0	23.0	0.20689655172413793	0.375	1.25	0.23076923076923078
128	124	31/32	31/32	4/4	2	1	V7/IV	-3.54545	-9.45455	/		e	VII		V7/IV		V		7		IV				Mm7	1	0	2, 6, 3, 0		2	2	0.0	3.0	0.0	0.0	0.09375	0.0
129	125	0	0	4/4	2	1	V.I6(b9)					e	V		I6(b9)		I		6	b9					M	1	0	9, 6, 5	0	5	9	0.0	6.0	0.0	0.0	0.59375	0.0
129	125	1/8	1/8	4/4	2	1	I6					e	V		I6		I		6						M	1	0	9, 6, 5		5	9	0.0	6.0	0.0	0.0	0.625	0.0
129	125	1/4	1/4	4/4	2	1	iv					e	V		iv		iv								m	1	0	4, 1, 5		4	4	2.0	8.0	0.2	0.25	0.46875	0.34782608695652173
129	125	1/2	1/2	4/4	2	1	vi.V2					e	vi		V2		V		2						Mm7	1	1	-1, 1, 5, 2		1	-1	6.0	34.0	0.15	0.375	1.59375	0.19047619047619047
130	126	0	0	4/4	2	1	i6					e	vi		i6		i		6						m	1	1	-3, 1, 0		0	-3	8.0	24.0	0.25	0.5	1.21875	0.2909090909090909
130	126	1/2	1/2	4/4	2	1	#viio43					e	vi		#viio43		#vii	o	43						o7	1	1	-1, -4, 5, 2		5	-1	8.0	32.0	0.2	0.5	1.46875	0.25396825396825395
131	127	0	0	4/4	2	1	V.V(64)					e	V		V(64)		V			64					M	1	0	6, 5, 9		6	6	8.0	22.0	0.26666666666666666	0.5	1.34375	0.2711864406779661
131	127	1/2	1/2	4/4	2	1	V7					e	V		V7		V		7						Mm7	1	0	6, 10, 7, 4		6	6	4.0	12.0	0.25	0.25	0.71875	0.25806451612903225
131	127	3/4	3/4	4/4	2	1	V7(6)					e	V		V7(6)		V		7	6					Mm7	1	0	6, 10, 9, 4		6	6	1.0	14.0	0.06666666666666667	0.03125	0.875	0.034482758620689655
131	127	31/32	31/32	4/4	2	1	V7					e	V		V7		V		7						Mm7	1	0	6, 10, 7, 4		6	6	0.0	2.0	0.0	0.0	0.0625	0.0
132	128	0	0	4/4	2	1	I|PAC}					e	V		I		I						PAC	}	M	1	0	5, 9, 6		5	5	0.0	4.0	0.0	0.0	0.5	0.0
132	128	1/8	1/8	4/4	2	1	I6{					e	V		I6		I		6					{	M	1	0	9, 6, 5		5	9	2.0	14.0	0.125	0.25	0.625	0.2857142857142857
132	128	3/8	3/8	4/4	2	1	I					e	V		I		I								M	1	0	5, 9, 6		5	5	0.0	26.0	0.0	0.0	1.0	0.0
132	128	7/8	7/8	4/4	2	1	I64					e	V		I64		I		64						M	1	0	6, 5, 9		5	6	0.0	7.0	0.0	0.0	0.3125	0.0
133	129	0	0	4/4	2	1	iv6					e	V		iv6		iv		6						m	1	0	1, 5, 4		4	1	2.0	28.0	0.06666666666666667	0.5	1.25	0.2857142857142857
133	129	1/2	1/2	4/4	2	1	bIIM43					e	V		bIIM43		bII	M	43						MM7	1	0	1, 5, 0, 4		0	1	2.0	18.0	0.1	0.5	0.75	0.4
133	129	3/4	3/4	4/4	2	1	viio2					e	V		viio2		vii	o	2						o7	1	0	1, 10, 7, 4		10	1	0.0	18.0	0.0	0.0	0.75	0.0
134	130	0	0	4/4	2	1	I64					e	V		I64		I		64						M	1	0	6, 5, 9		5	6	0.0	7.0	0.0	0.0	2.1666666666666665	0.0
134	130	5/12	5/12	4/4	2	1	I6					e	V		I6		I		6						M	1	0	9, 6, 5		5	9	2.0	5.0	0.2857142857142857	0.16666666666666666	1.6666666666666667	0.0909090909090909
134	130	7/12	7/12	4/4	2	1	I					e	V		I		I								M	1	0	5, 9, 6		5	5	0.0	2.0	0.0	0.0	0.16666666666666666	0.0
134	130	13/16	13/16	4/4	2	1	I64					e	V		I64		I		64						M	1	0	6, 5, 9		5	6	4.0	11.0	0.26666666666666666	0.1875	0.40625	0.3157894736842105
135	131	0	0	4/4	2	1	iv6					e	V		iv6		iv		6						m	1	0	1, 5, 4		4	1	2.0	28.0	0.06666666666666667	0.5	1.25	0.2857142857142857
135	131	1/2	1/2	4/4	2	1	bIIM43					e	V		bIIM43		bII	M	43						MM7	1	0	1, 5, 0, 4		0	1	2.0	18.0	0.1	0.5	0.75	0.4
135	131	3/4	3/4	4/4	2	1	ii%43					e	V		ii%43		ii	%	43						%7	1	0	1, 5, 7, 4		7	1	0.0	18.0	0.0	0.0	0.75	0.0
136	132	0	0	4/4	2	1	#III.viio7					e	#III		viio7		vii	o	7						o7	1	0	13, 10, 7, 4		13	13	0.0	18.0	0.0	0.0	1.0	0.0
136	132	1/4	1/4	4/4	2	1	V65					e	#III		V65		V		65						Mm7	1	0	13, 10, 7, 9		9	13	2.0	26.0	0.07142857142857142	0.125	1.0625	0.10526315789473684
136	132	5/8	5/8	4/4	2	1	V7					e	#III		V7		V		7						Mm7	1	0	9, 13, 10, 7		9	9	0.0	8.0	0.0	0.0	0.3125	0.0
136	132	3/4	3/4	4/4	2	1	V65					e	#III		V65		V		65						Mm7	1	0	13, 10, 7, 9		9	13	22.0	0.0	1.0	0.875	0.0	1.0
137	133	0	0	4/4	2	1	I(6)					e	#III		I(6)		I			6					M	1	0	8, 12, 11		8	8	8.0	0.0	1.0	0.5625	0.0	1.0
137	133	1/8	1/8	4/4	2	1	I					e	#III		I		I								M	1	0	8, 12, 9		8	8	11.0	0.0	1.0	0.5	0.0	1.0
137	133	3/8	3/8	4/4	2	1	I64					e	#III		I64		I		64						M	1	0	9, 8, 12		8	9	2.0	0.0	1.0	0.125	0.0	1.0
137	133	1/2	1/2	4/4	2	1	vii%7					e	#III		vii%7		vii	%	7						%7	1	0	13, 10, 7, 11		13	13	8.0	0.0	1.0	0.5625	0.0	1.0
137	133	5/8	5/8	4/4	2	1	V65					e	#III		V65		V		65						Mm7	1	0	13, 10, 7, 9		9	13	7.0	0.0	1.0	0.25	0.0	1.0
137	133	3/4	3/4	4/4	2	1	V					e	#III		V		V								M	1	0	9, 13, 10		9	9	6.0	0.0	1.0	0.375	0.0	1.0
138	134	0	0	4/4	2	1	#viio7/ii					e	#III		#viio7/ii		#vii	o	7		ii				o7	1	0	15, 12, 9, 6		15	15	24.0	6.0	0.8	4.375	0.375	0.9210526315789473
139	135	0	0	4/4	2	1	V.I(b6)					e	V		I(b6)		I			b6					M	1	0	5, 9, 1		5	5	0.0	8.0	0.0	0.0	0.5625	0.0
139	135	1/8	1/8	4/4	2	1	I					e	V		I		I								M	1	0	5, 9, 6		5	5	2.0	9.0	0.18181818181818182	0.125	0.375	0.25
139	135	3/8	3/8	4/4	2	1	I64					e	V		I64		I		64						M	1	0	6, 5, 9		5	6	0.0	2.0	0.0	0.0	0.125	0.0
139	135	1/2	1/2	4/4	2	1	viio7					e	V		viio7		vii	o	7						o7	1	0	10, 7, 4, 1		10	10	0.0	8.0	0.0	0.0	0.5625	0.0
139	135	5/8	5/8	4/4	2	1	V65					e	V		V65		V		65						Mm7	1	0	10, 7, 4, 6		6	10	0.0	7.0	0.0	0.0	0.25	0.0
139	135	3/4	3/4	4/4	2	1	V					e	V		V		V								M	1	0	6, 10, 7		6	6	2.0	4.0	0.3333333333333333	0.125	0.25	0.3333333333333333
140	136	0	0	4/4	2	1	VII.viio43/IV					e	VII		viio43/IV		vii	o	43		IV				o7	1	0	0, -3, 6, 3		6	0	8.0	22.0	0.26666666666666666	0.5	4.25	0.10526315789473684
141	137	0	0	4/4	2	1	I(b6)					e	VII		I(b6)		I			b6					M	1	0	2, 6, -2		2	2	0.0	8.0	0.0	0.0	0.5625	0.0
141	137	1/8	1/8	4/4	2	1	I					e	VII		I		I								M	1	0	2, 6, 3		2	2	2.0	9.0	0.18181818181818182	0.125	0.375	0.25
141	137	3/8	3/8	4/4	2	1	I64					e	VII		I64		I		64						M	1	0	3, 2, 6		2	3	0.0	2.0	0.0	0.0	0.125	0.0
141	137	1/2	1/2	4/4	2	1	viio7					e	VII		viio7		vii	o	7						o7	1	0	7, 4, 1, -2		7	7	0.0	8.0	0.0	0.0	0.5625	0.0
141	137	5/8	5/8	4/4	2	1	V65					e	VII		V65		V		65						Mm7	1	0	7, 4, 1, 3		3	7	0.0	7.0	0.0	0.0	0.25	0.0
141	137	3/4	3/4	4/4	2	1	V					e	VII		V		V								M	1	0	3, 7, 4		3	3	2.0	4.0	0.3333333333333333	0.125	0.25	0.3333333333333333
142	138	0	0	4/4	2	1	I(b6)					e	VII		I(b6)		I			b6					M	1	0	2, 6, -2		2	2	0.0	9.0	0.0	0.0	0.5625	0.0
142	138	1/8	1/8	4/4	2	1	I					e	VII		I		I								M	1	0	2, 6, 3		2	2	3.0	11.0	0.21428571428571427	0.1875	0.5	0.2727272727272727
142	138	3/8	3/8	4/4	2	1	I64					e	VII		I64		I		64						M	1	0	3, 2, 6		2	3	0.0	3.0	0.0	0.0	0.1875	0.0
142	138	1/2	1/2	4/4	2	1	viio7					e	VII		viio7		vii	o	7						o7	1	0	7, 4, 1, -2		7	7	0.0	9.0	0.0	0.0	0.5625	0.0
142	138	5/8	5/8	4/4	2	1	V6					e	VII		V6		V		6						M	1	0	7, 4, 3		3	7	0.0	7.0	0.0	0.0	0.25	0.0
142	138	3/4	3/4	4/4	2	1	V					e	VII		V		V								M	1	0	3, 7, 4		3	3	3.0	6.0	0.3333333333333333	0.1875	0.375	0.3333333333333333
143	139	0	0	4/4	2	1	iii.#viio65					e	iii		#viio65		#vii	o	65						o7	1	1	3, 0, -3, 6		6	3	4.0	14.0	0.2222222222222222	0.25	1.5	0.14285714285714285
143	139	3/8	3/8	4/4	2	1	#viio7					e	iii		#viio7		#vii	o	7						o7	1	1	6, 3, 0, -3		6	6	24.0	44.0	0.35294117647058826	1.5833333333333333	3.0	0.34545454545454546
146	142	0	0	4/4	2	1	iv.#viio65					e	iv		#viio65		#vii	o	65						o7	1	1	5, 2, -1, 8		8	5	4.0	14.0	0.2222222222222222	0.25	1.5	0.14285714285714285
146	142	3/8	3/8	4/4	2	1	#viio7					e	iv		#viio7		#vii	o	7						o7	1	1	8, 5, 2, -1		8	8	24.0	44.0	0.35294117647058826	1.5833333333333333	3.0	0.34545454545454546
149	145	0	0	4/4	2	1	V.viio65					e	V		viio65		vii	o	65						o7	1	0	7, 4, 1, 10		10	7	4.0	14.0	0.2222222222222222	0.25	1.5	0.14285714285714285
149	145	3/8	3/8	4/4	2	1	viio7					e	V		viio7		vii	o	7						o7	1	0	10, 7, 4, 1		10	10	0.0	20.0	0.0	0.0	1.25	0.0
150	146	0	0	4/4	2	1	#viio7/iii					e	V		#viio7/iii		#vii	o	7		iii				o7	1	0	14, 11, 8, 5		14	14	8.0	8.0	0.5	0.5	0.5	0.5
150	146	1/2	1/2	4/4	2	1	viio7/IV					e	V		viio7/IV		vii	o	7		IV				o7	1	0	9, 6, 3, 0		9	9	0.0	16.0	0.0	0.0	1.0	0.0
151	147	0	0	4/4	2	1	viio7/bV					e	V		viio7/bV		vii	o	7		bV				o7	1	0	4, 1, -2, -5		4	4	8.0	8.0	0.5	0.5	0.5	0.5
151	147	1/2	1/2	4/4	2	1	viio7/V					e	V		viio7/V		vii	o	7		V				o7	1	0	11, 8, 5, 2		11	11	64.0	63.0	0.5039370078740157	9.229166666666666	9.020833333333334	0.5057077625570776
153	149	0	0	4/4	2	1	#viio7/iii					e	V		#viio7/iii		#vii	o	7		iii				o7	1	0	14, 11, 8, 5		14	14	6.0	4.0	0.6	0.75	0.25	0.75
153	149	1/4	1/4	4/4	2	1	viio7/bIII					e	V		viio7/bIII		vii	o	7		bIII				o7	1	0	7, 4, 1, -2		7	7	0.0	94.0	0.0	0.0	7.75	0.0
155	151	1/4	1/4	4/4	2	1	#viio7/ii					e	V		#viio7/ii		#vii	o	7		ii				o7	1	0	12, 9, 6, 3		12	12	22.0	18.0	0.55	2.0	1.25	0.6153846153846154
156	152	1/4	1/4	4/4	2	1	viio7/bII					e	V		viio7/bII		vii	o	7		bII				o7	1	0	5, 2, -1, -4		5	5	10.0	30.0	0.25	0.75	2.375	0.24
157	153	1/4	1/4	4/4	2	1	viio7					e	V		viio7		vii	o	7						o7	1	0	10, 7, 4, 1		10	10	2.0	113.0	0.017391304347826087	2.0	9.75	0.1702127659574468
161	157	0	0	4/4	2	1	bi.V7					e	bi		V7		V		7						Mm7	1	1	-2, 2, -1, -4		-2	-2	0.0	5.0	0.0	0.0	2.5	0.0
161	157	1/2	1/2	4/4	2	1	V(64)					e	bi		V(64)		V			64					M	1	1	-2, -3, -6		-2	-2	0.0	4.0	0.0	0.0	2.0	0.0
162	158	0	0	4/4	2	1	V7					e	bi		V7		V		7						Mm7	1	1	-2, 2, -1, -4		-2	-2	0.0	4.0	0.0	0.0	2.0	0.0
162	158	1/2	1/2	4/4	2	1	bii.#viio43	0	-13	/		e	bii		#viio43		#vii	o	43						o7	1	1	-2, -5, 4, 1		4	-2	0.0	4.0	0.0	0.0	2.0	0.0
163	159	0	0	4/4	2	1	V2					e	bii		V2		V		2						Mm7	1	1	-2, 0, 4, 1		0	-2	0.0	8.0	0.0	0.0	4.0	0.0
164	160	0	0	4/4	2	1	i6|EC					e	bii		i6		i		6				EC		m	1	1	-4, 0, -1		-1	-4	0.0	4.0	0.0	0.0	1.0	0.0
165	161	0	0	4/4	2	1	i					e	bii		i		i								m	1	1	-1, -4, 0		-1	-1	1.0	2.0	0.3333333333333333	0.5	0.5	0.5
167	163	0	0	4/4	2	1	i6					e	bii		i6		i		6						m	1	1	-4, 0, -1		-1	-4	0.0	4.0	0.0	0.0	1.0	0.0
167	163	1/2	1/2	4/4	2	1	v64					e	bii		v64		v		64						m	1	1	1, 0, -3		0	1	0.0	4.0	0.0	0.0	1.0	0.0
168	164	0	0	4/4	2	1	I.viio65					e	I		viio65		vii	o	65						o7	1	0	6, 3, 0, 9		9	6	0.0	5.0	0.0	0.0	1.25	0.0
169	165	0	0	4/4	2	1	iio6				iv	e	I		iio6		ii	o	6						o	1	0	3, 0, 6		6	3	1.0	2.0	0.3333333333333333	0.5	0.5	0.5
171	167	0	0	4/4	2	1	viio65					e	I		viio65		vii	o	65						o7	1	0	6, 3, 0, 9		9	6	0.0	4.0	0.0	0.0	1.0	0.0
171	167	1/2	1/2	4/4	2	1	iv43					e	I		iv43		iv		43						mm7	1	0	4, 1, 3, 0		3	4	0.0	4.0	0.0	0.0	1.0	0.0
172	168	0	0	4/4	2	1	viio7					e	I		viio7		vii	o	7						o7	1	0	9, 6, 3, 0		9	9	5.0	21.0	0.19230769230769232	1.5	4.875	0.23529411764705882
173	169	11/2	11/2	4/4	2	1	V|HC}					e	I		V		V						HC	}	M	1	0	5, 9, 6		5	5	0.0	1.0	0.0	0.0	0.5	0.0
174	170	0	0	4/4	2	1	I{					e	I		I		I							{	M	1	0	4, 8, 5		4	4	0.0	4.0	0.0	0.0	0.7083333333333334	0.0
174	170	1/8	1/8	4/4	2	1	I(9)					e	I		I(9)		I			9					M	1	0	4, 8, 5	6	4	4	0.0	8.0	0.0	0.0	0.875	0.0
174	170	3/8	3/8	4/4	2	1	I					e	I		I		I								M	1	0	4, 8, 5		4	4	0.0	4.0	0.0	0.0	0.25	0.0
174	170	1/2	1/2	4/4	2	1	vi					e	I		vi		vi								m	1	0	7, 4, 8		7	7	0.0	4.0	0.0	0.0	0.7083333333333334	0.0
174	170	5/8	5/8	4/4	2	1	vi(9)					e	I		vi(9)		vi			9					m	1	0	7, 4, 8	9	7	7	0.0	8.0	0.0	0.0	0.875	0.0
174	170	7/8	7/8	4/4	2	1	vi					e	I		vi		vi								m	1	0	7, 4, 8		7	7	0.0	4.0	0.0	0.0	0.25	0.0
175	171	0	0	4/4	2	1	viio7/V					e	I		viio7/V		vii	o	7		V				o7	1	0	10, 7, 4, 1		10	10	0.0	8.0	0.0	0.0	0.9583333333333334	0.0
175	171	1/4	1/4	4/4	2	1	V(#7+b6)					e	I		V(#7+b6)		V			#7+b6					M	1	0	5, 9, 6	10, 1	5	5	0.0	4.0	0.0	0.0	0.4583333333333333	0.0
175	171	3/8	3/8	4/4	2	1	V					e	I		V		V								M	1	0	5, 9, 6		5	5	1.0	5.0	0.16666666666666666	0.08333333333333333	0.2916666666666667	0.2222222222222222
175	171	1/2	1/2	4/4	2	1	viio7					e	I		viio7		vii	o	7						o7	1	0	9, 6, 3, 0		9	9	0.0	12.0	0.0	0.0	1.4583333333333333	0.0
175	171	7/8	7/8	4/4	2	1	V65					e	I		V65		V		65						Mm7	1	0	9, 6, 3, 5		5	9	0.0	5.0	0.0	0.0	0.375	0.0
176	172	0	0	4/4	2	1	I					e	I		I		I								M	1	0	4, 8, 5		4	4	0.0	4.0	0.0	0.0	0.7083333333333334	0.0
176	172	1/8	1/8	4/4	2	1	IM7					e	I		IM7		I	M	7						MM7	1	0	4, 8, 5, 9		4	4	1.0	11.0	0.08333333333333333	0.25	0.875	0.2222222222222222
176	172	1/2	1/2	4/4	2	1	vi					e	I		vi		vi								m	1	0	7, 4, 8		7	7	0.0	4.0	0.0	0.0	0.7083333333333334	0.0
176	172	5/8	5/8	4/4	2	1	vi7					e	I		vi7		vi		7						mm7	1	0	7, 4, 8, 5		7	7	1.0	11.0	0.08333333333333333	0.25	0.875	0.2222222222222222
177	173	0	0	4/4	2	1	#vi.Fr6					e	#vi		Fr6	Fr	V		43	b5	V				Fr	1	1	3, 7, 9, 13		9	3	0.0	20.0	0.0	0.0	2.2916666666666665	0.0
177	173	1/2	1/2	4/4	2	1	V					e	#vi		V		V								M	1	1	8, 12, 9		8	8	0.0	16.0	0.0	0.0	2.2916666666666665	0.0
178	174	0	0	4/4	2	1	V65/V					e	#vi		V65/V		V		65		V				Mm7	1	1	13, 10, 7, 9		9	13	3.0	6.0	0.3333333333333333	0.125	1.0833333333333333	0.10344827586206898
178	174	1/4	1/4	4/4	2	1	I.V7(+6)/V					e	I		V7(+6)/V		V		7	+6	V				Mm7	1	0	6, 10, 7, 4	9	6	6	0.0	10.0	0.0	0.0	1.0833333333333333	0.0
178	174	7/16	7/16	4/4	2	1	V7/V					e	I		V7/V		V		7		V				Mm7	1	0	6, 10, 7, 4		6	6	0.0	3.0	0.0	0.0	0.125	0.0
178	174	1/2	1/2	4/4	2	1	V7(94)					e	I		V7(94)		V		7	94					Mm7	1	0	5, 4, 6, 3	7	5	5	0.0	5.0	0.0	0.0	0.8333333333333334	0.0
178	174	5/8	5/8	4/4	2	1	V7(#4#2)					e	I		V7(#4#2)		V		7	#4#2					Mm7	1	0	5, 14, 11, 3		5	5	0.0	6.0	0.0	0.0	0.75	0.0
178	174	3/4	3/4	4/4	2	1	V7					e	I		V7		V		7						Mm7	1	0	5, 9, 6, 3		5	5	0.0	5.0	0.0	0.0	0.375	0.0
178	174	7/8	7/8	4/4	2	1	V7(#5)					e	I		V7(#5)		V		7	#5					Mm7	1	0	5, 9, 13, 3		5	5	0.0	5.0	0.0	0.0	0.375	0.0
179	175	0	0	4/4	2	1	I|IAC}{					e	I		I		I						IAC	}{	M	1	0	4, 8, 5		4	4	0.0	7.0	0.0	0.0	0.5416666666666666	0.0
179	175	1/8	1/8	4/4	2	1	I(9)					e	I		I(9)		I			9					M	1	0	4, 8, 5	6	4	4	0.0	12.0	0.0	0.0	0.9166666666666666	0.0
179	175	3/8	3/8	4/4	2	1	I					e	I		I		I								M	1	0	4, 8, 5		4	4	0.0	8.0	0.0	0.0	0.5	0.0
179	175	1/2	1/2	4/4	2	1	vi					e	I		vi		vi								m	1	0	7, 4, 8		7	7	0.0	7.0	0.0	0.0	0.5416666666666666	0.0
179	175	5/8	5/8	4/4	2	1	vi(9)					e	I		vi(9)		vi			9					m	1	0	7, 4, 8	9	7	7	0.0	12.0	0.0	0.0	0.9166666666666666	0.0
179	175	7/8	7/8	4/4	2	1	vi					e	I		vi		vi								m	1	0	7, 4, 8		7	7	0.0	8.0	0.0	0.0	0.5	0.0
180	176	0	0	4/4	2	1	viio7/V					e	I		viio7/V		vii	o	7		V				o7	1	0	10, 7, 4, 1		10	10	0.0	13.0	0.0	0.0	1.0416666666666667	0.0
180	176	1/4	1/4	4/4	2	1	V(#7)					e	I		V(#7)		V			#7					M	1	0	5, 9, 6	10	5	5	0.0	7.0	0.0	0.0	0.5416666666666666	0.0
180	176	3/8	3/8	4/4	2	1	V					e	I		V		V								M	1	0	5, 9, 6		5	5	2.0	8.0	0.2	0.16666666666666666	0.3333333333333333	0.3333333333333333
180	176	1/2	1/2	4/4	2	1	viio7(#0)					e	I		viio7(#0)		vii	o	7	#0					o7	1	0	9, 6, 3, 0		9	9	1.0	13.0	0.07142857142857142	0.125	1.125	0.1
180	176	3/4	3/4	4/4	2	1	viio7					e	I		viio7		vii	o	7						o7	1	0	9, 6, 3, 0		9	9	0.0	6.0	0.0	0.0	0.3333333333333333	0.0
180	176	7/8	7/8	4/4	2	1	V65					e	I		V65		V		65						Mm7	1	0	9, 6, 3, 5		5	9	0.0	8.0	0.0	0.0	0.5	0.0
181	177	0	0	4/4	2	1	I					e	I		I		I								M	1	0	4, 8, 5		4	4	0.0	7.0	0.0	0.0	0.6666666666666666	0.0
181	177	1/8	1/8	4/4	2	1	I(9)					e	I		I(9)		I			9					M	1	0	4, 8, 5	6	4	4	0.0	12.0	0.0	0.0	0.9166666666666666	0.0
181	177	3/8	3/8	4/4	2	1	I					e	I		I		I								M	1	0	4, 8, 5		4	4	0.0	8.0	0.0	0.0	0.5	0.0
181	177	1/2	1/2	4/4	2	1	vi					e	I		vi		vi								m	1	0	7, 4, 8		7	7	0.0	7.0	0.0	0.0	0.6666666666666666	0.0
181	177	5/8	5/8	4/4	2	1	vi(9)					e	I		vi(9)		vi			9					m	1	0	7, 4, 8	9	7	7	0.0	12.0	0.0	0.0	0.9166666666666666	0.0
181	177	7/8	7/8	4/4	2	1	vi					e	I		vi		vi								m	1	0	7, 4, 8		7	7	0.0	8.0	0.0	0.0	0.5	0.0
182	178	0	0	4/4	2	1	#vi.Fr6					e	#vi		Fr6	Fr	V		43	b5	V				Fr	1	1	3, 7, 9, 13		9	3	0.0	33.0	0.0	0.0	2.3333333333333335	0.0
182	178	1/2	1/2	4/4	2	1	V					e	#vi		V		V								M	1	1	8, 12, 9		8	8	0.0	25.0	0.0	0.0	1.6666666666666667	0.0
183	179	0	0	4/4	2	1	Fr6					e	#vi		Fr6	Fr	V		43	b5	V				Fr	1	1	3, 7, 9, 13		9	3	0.0	18.0	0.0	0.0	1.2916666666666667	0.0
183	179	1/4	1/4	4/4	2	1	Ger6					e	#vi		Ger6	Ger	vii	o	65	b3	V				Ger	1	1	3, 7, 4, 13		13	3	5.0	10.0	0.3333333333333333	0.20833333333333334	0.7708333333333334	0.2127659574468085
183	179	15/32	15/32	4/4	2	1	Fr6					e	#vi		Fr6	Fr	V		43	b5	V				Fr	1	1	3, 7, 9, 13		9	3	0.0	2.0	0.0	0.0	0.0625	0.0
183	179	1/2	1/2	4/4	2	1	V|HC}					e	#vi		V		V						HC	}	M	1	1	8, 12, 9		8	8	0.0	21.0	0.0	0.0	1.6666666666666667	0.0
184	180	0	0	4/4	2	1	I.ii{					e	I		ii		ii							{	m	1	0	6, 3, 7		6	6	0.0	6.0	0.0	0.0	0.5833333333333334	0.0
184	180	1/8	1/8	4/4	2	1	ii(+4)					e	I		ii(+4)		ii			+4					m	1	0	6, 3, 7	5	6	6	0.0	10.0	0.0	0.0	1.25	0.0
184	180	3/8	3/8	4/4	2	1	ii					e	I		ii		ii								m	1	0	6, 3, 7		6	6	0.0	7.0	0.0	0.0	0.625	0.0
184	180	1/2	1/2	4/4	2	1	vi					e	I		vi		vi								m	1	0	7, 4, 8		7	7	0.0	6.0	0.0	0.0	0.5833333333333334	0.0
184	180	5/8	5/8	4/4	2	1	vi(9)					e	I		vi(9)		vi			9					m	1	0	7, 4, 8	9	7	7	0.0	10.0	0.0	0.0	1.25	0.0
184	180	7/8	7/8	4/4	2	1	vi					e	I		vi		vi								m	1	0	7, 4, 8		7	7	0.0	7.0	0.0	0.0	0.625	0.0
185	181	0	0	4/4	2	1	ii%43					e	I		ii%43		ii	%	43						%7	1	0	0, 4, 6, 3		6	0	1.0	13.0	0.07142857142857142	0.125	1.1666666666666667	0.0967741935483871
185	181	1/4	1/4	4/4	2	1	V7					e	I		V7		V		7						Mm7	1	0	5, 9, 6, 3		5	5	0.0	12.0	0.0	0.0	1.0416666666666667	0.0
185	181	1/2	1/2	4/4	2	1	I					e	I		I		I								M	1	0	4, 8, 5		4	4	0.0	19.0	0.0	0.0	1.875	0.0
186	182	0	0	4/4	2	1	III.ii					e	III		ii		ii								m	1	0	3, 0, 4		3	3	0.0	6.0	0.0	0.0	0.5833333333333334	0.0
186	182	1/8	1/8	4/4	2	1	ii(+4)					e	III		ii(+4)		ii			+4					m	1	0	3, 0, 4	2	3	3	0.0	10.0	0.0	0.0	1.25	0.0
186	182	3/8	3/8	4/4	2	1	ii					e	III		ii		ii								m	1	0	3, 0, 4		3	3	0.0	7.0	0.0	0.0	0.625	0.0
186	182	1/2	1/2	4/4	2	1	vi					e	III		vi		vi								m	1	0	4, 1, 5		4	4	0.0	6.0	0.0	0.0	0.5833333333333334	0.0
186	182	5/8	5/8	4/4	2	1	vi(9)					e	III		vi(9)		vi			9					m	1	0	4, 1, 5	6	4	4	0.0	10.0	0.0	0.0	1.25	0.0
186	182	7/8	7/8	4/4	2	1	vi					e	III		vi		vi								m	1	0	4, 1, 5		4	4	0.0	7.0	0.0	0.0	0.625	0.0
187	183	0	0	4/4	2	1	ii%43					e	III		ii%43		ii	%	43						%7	1	0	-3, 1, 3, 0		3	-3	1.0	14.0	0.06666666666666667	0.125	1.3333333333333333	0.08571428571428572
187	183	1/4	1/4	4/4	2	1	V7					e	III		V7		V		7						Mm7	1	0	2, 6, 3, 0		2	2	0.0	11.0	0.0	0.0	0.9583333333333334	0.0
187	183	1/2	1/2	4/4	2	1	I					e	III		I		I								M	1	0	1, 5, 2		1	1	0.0	14.0	0.0	0.0	1.2083333333333333	0.0
188	184	0	0	4/4	2	1	bVI6					e	III		bVI6		bVI		6						M	1	0	1, -2, -3		-3	1	0.0	3.0	0.0	0.0	0.20833333333333334	0.0
188	184	1/8	1/8	4/4	2	1	bVI6(2)					e	III		bVI6(2)		bVI		6	2					M	1	0	1, -2, 6		-3	1	3.0	4.0	0.42857142857142855	0.3333333333333333	0.16666666666666666	0.6666666666666666
188	184	3/8	3/8	4/4	2	1	bVI					e	III		bVI		bVI								M	1	0	-3, 1, -2		-3	-3	1.0	6.0	0.14285714285714285	0.041666666666666664	0.4166666666666667	0.0909090909090909
188	184	5/8	5/8	4/4	2	1	I64					e	III		I64		I		64						M	1	0	2, 1, 5		1	2	0.0	7.0	0.0	0.0	0.5	0.0
188	184	7/8	7/8	4/4	2	1	I					e	III		I		I								M	1	0	1, 5, 2		1	1	0.0	4.0	0.0	0.0	0.25	0.0
189	185	0	0	4/4	2	1	I6					e	III		I6		I		6						M	1	0	5, 2, 1		1	5	0.0	3.0	0.0	0.0	0.20833333333333334	0.0
189	185	1/8	1/8	4/4	2	1	I6(2)					e	III		I6(2)		I		6	2					M	1	0	5, 2, 3		1	5	2.0	5.0	0.2857142857142857	0.08333333333333333	0.4166666666666667	0.16666666666666666
189	185	3/8	3/8	4/4	2	1	I					e	III		I		I								M	1	0	1, 5, 2		1	1	1.0	6.0	0.14285714285714285	0.041666666666666664	0.4166666666666667	0.0909090909090909
189	185	5/8	5/8	4/4	2	1	I.V64					e	I		V64		V		64						M	1	0	6, 5, 9		5	6	0.0	7.0	0.0	0.0	0.5	0.0
189	185	7/8	7/8	4/4	2	1	V					e	I		V		V								M	1	0	5, 9, 6		5	5	0.0	5.0	0.0	0.0	0.375	0.0
190	186	0	0	4/4	2	1	iv6					e	I		iv6		iv		6						m	1	0	0, 4, 3		3	0	0.0	4.0	0.0	0.0	0.3333333333333333	0.0
190	186	1/8	1/8	4/4	2	1	iv6(2)					e	I		iv6(2)		iv		6	2					m	1	0	0, 4, 5		3	0	2.0	6.0	0.25	0.08333333333333333	0.6666666666666666	0.1111111111111111
190	186	3/8	3/8	4/4	2	1	iv					e	I		iv		iv								m	1	0	3, 0, 4		3	3	0.0	5.0	0.0	0.0	0.375	0.0
190	186	1/2	1/2	4/4	2	1	bII					e	I		bII		bII								M	1	0	-1, 3, 0		-1	-1	2.0	2.0	0.5	0.25	0.08333333333333333	0.75
190	186	5/8	5/8	4/4	2	1	bII6(2)					e	I		bII6(2)		bII		6	2					M	1	0	3, 0, 8		-1	3	4.0	4.0	0.5	0.5833333333333334	0.16666666666666666	0.7777777777777778
190	186	7/8	7/8	4/4	2	1	bIIM2					e	I		bIIM2		bII	M	2						MM7	1	0	4, -1, 3, 0		-1	4	0.0	5.0	0.0	0.0	0.375	0.0
191	187	0	0	4/4	2	1	V/bIII					e	I		V/bIII		V				bIII				M	1	0	2, 6, 3		2	2	2.0	4.0	0.3333333333333333	0.25	0.16666666666666666	0.6000000000000001
191	187	1/8	1/8	4/4	2	1	V(2)/bIII					e	I		V(2)/bIII		V			2	bIII				M	1	0	4, 6, 3		2	4	6.0	8.0	0.42857142857142855	0.6666666666666666	0.3333333333333333	0.6666666666666666
191	187	3/8	3/8	4/4	2	1	V2/bIII					e	I		V2/bIII		V		2		bIII				Mm7	1	0	0, 2, 6, 3		2	0	0.0	6.0	0.0	0.0	0.4166666666666667	0.0
191	187	1/2	1/2	4/4	2	1	V|HC}					e	I		V		V						HC	}	M	1	0	5, 9, 6		5	5	0.0	23.0	0.0	0.0	1.375	0.0
192	188	0	0	4/4	2	1	I6{					e	I		I6		I		6					{	M	1	0	8, 5, 4		4	8	0.0	7.0	0.0	0.0	0.5416666666666666	0.0
192	188	1/8	1/8	4/4	2	1	I(2)					e	I		I(2)		I			2					M	1	0	6, 8, 5		4	6	0.0	23.0	0.0	0.0	1.5833333333333333	0.0
192	188	3/8	3/8	4/4	2	1	I					e	I		I		I								M	1	0	4, 8, 5		4	4	0.0	11.0	0.0	0.0	0.7083333333333334	0.0
192	188	1/2	1/2	4/4	2	1	vi6					e	I		vi6		vi		6						m	1	0	4, 8, 7		7	4	0.0	7.0	0.0	0.0	0.5416666666666666	0.0
192	188	5/8	5/8	4/4	2	1	vi(2)					e	I		vi(2)		vi			2					m	1	0	9, 4, 8		7	9	0.0	23.0	0.0	0.0	1.5833333333333333	0.0
192	188	7/8	7/8	4/4	2	1	vi					e	I		vi		vi								m	1	0	7, 4, 8		7	7	0.0	11.0	0.0	0.0	0.7083333333333334	0.0
193	189	0	0	4/4	2	1	viio65/V					e	I		viio65/V		vii	o	65		V				o7	1	0	7, 4, 1, 10		10	7	0.0	23.0	0.0	0.0	1.5833333333333333	0.0
193	189	1/4	1/4	4/4	2	1	V(#0)					e	I		V(#0)		V			#0					M	1	0	5, 9, 6		5	5	3.0	16.0	0.15789473684210525	0.5625	0.6666666666666666	0.45762711864406785
193	189	7/16	7/16	4/4	2	1	V					e	I		V		V								M	1	0	5, 9, 6		5	5	0.0	3.0	0.0	0.0	0.1875	0.0
193	189	1/2	1/2	4/4	2	1	V43					e	I		V43		V		43						Mm7	1	0	6, 3, 5, 9		5	6	0.0	11.0	0.0	0.0	0.7083333333333334	0.0
193	189	5/8	5/8	4/4	2	1	iio64					e	I		iio64		ii	o	64						o	1	0	0, 6, 3		6	0	5.0	18.0	0.21739130434782608	0.20833333333333334	1.375	0.13157894736842107
193	189	7/8	7/8	4/4	2	1	V					e	I		V		V								M	1	0	5, 9, 6		5	5	0.0	11.0	0.0	0.0	0.7083333333333334	0.0
194	190	0	0	4/4	2	1	I6					e	I		I6		I		6						M	1	0	8, 5, 4		4	8	0.0	11.0	0.0	0.0	0.7083333333333334	0.0
194	190	1/8	1/8	4/4	2	1	I(2)					e	I		I(2)		I			2					M	1	0	6, 8, 5		4	6	0.0	23.0	0.0	0.0	1.5833333333333333	0.0
194	190	3/8	3/8	4/4	2	1	I					e	I		I		I								M	1	0	4, 8, 5		4	4	0.0	11.0	0.0	0.0	0.7083333333333334	0.0
194	190	1/2	1/2	4/4	2	1	vi6					e	I		vi6		vi		6						m	1	0	4, 8, 7		7	4	0.0	11.0	0.0	0.0	0.7083333333333334	0.0
194	190	5/8	5/8	4/4	2	1	vi(2)					e	I		vi(2)		vi			2					m	1	0	9, 4, 8		7	9	0.0	23.0	0.0	0.0	1.5833333333333333	0.0
194	190	7/8	7/8	4/4	2	1	vi					e	I		vi		vi								m	1	0	7, 4, 8		7	7	0.0	11.0	0.0	0.0	0.7083333333333334	0.0
195	191	0	0	4/4	2	1	V7/V					e	I		V7/V		V		7		V				Mm7	1	0	6, 10, 7, 4		6	6	0.0	36.0	0.0	0.0	1.5	0.0
195	191	1/4	1/4	4/4	2	1	V7(b9)/V					e	I		V7(b9)/V		V		7	b9	V				Mm7	1	0	6, 10, 7, 4	1	6	6	0.0	31.0	0.0	0.0	1.375	0.0
195	191	11/24	11/24	4/4	2	1	V7/V					e	I		V7/V		V		7		V				Mm7	1	0	6, 10, 7, 4		6	6	0.0	7.0	0.0	0.0	0.2916666666666667	0.0
195	191	1/2	1/2	4/4	2	1	V7					e	I		V7		V		7						Mm7	1	0	5, 9, 6, 3		5	5	4.0	46.0	0.08	0.16666666666666666	2.3333333333333335	0.06666666666666667
196	192	0	0	4/4	2	1	I|IAC}{					e	I		I		I						IAC	}{	M	1	0	4, 8, 5		4	4	0.0	4.0	0.0	0.0	0.5	0.0
196	192	1/8	1/8	4/4	2	1	I(9)					e	I		I(9)		I			9					M	1	0	4, 8, 5	6	4	4	0.0	37.0	0.0	0.0	1.9583333333333333	0.0
196	192	3/8	3/8	4/4	2	1	I					e	I		I		I								M	1	0	4, 8, 5		4	4	0.0	19.0	0.0	0.0	0.875	0.0
196	192	1/2	1/2	4/4	2	1	vi					e	I		vi		vi								m	1	0	7, 4, 8		7	7	0.0	4.0	0.0	0.0	0.5	0.0
196	192	5/8	5/8	4/4	2	1	vi(9)					e	I		vi(9)		vi			9					m	1	0	7, 4, 8	9	7	7	0.0	31.0	0.0	0.0	1.7083333333333333	0.0
196	192	7/8	7/8	4/4	2	1	vi					e	I		vi		vi								m	1	0	7, 4, 8		7	7	0.0	19.0	0.0	0.0	0.875	0.0
197	193	0	0	4/4	2	1	viio/V					e	I		viio/V		vii	o			V				o	1	0	10, 7, 4		10	10	8.0	20.0	0.2857142857142857	0.3333333333333333	1.6666666666666667	0.16666666666666666
197	193	1/4	1/4	4/4	2	1	V(#7)					e	I		V(#7)		V			#7					M	1	0	5, 9, 6	10	5	5	0.0	27.0	0.0	0.0	1.875	0.0
197	193	1/2	1/2	4/4	2	1	viio7					e	I		viio7		vii	o	7						o7	1	0	9, 6, 3, 0		9	9	0.0	41.0	0.0	0.0	2.5	0.0
197	193	7/8	7/8	4/4	2	1	V7					e	I		V7		V		7						Mm7	1	0	5, 9, 6, 3		5	5	0.0	19.0	0.0	0.0	0.875	0.0
198	194	0	0	4/4	2	1	I					e	I		I		I								M	1	0	4, 8, 5		4	4	0.0	4.0	0.0	0.0	0.5	0.0
198	194	1/8	1/8	4/4	2	1	I(9)					e	I		I(9)		I			9					M	1	0	4, 8, 5	6	4	4	0.0	37.0	0.0	0.0	1.9583333333333333	0.0
198	194	3/8	3/8	4/4	2	1	I					e	I		I		I								M	1	0	4, 8, 5		4	4	0.0	19.0	0.0	0.0	0.875	0.0
198	194	1/2	1/2	4/4	2	1	vi					e	I		vi		vi								m	1	0	7, 4, 8		7	7	0.0	4.0	0.0	0.0	0.5	0.0
198	194	5/8	5/8	4/4	2	1	vi(9)					e	I		vi(9)		vi			9					m	1	0	7, 4, 8	9	7	7	0.0	31.0	0.0	0.0	1.7083333333333333	0.0
198	194	7/8	7/8	4/4	2	1	vi					e	I		vi		vi								m	1	0	7, 4, 8		7	7	0.0	19.0	0.0	0.0	0.9583333333333334	0.0
199	195	0	0	4/4	2	1	#vi.V43/V					e	#vi		V43/V		V		43		V				Mm7	1	1	10, 7, 9, 13		9	10	0.0	48.0	0.0	0.0	2.0	0.0
199	195	1/4	1/4	4/4	2	1	Fr6					e	#vi		Fr6	Fr	V		43	b5	V				Fr	1	1	3, 7, 9, 13		9	3	0.0	48.0	0.0	0.0	2.0	0.0
199	195	1/2	1/2	4/4	2	1	V|HC}					e	#vi		V		V						HC	}	M	1	1	8, 12, 9		8	8	0.0	30.0	0.0	0.0	2.125	0.0
200	196	0	0	4/4	2	1	I.ii{					e	I		ii		ii							{	m	1	0	6, 3, 7		6	6	0.0	8.0	0.0	0.0	1.0	0.0
200	196	1/8	1/8	4/4	2	1	ii(+4)					e	I		ii(+4)		ii			+4					m	1	0	6, 3, 7	5	6	6	6.0	20.0	0.23076923076923078	0.25	1.25	0.16666666666666666
200	196	3/8	3/8	4/4	2	1	ii					e	I		ii		ii								m	1	0	6, 3, 7		6	6	2.0	12.0	0.14285714285714285	0.08333333333333333	0.6666666666666666	0.1111111111111111
200	196	1/2	1/2	4/4	2	1	vi					e	I		vi		vi								m	1	0	7, 4, 8		7	7	0.0	6.0	0.0	0.0	0.75	0.0
200	196	5/8	5/8	4/4	2	1	vi(9)					e	I		vi(9)		vi			9					m	1	0	7, 4, 8	9	7	7	4.0	22.0	0.15384615384615385	0.16666666666666666	1.3333333333333333	0.1111111111111111
200	196	7/8	7/8	4/4	2	1	vi					e	I		vi		vi								m	1	0	7, 4, 8		7	7	2.0	12.0	0.14285714285714285	0.08333333333333333	0.6666666666666666	0.1111111111111111
201	197	0	0	4/4	2	1	ii%43					e	I		ii%43		ii	%	43						%7	1	0	0, 4, 6, 3		6	0	1.0	13.0	0.07142857142857142	0.125	0.625	0.16666666666666666
201	197	1/8	1/8	4/4	2	1	iv7					e	I		iv7		iv		7						mm7	1	0	3, 0, 4, 1		3	3	4.0	10.0	0.2857142857142857	0.25	0.5	0.3333333333333333
201	197	1/4	1/4	4/4	2	1	V7					e	I		V7		V		7						Mm7	1	0	5, 9, 6, 3		5	5	0.0	28.0	0.0	0.0	1.5	0.0
201	197	1/2	1/2	4/4	2	1	I					e	I		I		I								M	1	0	4, 8, 5		4	4	0.0	39.0	0.0	0.0	3.125	0.0
202	198	0	0	4/4	2	1	III.ii					e	III		ii		ii								m	1	0	3, 0, 4		3	3	0.0	8.0	0.0	0.0	1.0	0.0
202	198	1/8	1/8	4/4	2	1	ii(+4)					e	III		ii(+4)		ii			+4					m	1	0	3, 0, 4	2	3	3	6.0	20.0	0.23076923076923078	0.25	1.25	0.16666666666666666
202	198	3/8	3/8	4/4	2	1	ii					e	III		ii		ii								m	1	0	3, 0, 4		3	3	2.0	12.0	0.14285714285714285	0.08333333333333333	0.6666666666666666	0.1111111111111111
202	198	1/2	1/2	4/4	2	1	vi					e	III		vi		vi								m	1	0	4, 1, 5		4	4	0.0	6.0	0.0	0.0	0.75	0.0
202	198	5/8	5/8	4/4	2	1	vi(9)					e	III		vi(9)		vi			9					m	1	0	4, 1, 5	6	4	4	4.0	22.0	0.15384615384615385	0.16666666666666666	1.3333333333333333	0.1111111111111111
202	198	7/8	7/8	4/4	2	1	vi					e	III		vi		vi								m	1	0	4, 1, 5		4	4	2.0	12.0	0.14285714285714285	0.08333333333333333	0.6666666666666666	0.1111111111111111
203	199	0	0	4/4	2	1	ii%43					e	III		ii%43		ii	%	43						%7	1	0	-3, 1, 3, 0		3	-3	1.0	13.0	0.07142857142857142	0.125	0.625	0.16666666666666666
203	199	1/8	1/8	4/4	2	1	iv7					e	III		iv7		iv		7						mm7	1	0	0, -3, 1, -2		0	0	4.0	10.0	0.2857142857142857	0.25	0.5	0.3333333333333333
203	199	1/4	1/4	4/4	2	1	V7					e	III		V7		V		7						Mm7	1	0	2, 6, 3, 0		2	2	0.0	28.0	0.0	0.0	1.5	0.0
203	199	1/2	1/2	4/4	2	1	I					e	III		I		I								M	1	0	1, 5, 2		1	1	0.0	36.0	0.0	0.0	2.625	0.0
204	200	0	0	4/4	2	1	bVI6					e	III		bVI6		bVI		6						M	1	0	1, -2, -3		-3	1	0.0	10.0	0.0	0.0	0.5	0.0
204	200	1/8	1/8	4/4	2	1	bVI(9)					e	III		bVI(9)		bVI			9					M	1	0	-3, 1, -2	6	-3	-3	2.0	24.0	0.07692307692307693	0.5	1.0	0.3333333333333333
204	200	3/8	3/8	4/4	2	1	bVI					e	III		bVI		bVI								M	1	0	-3, 1, -2		-3	-3	0.0	14.0	0.0	0.0	0.75	0.0
204	200	1/2	1/2	4/4	2	1	bVI+					e	III		bVI+		bVI	+							+	1	0	-3, 1, 5		-3	-3	0.0	14.0	0.0	0.0	0.75	0.0
204	200	5/8	5/8	4/4	2	1	I64					e	III		I64		I		64						M	1	0	2, 1, 5		1	2	0.0	20.0	0.0	0.0	1.0	0.0
204	200	19/24	19/24	4/4	2	1	I					e	III		I		I								M	1	0	1, 5, 2		1	1	0.0	6.0	0.0	0.0	0.25	0.0
205	201	0	0	4/4	2	1	bVI6					e	III		bVI6		bVI		6						M	1	0	1, -2, -3		-3	1	0.0	15.0	0.0	0.0	0.875	0.0
205	201	1/8	1/8	4/4	2	1	bVI6(9)					e	III		bVI6(9)		bVI		6	9					M	1	0	1, -2, -3	6	-3	1	2.0	25.0	0.07407407407407407	0.5	1.25	0.2857142857142857
205	201	3/8	3/8	4/4	2	1	bVI6					e	III		bVI6		bVI		6						M	1	0	1, -2, -3		-3	1	0.0	16.0	0.0	0.0	1.0	0.0
205	201	1/2	1/2	4/4	2	1	bVI+6					e	III		bVI+6		bVI	+	6						+	1	0	1, 5, -3		-3	1	0.0	16.0	0.0	0.0	1.0	0.0
205	201	5/8	5/8	4/4	2	1	I					e	III		I		I								M	1	0	1, 5, 2		1	1	0.0	24.0	0.0	0.0	1.5	0.0
205	201	5/6	5/6	4/4	2	1	I6					e	III		I6		I		6						M	1	0	5, 2, 1		1	5	0.0	19.0	0.0	0.0	0.875	0.0
206	202	1/8	1/8	4/4	2	1	I(2)					e	III		I(2)		I			2					M	1	0	3, 5, 2		1	3	6.0	20.0	0.23076923076923078	0.25	1.25	0.16666666666666666
206	202	3/8	3/8	4/4	2	1	I					e	III		I		I								M	1	0	1, 5, 2		1	1	0.0	14.0	0.0	0.0	0.75	0.0
206	202	1/2	1/2	4/4	2	1	I+					e	III		I+		I	+							+	1	0	1, 5, 9		1	1	0.0	14.0	0.0	0.0	0.75	0.0
206	202	5/8	5/8	4/4	2	1	III64					e	III		III64		III		64						M	1	0	6, 5, 9		5	6	0.0	20.0	0.0	0.0	1.0	0.0
206	202	19/24	19/24	4/4	2	1	III					e	III		III		III								M	1	0	5, 9, 6		5	5	0.0	6.0	0.0	0.0	0.25	0.0
207	203	0	0	4/4	2	1	I6					e	III		I6		I		6						M	1	0	5, 2, 1		1	5	0.0	15.0	0.0	0.0	0.875	0.0
207	203	1/8	1/8	4/4	2	1	I6(9)					e	III		I6(9)		I		6	9					M	1	0	5, 2, 1	3	1	5	0.0	27.0	0.0	0.0	1.75	0.0
207	203	3/8	3/8	4/4	2	1	I6					e	III		I6		I		6						M	1	0	5, 2, 1		1	5	0.0	16.0	0.0	0.0	1.0	0.0
207	203	1/2	1/2	4/4	2	1	I+6					e	III		I+6		I	+	6						+	1	0	5, 9, 1		1	5	0.0	16.0	0.0	0.0	1.0	0.0
207	203	5/8	5/8	4/4	2	1	I.V					e	I		V		V								M	1	0	5, 9, 6		5	5	0.0	24.0	0.0	0.0	2.5	0.0
208	204	0	0	4/4	2	1	I					e	I		I		I								M	1	0	4, 8, 5		4	4	14.0	19.0	0.42424242424242425	0.5833333333333334	1.5416666666666667	0.27450980392156865
208	204	1/2	1/2	4/4	2	1	V6					e	I		V6		V		6						M	1	0	9, 6, 5		5	9	14.0	18.0	0.4375	0.5833333333333334	1.5	0.27999999999999997
209	205	0	0	4/4	2	1	vi					e	I		vi		vi								m	1	0	7, 4, 8		7	7	14.0	20.0	0.4117647058823529	0.5833333333333334	1.5833333333333333	0.2692307692307693
209	205	1/2	1/2	4/4	2	1	V6/vi					e	I		V6/vi		V		6		vi				M	1	0	12, 9, 8		8	12	16.0	16.0	0.5	0.6666666666666666	1.4166666666666667	0.31999999999999995
210	206	0	0	4/4	2	1	#viio43/ii					e	I		#viio43/ii		#vii	o	43		ii				o7	1	0	5, 2, 11, 8		11	5	8.0	13.0	0.38095238095238093	0.3333333333333333	1.125	0.22857142857142856
210	206	1/4	1/4	4/4	2	1	viio7/V					e	I		viio7/V		vii	o	7		V				o7	1	0	10, 7, 4, 1		10	10	8.0	11.0	0.42105263157894735	0.3333333333333333	1.0416666666666667	0.2424242424242424
210	206	1/2	1/2	4/4	2	1	viio43					e	I		viio43		vii	o	43						o7	1	0	3, 0, 9, 6		9	3	8.0	11.0	0.42105263157894735	0.3333333333333333	1.0416666666666667	0.2424242424242424
210	206	3/4	3/4	4/4	2	1	I6					e	I		I6		I		6						M	1	0	8, 5, 4		4	8	4.0	10.0	0.2857142857142857	0.16666666666666666	0.9166666666666666	0.15384615384615385
211	207	0	0	4/4	2	1	V.Fr6					e	V		Fr6	Fr	V		43	b5	V				Fr	1	0	1, 5, 7, 11		7	1	0.0	42.0	0.0	0.0	1.75	0.0
211	207	1/4	1/4	4/4	2	1	V7					e	V		V7		V		7						Mm7	1	0	6, 10, 7, 4		6	6	0.0	42.0	0.0	0.0	1.75	0.0
211	207	1/2	1/2	4/4	2	1	I.Fr6					e	I		Fr6	Fr	V		43	b5	V				Fr	1	0	0, 4, 6, 10		6	0	0.0	42.0	0.0	0.0	1.75	0.0
211	207	3/4	3/4	4/4	2	1	V7					e	I		V7		V		7						Mm7	1	0	5, 9, 6, 3		5	5	0.0	7.0	0.0	0.0	0.875	0.0
211	207	7/8	7/8	4/4	2	1	V+					e	I		V+		V	+							+	1	0	5, 9, 13		5	5	0.0	5.0	0.0	0.0	0.625	0.0
212	208	0	0	4/4	2	1	I					e	I		I		I								M	1	0	4, 8, 5		4	4	0.0	4.0	0.0	0.0	0.5	0.0
212	208	1/8	1/8	4/4	2	1	I(9)					e	I		I(9)		I			9					M	1	0	4, 8, 5	6	4	4	0.0	37.0	0.0	0.0	1.9583333333333333	0.0
212	208	3/8	3/8	4/4	2	1	I					e	I		I		I								M	1	0	4, 8, 5		4	4	0.0	7.0	0.0	0.0	0.875	0.0
212	208	1/2	1/2	4/4	2	1	vii%7/bII					e	I		vii%7/bII		vii	%	7		bII				%7	1	0	4, 1, -2, 2		4	4	0.0	41.0	0.0	0.0	2.25	0.0
212	208	7/8	7/8	4/4	2	1	V6/bII					e	I		V6/bII		V		6		bII				M	1	0	4, 1, 0		0	4	0.0	6.0	0.0	0.0	0.75	0.0
213	209	0	0	4/4	2	1	bII6					e	I		bII6		bII		6						M	1	0	3, 0, -1		-1	3	0.0	4.0	0.0	0.0	0.25	0.0
213	209	1/8	1/8	4/4	2	1	bII(2)					e	I		bII(2)		bII			2					M	1	0	8, 3, 0		-1	8	7.0	12.0	0.3684210526315789	0.5	0.5	0.5
213	209	3/8	3/8	4/4	2	1	bII					e	I		bII		bII								M	1	0	-1, 3, 0		-1	-1	2.0	13.0	0.13333333333333333	0.08333333333333333	0.7083333333333334	0.10526315789473682
213	209	5/8	5/8	4/4	2	1	V65(4b2)					e	I		V65(4b2)		V		65	4b2					Mm7	1	0	4, 6, 3, 0		5	4	6.0	19.0	0.24	0.25	1.0	0.2
213	209	7/8	7/8	4/4	2	1	V65					e	I		V65		V		65						Mm7	1	0	9, 6, 3, 5		5	9	0.0	13.0	0.0	0.0	0.625	0.0
214	210	0	0	4/4	2	1	I					e	I		I		I								M	1	0	4, 8, 5		4	4	0.0	4.0	0.0	0.0	0.5	0.0
214	210	1/8	1/8	4/4	2	1	I(9)					e	I		I(9)		I			9					M	1	0	4, 8, 5	6	4	4	0.0	37.0	0.0	0.0	1.9583333333333333	0.0
214	210	3/8	3/8	4/4	2	1	I					e	I		I		I								M	1	0	4, 8, 5		4	4	0.0	7.0	0.0	0.0	0.875	0.0
214	210	1/2	1/2	4/4	2	1	viio7/bII					e	I		viio7/bII		vii	o	7		bII				o7	1	0	4, 1, -2, -5		4	4	0.0	41.0	0.0	0.0	2.4583333333333335	0.0
214	210	7/8	7/8	4/4	2	1	V65/bII					e	I		V65/bII		V		65		bII				Mm7	1	0	4, 1, -2, 0		0	4	0.0	7.0	0.0	0.0	0.875	0.0
215	211	0	0	4/4	2	1	bii6					e	I		bii6		bii		6						m	1	0	-4, 0, -1		-1	-4	0.0	4.0	0.0	0.0	0.25	0.0
215	211	1/8	1/8	4/4	2	1	bii(2)					e	I		bii(2)		bii			2					m	1	0	8, -4, 0		-1	8	7.0	12.0	0.3684210526315789	0.5	0.5	0.5
215	211	3/8	3/8	4/4	2	1	bii					e	I		bii		bii								m	1	0	-1, -4, 0		-1	-1	3.0	12.0	0.2	0.125	0.6666666666666666	0.15789473684210528
215	211	5/8	5/8	4/4	2	1	V65(4b2)					e	I		V65(4b2)		V		65	4b2					Mm7	1	0	4, 6, 3, 0		5	4	6.0	19.0	0.24	0.25	1.0	0.2
215	211	7/8	7/8	4/4	2	1	V65					e	I		V65		V		65						Mm7	1	0	9, 6, 3, 5		5	9	0.0	13.0	0.0	0.0	0.625	0.0
216	212	0	0	4/4	2	1	I|IAC}					e	I		I		I						IAC	}	M	1	0	4, 8, 5		4	4	0.0	4.0	0.0	0.0	0.25	0.0
216	212	1/8	1/8	4/4	2	1	V2/IV					e	I		V2/IV		V		2		IV				Mm7	1	0	2, 4, 8, 5		4	2	0.0	10.0	0.0	0.0	0.625	0.0
216	212	1/4	1/4	4/4	2	1	Ger6(2)					e	I		Ger6(2)	Ger	vii	o	65	b32	V				Ger	1	0	0, 4, 1, 5		10	0	3.0	6.0	0.3333333333333333	0.125	0.25	0.3333333333333333
216	212	3/8	3/8	4/4	2	1	Ger6					e	I		Ger6	Ger	vii	o	65	b3	V				Ger	1	0	0, 4, 1, 10		10	0	0.0	10.0	0.0	0.0	0.5	0.0
216	212	1/2	1/2	4/4	2	1	I					e	I		I		I								M	1	0	4, 8, 5		4	4	0.0	4.0	0.0	0.0	0.25	0.0
216	212	5/8	5/8	4/4	2	1	V2/IV					e	I		V2/IV		V		2		IV				Mm7	1	0	2, 4, 8, 5		4	2	0.0	10.0	0.0	0.0	0.625	0.0
216	212	3/4	3/4	4/4	2	1	Ger6(2)					e	I		Ger6(2)	Ger	vii	o	65	b32	V				Ger	1	0	0, 4, 1, 5		10	0	3.0	6.0	0.3333333333333333	0.125	0.25	0.3333333333333333
216	212	7/8	7/8	4/4	2	1	Ger6					e	I		Ger6	Ger	vii	o	65	b3	V				Ger	1	0	0, 4, 1, 10		10	0	0.0	10.0	0.0	0.0	0.5	0.0
217	213	0	0	4/4	2	1	I					e	I		I		I								M	1	0	4, 8, 5		4	4	0.0	5.0	0.0	0.0	0.375	0.0
217	213	1/8	1/8	4/4	2	1	V2/IV					e	I		V2/IV		V		2		IV				Mm7	1	0	2, 4, 8, 5		4	2	0.0	11.0	0.0	0.0	0.875	0.0
217	213	1/4	1/4	4/4	2	1	Ger6(2)					e	I		Ger6(2)	Ger	vii	o	65	b32	V				Ger	1	0	0, 4, 1, 5		10	0	3.0	6.0	0.3333333333333333	0.125	0.25	0.3333333333333333
217	213	3/8	3/8	4/4	2	1	Ger6					e	I		Ger6	Ger	vii	o	65	b3	V				Ger	1	0	0, 4, 1, 10		10	0	0.0	11.0	0.0	0.0	0.625	0.0
217	213	1/2	1/2	4/4	2	1	I					e	I		I		I								M	1	0	4, 8, 5		4	4	0.0	5.0	0.0	0.0	0.375	0.0
217	213	5/8	5/8	4/4	2	1	V2					e	I		V2		V		2						Mm7	1	0	3, 5, 9, 6		5	3	8.0	3.0	0.7272727272727273	0.75	0.125	0.8571428571428571
217	213	3/4	3/4	4/4	2	1	Ger6(2)					e	I		Ger6(2)	Ger	vii	o	65	b32	V				Ger	1	0	0, 4, 1, 5		10	0	3.0	6.0	0.3333333333333333	0.125	0.25	0.3333333333333333
217	213	7/8	7/8	4/4	2	1	Ger6					e	I		Ger6	Ger	vii	o	65	b3	V				Ger	1	0	0, 4, 1, 10		10	0	0.0	11.0	0.0	0.0	0.625	0.0
218	214	0	0	4/4	2	1	I					e	I		I		I								M	1	0	4, 8, 5		4	4	0.0	52.0	0.0	0.0	2.8333333333333335	0.0
219	214	0	15/16	4/4	2	1	I					e	I		I		I								M	1	0	4, 8, 5		4	4	0.0	2.0	0.0	0.0	0.125	0.0
220	215	0	0	4/4	2	1	bII(7)					e	I		bII(7)		bII			7					M	1	0	-1, 3, 0	4	-1	-1	0.0	6.0	0.0	0.0	3.25	0.0
220	215	1/8	1/8	4/4	2	1	bII(6)					e	I		bII(6)		bII			6					M	1	0	-1, 3, 9		-1	-1	0.0	2.0	0.0	0.0	0.5	0.0
220	215	3/8	3/8	4/4	2	1	bII					e	I		bII		bII								M	1	0	-1, 3, 0		-1	-1	4.0	6.0	0.4	0.5	1.25	0.2857142857142857
221	216	0	0	4/4	2	1	I(b6)					e	I		I(b6)		I			b6					M	1	0	4, 8, 0		4	4	0.0	6.0	0.0	0.0	4.5	0.0
221	216	1/4	1/4	4/4	2	1	I					e	I		I		I								M	1	0	4, 8, 5		4	4	0.0	2.0	0.0	0.0	1.5	0.0
