mc	mn	mc_onset	mn_onset	timesig	staff	voice	label	offset_x	offset_y	minDistance	offset	globalkey	localkey	pedal	chord	numeral	form	figbass	changes	relativeroot	cadence	phraseend	chord_type	globalkey_is_minor	localkey_is_minor	chord_tones	added_tones	root	bass_note	n_colored	n_untouched	count_ratio	dur_colored	dur_untouched	dur_ratio
1	1	1/4	1/4	6/4	2	1	E.V{					E	I		V	V						{	M	0	0	5, 9, 6		5	5	0	1	0.0	0.0	0.25	0.0
1	1	1/2	1/2	6/4	2	1	ii					E	I		ii	ii							m	0	0	6, 3, 7		6	6	0	2	0.0	0.0	0.5	0.0
1	1	1	1	6/4	2	1	vi					E	I		vi	vi							m	0	0	7, 4, 8		7	7	0	3	0.0	0.0	0.75	0.0
2	2	1/4	1/4	6/4	2	1	I6					E	I		I6	I		6					M	0	0	8, 5, 4		4	8	1	1	0.5	0.375	0.125	0.75
2	2	3/4	3/4	6/4	2	1	V					E	I		V	V							M	0	0	5, 9, 6		5	5	0	3	0.0	0.0	1.5	0.0
3	3	1/4	1/4	6/4	2	1	V7					E	I		V7	V		7					Mm7	0	0	5, 9, 6, 3		5	5	2	5	0.2857142857142857	0.25	2.25	0.1
3	3	3/4	3/4	6/4	2	1	V(64)					E	I		V(64)	V			64				M	0	0	5, 4, 8		5	5	0	4	0.0	0.0	1.5	0.0
4	4	1/4	1/4	6/4	2	1	V7(64)					E	I		V7(64)	V		7	64				Mm7	0	0	5, 4, 8, 3		5	5	0	5	0.0	0.0	2.25	0.0
4	4	5/8	5/8	6/4	2	1	V7					E	I		V7	V		7					Mm7	0	0	5, 9, 6, 3		5	5	0	2	0.0	0.0	0.25	0.0
4	4	3/4	3/4	6/4	2	1	V7|HC}					E	I		V7	V		7			HC	}	Mm7	0	0	5, 9, 6, 3		5	5	0	2	0.0	0.0	0.5	0.0
5	5	1/4	1/4	6/4	2	1	V{					E	I		V	V						{	M	0	0	5, 9, 6		5	5	0	2	0.0	0.0	0.5	0.0
5	5	1/2	1/2	6/4	2	1	ii					E	I		ii	ii							m	0	0	6, 3, 7		6	6	0	4	0.0	0.0	1.0	0.0
5	5	1	1	6/4	2	1	vi					E	I		vi	vi							m	0	0	7, 4, 8		7	7	0	6	0.0	0.0	1.5	0.0
6	6	1/4	1/4	6/4	2	1	V6					E	I		V6	V		6					M	0	0	9, 6, 5		5	9	2	2	0.5	0.25	0.75	0.25
6	6	3/4	3/4	6/4	2	1	V	8.03466	3.91203	0.42208	/	E	I		V	V							M	0	0	5, 9, 6		5	5	0	4	0.0	0.0	1.0	0.0
6	6	5/4	5/4	6/4	2	1	V7/iii	0.206061	3.91203		/	E	I		V7/iii	V		7		iii			Mm7	0	0	9, 13, 10, 7		9	9	2	8	0.2	0.25	3.75	0.0625
7	7	3/4	3/4	6/4	2	1	V7(64)/iii					E	I		V7(64)/iii	V		7	64	iii			Mm7	0	0	9, 8, 5, 7		9	9	0	6	0.0	0.0	2.5	0.0
8	8	1/4	1/4	6/4	2	1	V7(64)/iii					E	I		V7(64)/iii	V		7	64	iii			Mm7	0	0	9, 8, 5, 7		9	9	0	4	0.0	0.0	1.75	0.0
8	8	5/8	5/8	6/4	2	1	V7/iii					E	I		V7/iii	V		7		iii			Mm7	0	0	9, 13, 10, 7		9	9	0	2	0.0	0.0	0.25	0.0
8	8	3/4	3/4	6/4	2	1	V7/iii|HC}					E	I		V7/iii	V		7		iii	HC	}	Mm7	0	0	9, 13, 10, 7		9	9	0	2	0.0	0.0	0.5	0.0
9	9	0	0	6/4	2	1	III{					E	I		III	III						{	M	0	0	8, 12, 9		8	8	0	28	0.0	0.0	11.875	0.0
10	10	1/2	1/2	6/4	2	1	III(+#6)					E	I		III(+#6)	III			+#6				M	0	0	8, 12, 9	11	8	8	0	9	0.0	0.0	2.125	0.0
11	11	0	0	6/4	2	1	ii					E	I		ii	ii							m	0	0	6, 3, 7		6	6	0	28	0.0	0.0	11.875	0.0
12	12	1/2	1/2	6/4	2	1	ii6(+9)					E	I		ii6(+9)	ii		6	+9				m	0	0	3, 7, 6	8	6	3	0	9	0.0	0.0	2.125	0.0
13	13	0	0	6/4	2	1	i					E	I		i	i							m	0	0	4, 1, 5		4	4	0	18	0.0	0.0	5.75	0.0
14	14	0	0	6/4	2	1	bVI6	0	4.71295	-4.85644	/	E	I		bVI6	bVI		6					M	0	0	4, 1, 0		0	4	0	18	0.0	0.0	5.75	0.0
15	15	0	0	6/4	2	1	bV6					E	I		bV6	bV		6					M	0	0	2, -1, -2		-2	2	0	11	0.0	0.0	4.5	0.0
15	15	3/4	3/4	6/4	2	1	bbVII6					E	I		bbVII6	bbVII		6					M	0	0	-1, -4, -5		-5	-1	0	16	0.0	0.0	5.25	0.0
16	16	1/2	1/2	6/4	2	1	bbVII(+9+6)					E	I		bbVII(+9+6)	bbVII			+9+6				M	0	0	-5, -1, -4	4, 5	-5	-5	2	7	0.2222222222222222	0.5	1.375	0.26666666666666666
17	17	0	0	6/4	2	1	bIV6					E	I		bIV6	bIV		6					M	0	0	0, -3, -4		-4	0	0	11	0.0	0.0	4.5	0.0
17	17	3/4	3/4	6/4	2	1	V6					E	I		V6	V		6					M	0	0	9, 6, 5		5	9	0	16	0.0	0.0	5.25	0.0
18	18	1/2	1/2	6/4	2	1	V(+9+6)					E	I		V(+9+6)	V			+9+6				M	0	0	5, 9, 6	7, 8	5	5	0	9	0.0	0.0	1.875	0.0
19	19	0	0	6/4	2	1	V43(+9+6)					E	I		V43(+9+6)	V		43	+9+6				Mm7	0	0	6, 3, 5, 9	7, 8	5	6	0	19	0.0	0.0	5.75	0.0
20	20	0	0	6/4	2	1	IV6					E	I		IV6	IV		6					M	0	0	7, 4, 3		3	7	1	10	0.09090909090909091	0.25	4.25	0.05555555555555555
20	20	3/4	3/4	6/4	2	1	ii7(+9)					E	I		ii7(+9)	ii		7	+9				mm7	0	0	6, 3, 7, 4	8	6	6	0	9	0.0	0.0	1.5	0.0
21	21	0	0	6/4	2	1	V7(+9+6)					E	I		V7(+9+6)	V		7	+9+6				Mm7	0	0	5, 9, 6, 3	7, 8	5	5	0	19	0.0	0.0	5.75	0.0
22	22	0	0	6/4	2	1	IV6					E	I		IV6	IV		6					M	0	0	7, 4, 3		3	7	1	10	0.09090909090909091	0.25	4.25	0.05555555555555555
22	22	3/4	3/4	6/4	2	1	ii7(+9)					E	I		ii7(+9)	ii		7	+9				mm7	0	0	6, 3, 7, 4	8	6	6	0	9	0.0	0.0	1.5	0.0
23	23	0	0	6/4	2	1	V7(+9)					E	I		V7(+9)	V		7	+9				Mm7	0	0	5, 9, 6, 3	7	5	5	0	10	0.0	0.0	2.75	0.0
23	23	3/4	3/4	6/4	2	1	ii7(+9)					E	I		ii7(+9)	ii		7	+9				mm7	0	0	6, 3, 7, 4	8	6	6	0	11	0.0	0.0	3.0	0.0
24	24	0	0	6/4	2	1	V7(+9)					E	I		V7(+9)	V		7	+9				Mm7	0	0	5, 9, 6, 3	7	5	5	0	13	0.0	0.0	3.5	0.0
24	24	3/4	3/4	6/4	2	1	ii7(+9)					E	I		ii7(+9)	ii		7	+9				mm7	0	0	6, 3, 7, 4	8	6	6	0	14	0.0	0.0	3.75	0.0
25	25	0	0	6/4	2	1	V7(+9)					E	I		V7(+9)	V		7	+9				Mm7	0	0	5, 9, 6, 3	7	5	5	0	12	0.0	0.0	3.25	0.0
25	25	3/4	3/4	6/4	2	1	ii7(+9)					E	I		ii7(+9)	ii		7	+9				mm7	0	0	6, 3, 7, 4	8	6	6	0	14	0.0	0.0	3.75	0.0
26	26	0	0	6/4	2	1	V7(+9)					E	I		V7(+9)	V		7	+9				Mm7	0	0	5, 9, 6, 3	7	5	5	0	12	0.0	0.0	3.25	0.0
26	26	3/4	3/4	6/4	2	1	ii7(+9)					E	I		ii7(+9)	ii		7	+9				mm7	0	0	6, 3, 7, 4	8	6	6	0	14	0.0	0.0	3.75	0.0
27	27	0	0	4/4	2	1	V7(2)					E	I		V7(2)	V		7	2				Mm7	0	0	7, 9, 6, 3		5	7	0	6	0.0	0.0	1.5	0.0
27	27	1/4	1/4	4/4	2	1	V					E	I		V	V							M	0	0	5, 9, 6		5	5	0	2	0.0	0.0	0.5	0.0
27	27	1/2	1/2	4/4	2	1	ii					E	I		ii	ii							m	0	0	6, 3, 7		6	6	0	6	0.0	0.0	2.0	0.0
28	28	1/2	1/2	4/4	2	1	I6					E	I		I6	I		6					M	0	0	8, 5, 4		4	8	0	2	0.0	0.0	1.0	0.0
29	29	0	0	6/4	2	1	I}					E	I		I	I						}	M	0	0	4, 8, 5		4	4	0	2	0.0	0.0	2.0	0.0
30	30	1/4	1/4	6/4	2	1	I[I{					E	I	I	I	I						{	M	0	0	4, 8, 5		4	4	2	5	0.2857142857142857	0.25	2.25	0.1
30	30	3/4	3/4	6/4	2	1	V7					E	I	I	V7	V		7					Mm7	0	0	5, 9, 6, 3		5	5	1	3	0.25	0.125	0.875	0.125
31	31	0	0	6/4	2	1	ii					E	I	I	ii	ii							m	0	0	6, 3, 7		6	6	0	1	0.0	0.0	0.25	0.0
31	31	1/4	1/4	6/4	2	1	V7					E	I	I	V7	V		7					Mm7	0	0	5, 9, 6, 3		5	5	3	4	0.42857142857142855	0.75	1.75	0.3
31	31	3/4	3/4	6/4	2	1	I]					E	I	I	I	I							M	0	0	4, 8, 5		4	4	1	3	0.25	0.125	0.875	0.125
32	32	0	0	6/4	2	1	I6					E	I		I6	I		6					M	0	0	8, 5, 4		4	8	0	3	0.0	0.0	1.25	0.0
32	32	1/2	1/2	6/4	2	1	ii7					E	I		ii7	ii		7					mm7	0	0	6, 3, 7, 4		6	6	0	2	0.0	0.0	0.5	0.0
32	32	3/4	3/4	6/4	2	1	IV					E	I		IV	IV							M	0	0	3, 7, 4		3	3	0	3	0.0	0.0	1.25	0.0
32	32	1	1	6/4	2	1	IV6					E	I		IV6	IV		6					M	0	0	7, 4, 3		3	7	0	2	0.0	0.0	0.5	0.0
32	32	5/4	5/4	6/4	2	1	V(+4)					E	I		V(+4)	V			+4				M	0	0	5, 9, 6	4	5	5	0	2	0.0	0.0	0.5	0.0
33	33	0	0	6/4	2	1	IV					E	I		IV	IV							M	0	0	3, 7, 4		3	3	0	3	0.0	0.0	1.75	0.0
33	33	1/4	1/4	6/4	2	1	ii6					E	I		ii6	ii		6					m	0	0	3, 7, 6		6	3	0	2	0.0	0.0	0.5	0.0
33	33	3/4	3/4	6/4	2	1	I6					E	I		I6	I		6					M	0	0	8, 5, 4		4	8	0	3	0.0	0.0	0.75	0.0
34	34	1/4	1/4	6/4	2	1	I[I					E	I	I	I	I							M	0	0	4, 8, 5		4	4	2	5	0.2857142857142857	0.25	2.25	0.1
34	34	3/4	3/4	6/4	2	1	V7					E	I	I	V7	V		7					Mm7	0	0	5, 9, 6, 3		5	5	1	3	0.25	0.125	0.875	0.125
35	35	0	0	6/4	2	1	ii					E	I	I	ii	ii							m	0	0	6, 3, 7		6	6	0	1	0.0	0.0	0.25	0.0
35	35	1/4	1/4	6/4	2	1	V7					E	I	I	V7	V		7					Mm7	0	0	5, 9, 6, 3		5	5	3	4	0.42857142857142855	0.75	1.75	0.3
35	35	3/4	3/4	6/4	2	1	I]					E	I	I	I	I							M	0	0	4, 8, 5		4	4	1	3	0.25	0.125	0.875	0.125
36	36	0	0	6/4	2	1	I6					E	I		I6	I		6					M	0	0	8, 5, 4		4	8	0	3	0.0	0.0	1.25	0.0
36	36	1/2	1/2	6/4	2	1	V.V7					E	V		V7	V		7					Mm7	0	0	6, 10, 7, 4		6	6	0	2	0.0	0.0	0.5	0.0
36	36	3/4	3/4	6/4	2	1	viio					E	V		viio	vii	o						o	0	0	10, 7, 4		10	10	0	3	0.0	0.0	0.75	0.0
36	36	1	1	6/4	2	1	ii					E	V		ii	ii							m	0	0	7, 4, 8		7	7	0	3	0.0	0.0	1.0	0.0
36	36	5/4	5/4	6/4	2	1	I6(64)					E	V		I6(64)	I		6	64				M	0	0	4, 8, 5		5	4	1	0	1.0	0.25	0.0	1.0
36	36	11/8	11/8	6/4	2	1	I6					E	V		I6	I		6					M	0	0	9, 6, 5		5	9	0	2	0.0	0.0	0.25	0.0
37	37	0	0	6/4	2	1	V7(#2)					E	V		V7(#2)	V		7	#2				Mm7	0	0	6, 15, 7, 4		6	6	1	3	0.25	0.5	2.25	0.18181818181818182
37	37	1/2	1/2	6/4	2	1	V7					E	V		V7	V		7					Mm7	0	0	6, 10, 7, 4		6	6	0	1	0.0	0.0	0.25	0.0
37	37	3/4	3/4	6/4	2	1	I|PAC}					E	V		I	I					PAC	}	M	0	0	5, 9, 6		5	5	0	4	0.0	0.0	1.0	0.0
38	38	0	0	6/4	2	1	bIII.I[I{					E	bIII	I	I	I						{	M	0	0	1, 5, 2		1	1	0	19	0.0	0.0	9.75	0.0
39	39	0	0	6/4	2	1	V7(6)					E	bIII	I	V7(6)	V		7	6				Mm7	0	0	2, 6, 5, 0		2	2	2	7	0.2222222222222222	1.0	4.25	0.19047619047619047
40	40	0	0	6/4	2	1	IV					E	bIII	I	IV	IV							M	0	0	0, 4, 1		0	0	3	16	0.15789473684210525	1.5	8.25	0.15384615384615385
41	41	0	0	6/4	2	1	V7					E	bIII	I	V7	V		7					Mm7	0	0	2, 6, 3, 0		2	2	5	21	0.19230769230769232	3.25	14.75	0.18055555555555555
43	43	0	0	6/4	2	1	V7/IV					E	bIII	I	V7/IV	V		7		IV			Mm7	0	0	1, 5, 2, -1		1	1	1	8	0.1111111111111111	0.25	8.75	0.027777777777777776
44	44	0	0	6/4	2	1	IV6(9)					E	bIII	I	IV6(9)	IV		6	9				M	0	0	4, 1, 0	2	0	4	0	6	0.0	0.0	4.5	0.0
44	44	3/4	3/4	6/4	2	1	IV6					E	bIII	I	IV6	IV		6					M	0	0	4, 1, 0		0	4	0	5	0.0	0.0	2.5	0.0
44	44	5/4	5/4	6/4	2	1	bVII.ii%7]					E	bVII	IV	ii%7	ii	%	7					%7	0	0	4, 1, -2, 2		4	4	0	4	0.0	0.0	1.0	0.0
45	45	0	0	6/4	2	1	V[V7(b9)					E	bVII	V	V7(b9)	V		7	b9				Mm7	0	0	3, 7, 4, 1	-2	3	3	0	5	0.0	0.0	3.75	0.0
45	45	3/4	3/4	6/4	2	1	V7					E	bVII	V	V7	V		7					Mm7	0	0	3, 7, 4, 1		3	3	0	10	0.0	0.0	3.75	0.0
46	46	0	0	6/4	2	1	I6(+9+6)					E	bVII	V	I6(+9+6)	I		6	+9+6				M	0	0	6, 3, 2	4, 5	2	6	0	8	0.0	0.0	6.0	0.0
47	47	0	0	6/4	2	1	V7(9)					E	bVII	V	V7(9)	V		7	9				Mm7	0	0	3, 7, 4, 1	5	3	3	0	5	0.0	0.0	3.75	0.0
47	47	3/4	3/4	6/4	2	1	V7					E	bVII	V	V7	V		7					Mm7	0	0	3, 7, 4, 1		3	3	0	10	0.0	0.0	3.75	0.0
48	48	0	0	6/4	2	1	I6(+6)					E	bVII	V	I6(+6)	I		6	+6				M	0	0	6, 3, 2	5	2	6	0	8	0.0	0.0	6.0	0.0
49	49	0	0	6/4	2	1	V7(+4)					E	bVII	V	V7(+4)	V		7	+4				Mm7	0	0	3, 7, 4, 1	2	3	3	0	5	0.0	0.0	2.5	0.0
49	49	1/2	1/2	6/4	2	1	V7(94)					E	bVII	V	V7(94)	V		7	94				Mm7	0	0	3, 2, 4, 1	5	3	3	0	5	0.0	0.0	1.25	0.0
49	49	3/4	3/4	6/4	2	1	V7(4)					E	bVII	V	V7(4)	V		7	4				Mm7	0	0	3, 2, 4, 1		3	3	0	4	0.0	0.0	1.0	0.0
49	49	1	1	6/4	2	1	V7(9)					E	bVII	V	V7(9)	V		7	9				Mm7	0	0	3, 7, 4, 1	5	3	3	0	5	0.0	0.0	1.25	0.0
49	49	5/4	5/4	6/4	2	1	V7]					E	bVII	V	V7	V		7					Mm7	0	0	3, 7, 4, 1		3	3	0	5	0.0	0.0	1.25	0.0
50	50	0	0	6/4	2	1	bIII.V7(9)					E	bIII		V7(9)	V		7	9				Mm7	0	0	2, 6, 3, 0	4	2	2	0	5	0.0	0.0	6.5	0.0
50	50	1/2	1/2	6/4	2	1	V7					E	bIII		V7	V		7					Mm7	0	0	2, 6, 3, 0		2	2	0	7	0.0	0.0	1.75	0.0
51	51	3/4	3/4	6/4	2	1	V7(9)					E	bIII		V7(9)	V		7	9				Mm7	0	0	2, 6, 3, 0	4	2	2	0	1	0.0	0.0	0.5	0.0
51	51	5/4	5/4	6/4	2	1	V7					E	bIII		V7	V		7					Mm7	0	0	2, 6, 3, 0		2	2	0	1	0.0	0.0	0.25	0.0
52	52	0	0	6/4	2	1	I[I|IAC}{					E	bIII	I	I	I					IAC	}{	M	0	0	1, 5, 2		1	1	0	19	0.0	0.0	8.25	0.0
53	53	0	0	6/4	2	1	V7(6)					E	bIII	I	V7(6)	V		7	6				Mm7	0	0	2, 6, 5, 0		2	2	2	12	0.14285714285714285	0.5	7.25	0.06451612903225806
54	54	0	0	6/4	2	1	IV					E	bIII	I	IV	IV							M	0	0	0, 4, 1		0	0	2	17	0.10526315789473684	0.75	7.5	0.09090909090909091
55	55	0	0	6/4	2	1	I(4)					E	bIII	I	I(4)	I			4				M	0	0	1, 0, 2		1	1	0	11	0.0	0.0	5.75	0.0
55	55	1	1	6/4	2	1	I					E	bIII	I	I	I							M	0	0	1, 5, 2		1	1	1	1	0.5	0.25	0.25	0.5
56	56	0	0	6/4	2	1	V7					E	bIII	I	V7	V		7					Mm7	0	0	2, 6, 3, 0		2	2	2	16	0.1111111111111111	1.5	12.0	0.1111111111111111
57	57	0	0	6/4	2	1	bvi.#viio43]					E	bvi	V	#viio43	#vii	o	43					o7	0	1	-1, -4, 5, 2		5	-1	2	7	0.2222222222222222	1.75	7.25	0.19444444444444445
58	58	0	0	6/4	2	1	i6(9)					E	bvi		i6(9)	i		6	9				m	0	1	-3, 1, 0	2	0	-3	1	5	0.16666666666666666	0.25	2.75	0.08333333333333333
58	58	3/4	3/4	6/4	2	1	i6(#4)					E	bvi		i6(#4)	i		6	#4				m	0	1	-3, 6, 0		0	-3	1	3	0.25	0.5	1.25	0.2857142857142857
58	58	1	1	6/4	2	1	i6					E	bvi		i6	i		6					m	0	1	-3, 1, 0		0	-3	0	1	0.0	0.0	0.25	0.0
58	58	5/4	5/4	6/4	2	1	bV.IVM7					E	bV		IVM7	IV	M	7					MM7	0	0	-3, 1, -2, 2		-3	-3	0	3	0.0	0.0	0.75	0.0
59	59	0	0	6/4	2	1	V7(4)					E	bV		V7(4)	V		7	4				Mm7	0	0	-1, -2, 0, -3		-1	-1	1	4	0.2	0.25	2.25	0.1
59	59	1/2	1/2	6/4	2	1	V7					E	bV		V7	V		7					Mm7	0	0	-1, 3, 0, -3		-1	-1	0	2	0.0	0.0	0.5	0.0
59	59	3/4	3/4	6/4	2	1	vii%65(#2)					E	bV		vii%65(#2)	vii	%	65	#2				%7	0	0	5, -3, 1, 3		3	5	0	4	0.0	0.0	2.25	0.0
59	59	1	1	6/4	2	1	vii%65					E	bV		vii%65	vii	%	65					%7	0	0	0, -3, 1, 3		3	0	0	1	0.0	0.0	0.25	0.0
59	59	5/4	5/4	6/4	2	1	V43(#5)					E	bV		V43(#5)	V		43	#5				Mm7	0	0	7, -3, -1, 3		-1	7	0	2	0.0	0.0	0.5	0.0
60	60	0	0	6/4	2	1	I|IAC}{					E	bV		I	I					IAC	}{	M	0	0	-2, 2, -1		-2	-2	0	7	0.0	0.0	8.25	0.0
61	61	0	0	6/4	2	1	V65					E	bV		V65	V		65					Mm7	0	0	3, 0, -3, -1		-1	3	0	8	0.0	0.0	9.0	0.0
62	62	0	0	6/4	2	1	bbVII.V(+964)					E	bbVII		V(+964)	V			+964				M	0	0	-4, -5, -1	-2	-4	-4	1	9	0.1	0.375	8.375	0.04285714285714286
63	63	0	0	6/4	2	1	V7(6)					E	bbVII		V7(6)	V		7	6				Mm7	0	0	-4, 0, -1, -6		-4	-4	0	7	0.0	0.0	5.25	0.0
63	63	3/4	3/4	6/4	2	1	V7(#7#5)					E	bbVII		V7(#7#5)	V		7	#7#5				Mm7	0	0	-4, 0, 4, 1		-4	-4	1	6	0.14285714285714285	0.5	3.0	0.14285714285714285
63	63	5/4	5/4	6/4	2	1	V7					E	bbVII		V7	V		7					Mm7	0	0	-4, 0, -3, -6		-4	-4	0	7	0.0	0.0	1.75	0.0
64	64	0	0	6/4	2	1	I					E	bbVII		I	I							M	0	0	-5, -1, -4		-5	-5	0	7	0.0	0.0	8.25	0.0
65	65	0	0	6/4	2	1	V65					E	bbVII		V65	V		65					Mm7	0	0	0, -3, -6, -4		-4	0	0	8	0.0	0.0	9.0	0.0
66	66	0	0	6/4	2	1	I.V[V(+964)					E	I	V	V(+964)	V			+964				M	0	0	5, 4, 8	7	5	5	1	9	0.1	0.375	8.375	0.04285714285714286
67	67	0	0	6/4	2	1	V7(6)					E	I	V	V7(6)	V		7	6				Mm7	0	0	5, 9, 8, 3		5	5	0	7	0.0	0.0	5.25	0.0
67	67	3/4	3/4	6/4	2	1	V7(#7#5)					E	I	V	V7(#7#5)	V		7	#7#5				Mm7	0	0	5, 9, 13, 10		5	5	1	6	0.14285714285714285	0.5	3.0	0.14285714285714285
67	67	5/4	5/4	6/4	2	1	V7					E	I	V	V7	V		7					Mm7	0	0	5, 9, 6, 3		5	5	0	7	0.0	0.0	1.75	0.0
68	68	0	0	6/4	2	1	#viio43/ii|EC					E	I	V	#viio43/ii	#vii	o	43		ii	EC		o7	0	0	5, 2, 11, 8		11	5	8	44	0.15384615384615385	2.0	11.0	0.15384615384615385
70	70	1/4	1/4	6/4	2	1	viio65/V					E	I	V	viio65/V	vii	o	65		V			o7	0	0	7, 4, 1, 10		10	7	6	19	0.24	1.5	4.75	0.24
71	71	1/4	1/4	6/4	2	1	V2/V					E	I	V	V2/V	V		2		V			Mm7	0	0	4, 6, 10, 7		6	4	2	9	0.18181818181818182	0.5	2.25	0.18181818181818182
71	71	1	1	6/4	2	1	viio43(4)/V					E	I	V	viio43(4)/V	vii	o	43	4	V			o7	0	0	4, 1, 10, 9		10	4	0	7	0.0	0.0	1.75	0.0
71	71	5/4	5/4	6/4	2	1	viio43/V					E	I	V	viio43/V	vii	o	43		V			o7	0	0	4, 1, 10, 7		10	4	2	7	0.2222222222222222	0.5	1.75	0.2222222222222222
72	72	1/4	1/4	6/4	2	1	V7(9)					E	I	V	V7(9)	V		7	9				Mm7	0	0	5, 9, 6, 3	7	5	5	0	7	0.0	0.0	2.0	0.0
72	72	1/2	1/2	6/4	2	1	V(96)					E	I	V	V(96)	V			96				M	0	0	5, 9, 8	7	5	5	0	6	0.0	0.0	1.5	0.0
72	72	3/4	3/4	6/4	2	1	V7(9)					E	I	V	V7(9)	V		7	9				Mm7	0	0	5, 9, 6, 3	7	5	5	0	4	0.0	0.0	1.0	0.0
72	72	1	1	6/4	2	1	V7(96#4#2)					E	I	V	V7(96#4#2)	V		7	96#4#2				Mm7	0	0	5, 14, 11, 8, 3	7	5	5	0	5	0.0	0.0	1.25	0.0
72	72	5/4	5/4	6/4	2	1	V7					E	I	V	V7	V		7					Mm7	0	0	5, 9, 6, 3		5	5	0	7	0.0	0.0	1.75	0.0
73	73	1/4	1/4	6/4	2	1	V7(9)					E	I	V	V7(9)	V		7	9				Mm7	0	0	5, 9, 6, 3	7	5	5	0	7	0.0	0.0	2.0	0.0
73	73	1/2	1/2	6/4	2	1	V(96)					E	I	V	V(96)	V			96				M	0	0	5, 9, 8	7	5	5	0	6	0.0	0.0	1.5	0.0
73	73	3/4	3/4	6/4	2	1	V7(9)					E	I	V	V7(9)	V		7	9				Mm7	0	0	5, 9, 6, 3	7	5	5	0	4	0.0	0.0	1.0	0.0
73	73	1	1	6/4	2	1	V7(96#4#2)					E	I	V	V7(96#4#2)	V		7	96#4#2				Mm7	0	0	5, 14, 11, 8, 3	7	5	5	0	5	0.0	0.0	1.25	0.0
73	73	5/4	5/4	6/4	2	1	V7					E	I	V	V7	V		7					Mm7	0	0	5, 9, 6, 3		5	5	0	7	0.0	0.0	1.75	0.0
74	74	1/4	1/4	6/4	2	1	V7					E	I	V	V7	V		7					Mm7	0	0	5, 9, 6, 3		5	5	4	8	0.3333333333333333	0.5	3.5	0.125
74	74	3/4	3/4	6/4	2	1	I					E	I	V	I	I							M	0	0	4, 8, 5		4	4	0	4	0.0	0.0	1.0	0.0
74	74	1	1	6/4	2	1	V7(64)					E	I	V	V7(64)	V		7	64				Mm7	0	0	5, 4, 8, 3		5	5	4	8	0.3333333333333333	0.5	3.5	0.125
75	75	0	0	6/4	2	1	V7]|HC}					E	I	V	V7	V		7			HC	}	Mm7	0	0	5, 9, 6, 3		5	5	0	4	0.0	0.0	1.0	0.0
75	75	3/8	3/8	6/4	2	1	V(+9+6)					E	I		V(+9+6)	V			+9+6				M	0	0	5, 9, 6	7, 8	5	5	0	21	0.0	0.0	2.625	0.0
77	77	0	0	6/4	2	1	I[I(+9+6){					E	I	I	I(+9+6)	I			+9+6			{	M	0	0	4, 8, 5	6, 7	4	4	0	24	0.0	0.0	7.625	0.0
78	78	0	0	6/4	2	1	V7(+9+6)					E	I	I	V7(+9+6)	V		7	+9+6				Mm7	0	0	5, 9, 6, 3	7, 8	5	5	1	23	0.041666666666666664	0.25	5.875	0.04081632653061224
79	79	0	0	6/4	2	1	IV(+9+6)					E	I	I	IV(+9+6)	IV			+9+6				M	0	0	3, 7, 4	5, 6	3	3	0	10	0.0	0.0	3.875	0.0
79	79	3/4	3/4	6/4	2	1	ii7					E	I	I	ii7	ii		7					mm7	0	0	6, 3, 7, 4		6	6	1	13	0.07142857142857142	0.125	3.625	0.03333333333333333
80	80	0	0	6/4	2	1	I(+9+64)					E	I	I	I(+9+64)	I			+9+64				M	0	0	4, 3, 5	6, 7	4	4	0	13	0.0	0.0	3.25	0.0
80	80	1	1	6/4	2	1	I					E	I	I	I	I							M	0	0	4, 8, 5		4	4	0	5	0.0	0.0	1.0	0.0
80	80	5/4	5/4	6/4	2	1	IV(9)					E	I	I	IV(9)	IV			9				M	0	0	3, 7, 4	5	3	3	0	5	0.0	0.0	1.0	0.0
81	81	0	0	6/4	2	1	V7(+9+6)					E	I	I	V7(+9+6)	V		7	+9+6				Mm7	0	0	5, 9, 6, 3	7, 8	5	5	1	21	0.045454545454545456	0.25	8.875	0.0273972602739726
82	82	0	0	6/4	2	1	V7(+9+6)/IV]					E	I	I	V7(+9+6)/IV	V		7	+9+6	IV			Mm7	0	0	4, 8, 5, 2	6, 7	4	4	0	26	0.0	0.0	7.125	0.0
83	83	0	0	6/4	2	1	IV6(9+6)					E	I		IV6(9+6)	IV		6	9+6				M	0	0	7, 4, 3	5, 6	3	7	0	8	0.0	0.0	2.875	0.0
83	83	3/4	3/4	6/4	2	1	ii7					E	I		ii7	ii		7					mm7	0	0	6, 3, 7, 4		6	6	0	7	0.0	0.0	2.0	0.0
83	83	5/4	5/4	6/4	2	1	V.ii%7					E	V		ii%7	ii	%	7					%7	0	0	7, 4, 1, 5		7	7	1	4	0.2	0.125	0.875	0.125
84	84	0	0	6/4	2	1	V7(b9)					E	V		V7(b9)	V		7	b9				Mm7	0	0	6, 10, 7, 4	1	6	6	0	8	0.0	0.0	2.875	0.0
84	84	3/4	3/4	6/4	2	1	V7					E	V		V7	V		7					Mm7	0	0	6, 10, 7, 4		6	6	1	11	0.08333333333333333	0.125	2.875	0.041666666666666664
85	85	0	0	6/4	2	1	IM7|IAC}{					E	V		IM7	I	M	7			IAC	}{	MM7	0	0	5, 9, 6, 10		5	5	4	10	0.2857142857142857	0.5	3.125	0.13793103448275862
86	86	0	0	6/4	2	1	V7(9)					E	V		V7(9)	V		7	9				Mm7	0	0	6, 10, 7, 4	8	6	6	0	8	0.0	0.0	2.875	0.0
86	86	3/4	3/4	6/4	2	1	V7					E	V		V7	V		7					Mm7	0	0	6, 10, 7, 4		6	6	1	11	0.08333333333333333	0.125	2.875	0.041666666666666664
87	87	0	0	6/4	2	1	IM7					E	V		IM7	I	M	7					MM7	0	0	5, 9, 6, 10		5	5	3	11	0.21428571428571427	0.375	3.25	0.10344827586206896
88	88	0	0	6/4	2	1	V7(+4)					E	V		V7(+4)	V		7	+4				Mm7	0	0	6, 10, 7, 4	5	6	6	4	13	0.23529411764705882	0.675	2.7	0.2
88	88	1	1	6/4	2	1	V7(9)					E	V		V7(9)	V		7	9				Mm7	0	0	6, 10, 7, 4	8	6	6	0	5	0.0	0.0	1.5	0.0
88	88	5/4	5/4	6/4	2	1	V7					E	V		V7	V		7					Mm7	0	0	6, 10, 7, 4		6	6	0	3	0.0	0.0	0.5	0.0
89	89	0	0	6/4	2	1	I.V7(9)|EC					E	I		V7(9)	V		7	9		EC		Mm7	0	0	5, 9, 6, 3	7	5	5	8	48	0.14285714285714285	1.0	7.125	0.12307692307692308
92	92	0	0	6/4	2	1	I[I(+9+6)|IAC}{					E	I	I	I(+9+6)	I			+9+6		IAC	}{	M	0	0	4, 8, 5	6, 7	4	4	0	36	0.0	0.0	9.25	0.0
93	93	0	0	6/4	2	1	V(+96)					E	I	I	V(+96)	V			+96				M	0	0	5, 9, 8	7	5	5	4	20	0.16666666666666666	0.75	5.5	0.12
93	93	1	1	6/4	2	1	V(+9)					E	I	I	V(+9)	V			+9				M	0	0	5, 9, 6	7	5	5	2	14	0.125	0.5	2.5	0.16666666666666666
94	94	0	0	6/4	2	1	IV(+9+6)					E	I	I	IV(+9+6)	IV			+9+6				M	0	0	3, 7, 4	5, 6	3	3	0	15	0.0	0.0	4.0	0.0
94	94	3/4	3/4	6/4	2	1	ii7					E	I	I	ii7	ii		7					mm7	0	0	6, 3, 7, 4		6	6	2	18	0.1	0.25	4.25	0.05555555555555555
95	95	0	0	6/4	2	1	I(+9+64)					E	I	I	I(+9+64)	I			+9+64				M	0	0	4, 3, 5	6, 7	4	4	0	24	0.0	0.0	6.25	0.0
95	95	1	1	6/4	2	1	I(+9+6)					E	I	I	I(+9+6)	I			+9+6				M	0	0	4, 8, 5	6, 7	4	4	0	8	0.0	0.0	1.5	0.0
95	95	5/4	5/4	6/4	2	1	IV]					E	I	I	IV	IV							M	0	0	3, 7, 4		3	3	0	7	0.0	0.0	1.25	0.0
96	96	0	0	6/4	2	1	V43(+9+6)					E	I		V43(+9+6)	V		43	+9+6				Mm7	0	0	6, 3, 5, 9	7, 8	5	6	0	32	0.0	0.0	9.25	0.0
97	97	0	0	6/4	2	1	#viio65(+6)/ii					E	I		#viio65(+6)/ii	#vii	o	65	+6	ii			o7	0	0	8, 5, 2, 11	7	11	8	0	38	0.0	0.0	8.75	0.0
98	98	0	0	6/4	2	1	IM43(+6)/bVII					E	I		IM43(+6)/bVII	I	M	43	+6	bVII			MM7	0	0	3, 7, 2, 6	5	2	3	2	14	0.125	0.25	4.25	0.05555555555555555
98	98	3/4	3/4	6/4	2	1	IM43/bVII					E	I		IM43/bVII	I	M	43		bVII			MM7	0	0	3, 7, 2, 6		2	3	4	13	0.23529411764705882	0.5	3.0	0.14285714285714285
99	99	0	0	6/4	2	1	V7(+6)/bVII					E	I		V7(+6)/bVII	V		7	+6	bVII			Mm7	0	0	3, 7, 4, 1	6	3	3	0	39	0.0	0.0	7.5	0.0
100	100	0	0	6/4	2	1	bI.IM43|EC					E	bI		IM43	I	M	43			EC		MM7	0	0	-2, 2, -3, 1		-3	-2	8	24	0.25	1.0	6.25	0.13793103448275862
101	101	0	0	6/4	2	1	V7(+6)					E	bI		V7(+6)	V		7	+6				Mm7	0	0	-2, 2, -1, -4	1	-2	-2	0	39	0.0	0.0	7.5	0.0
102	102	0	0	6/4	2	1	I.IM43					E	I		IM43	I	M	43					MM7	0	0	5, 9, 4, 8		4	5	8	24	0.25	1.0	6.25	0.13793103448275862
103	103	0	0	6/4	2	1	vi7					E	I		vi7	vi		7					mm7	0	0	7, 4, 8, 5		7	7	0	11	0.0	0.0	2.5	0.0
103	103	1/2	1/2	6/4	2	1	ii65					E	I		ii65	ii		65					mm7	0	0	3, 7, 4, 6		6	3	0	7	0.0	0.0	1.25	0.0
103	103	3/4	3/4	6/4	2	1	ii7(9)					E	I		ii7(9)	ii		7	9				mm7	0	0	6, 3, 7, 4	8	6	6	0	8	0.0	0.0	1.5	0.0
103	103	1	1	6/4	2	1	IV(9+6)					E	I		IV(9+6)	IV			9+6				M	0	0	3, 7, 4	5, 6	3	3	0	10	0.0	0.0	2.25	0.0
103	103	11/8	11/8	6/4	2	1	IV6					E	I		IV6	IV		6					M	0	0	7, 4, 3		3	7	0	5	0.0	0.0	0.625	0.0
104	104	0	0	6/4	2	1	IM43					E	I		IM43	I	M	43					MM7	0	0	5, 9, 4, 8		4	5	8	24	0.25	1.0	6.25	0.13793103448275862
105	105	0	0	6/4	2	1	vi7					E	I		vi7	vi		7					mm7	0	0	7, 4, 8, 5		7	7	0	11	0.0	0.0	2.5	0.0
105	105	1/2	1/2	6/4	2	1	ii65					E	I		ii65	ii		65					mm7	0	0	3, 7, 4, 6		6	3	0	7	0.0	0.0	1.25	0.0
105	105	3/4	3/4	6/4	2	1	ii7(9)					E	I		ii7(9)	ii		7	9				mm7	0	0	6, 3, 7, 4	8	6	6	0	8	0.0	0.0	1.5	0.0
105	105	1	1	6/4	2	1	IV					E	I		IV	IV							M	0	0	3, 7, 4		3	3	2	7	0.2222222222222222	0.25	1.625	0.13333333333333333
105	105	11/8	11/8	6/4	2	1	vii%2					E	I		vii%2	vii	%	2					%7	0	0	7, 9, 6, 3		9	7	0	5	0.0	0.0	0.625	0.0
106	106	0	0	6/4	2	1	VI.V[I(+9+6)|HC}{					E	VI	V	I(+9+6)	I			+9+6		HC	}{	M	0	0	7, 11, 8	9, 10	7	7	0	109	0.0	0.0	19.375	0.0
109	109	1/4	1/4	6/4	2	1	I					E	VI	V	I	I							M	0	0	7, 11, 8		7	7	5	5	0.5	0.625	1.875	0.25
109	109	3/4	3/4	6/4	2	1	V7					E	VI	V	V7	V		7					Mm7	0	0	8, 12, 9, 6		8	8	5	18	0.21739130434782608	0.625	6.125	0.09259259259259259
110	110	3/4	3/4	6/4	2	1	I					E	VI	V	I	I							M	0	0	7, 11, 8		7	7	0	13	0.0	0.0	4.25	0.0
111	111	1/4	1/4	6/4	2	1	I6					E	VI	V	I6	I		6					M	0	0	11, 8, 7		7	11	0	6	0.0	0.0	1.5	0.0
111	111	1/2	1/2	6/4	2	1	ii7					E	VI	V	ii7	ii		7					mm7	0	0	9, 6, 10, 7		9	9	0	6	0.0	0.0	1.5	0.0
111	111	3/4	3/4	6/4	2	1	IV					E	VI	V	IV	IV							M	0	0	6, 10, 7		6	6	0	6	0.0	0.0	1.5	0.0
111	111	1	1	6/4	2	1	IV6					E	VI	V	IV6	IV		6					M	0	0	10, 7, 6		6	10	0	4	0.0	0.0	1.0	0.0
111	111	5/4	5/4	6/4	2	1	V					E	VI	V	V	V							M	0	0	8, 12, 9		8	8	0	4	0.0	0.0	1.0	0.0
112	112	0	0	6/4	2	1	IV					E	VI	V	IV	IV							M	0	0	6, 10, 7		6	6	0	6	0.0	0.0	4.5	0.0
112	112	3/4	3/4	6/4	2	1	I6]					E	VI	V	I6	I		6					M	0	0	11, 8, 7		7	11	0	6	0.0	0.0	1.5	0.0
113	113	1/4	1/4	6/4	2	1	V(64)					E	VI		V(64)	V			64				M	0	0	8, 7, 11		8	8	2	4	0.3333333333333333	0.25	1.75	0.125
113	113	3/4	3/4	6/4	2	1	V7					E	VI		V7	V		7					Mm7	0	0	8, 12, 9, 6		8	8	3	7	0.3	0.625	2.625	0.19230769230769232
114	114	3/4	3/4	6/4	2	1	V(64)					E	VI		V(64)	V			64				M	0	0	8, 7, 11		8	8	1	3	0.25	0.375	0.625	0.375
115	115	0	0	6/4	2	1	V[V					E	VI	V	V	V							M	0	0	8, 12, 9		8	8	0	1	0.0	0.0	0.75	0.0
115	115	1/4	1/4	6/4	2	1	I6					E	VI	V	I6	I		6					M	0	0	11, 8, 7		7	11	0	3	0.0	0.0	1.0	0.0
115	115	1/2	1/2	6/4	2	1	ii7]					E	VI	V	ii7	ii		7					mm7	0	0	9, 6, 10, 7		9	9	0	2	0.0	0.0	0.5	0.0
115	115	3/4	3/4	6/4	2	1	I.ii					E	I		ii	ii							m	0	0	6, 3, 7		6	6	3	12	0.2	0.75	8.25	0.08333333333333333
117	117	0	0	6/4	2	1	bVII(9)					E	I		bVII(9)	bVII			9				M	0	0	2, 6, 3	4	2	2	0	4	0.0	0.0	5.25	0.0
117	117	3/4	3/4	6/4	2	1	bVII					E	I		bVII	bVII							M	0	0	2, 6, 3		2	2	1	1	0.5	0.25	0.5	0.3333333333333333
118	118	0	0	6/4	2	1	ii					E	I		ii	ii							m	0	0	6, 3, 7		6	6	0	4	0.0	0.0	4.5	0.0
118	118	3/4	3/4	6/4	2	1	ii7					E	I		ii7	ii		7					mm7	0	0	6, 3, 7, 4		6	6	1	3	0.25	0.25	1.25	0.16666666666666666
119	119	0	0	6/4	2	1	V(9)					E	I		V(9)	V			9				M	0	0	5, 9, 6	7	5	5	0	4	0.0	0.0	4.5	0.0
119	119	3/4	3/4	6/4	2	1	V(6)					E	I		V(6)	V			6				M	0	0	5, 9, 8		5	5	0	2	0.0	0.0	1.25	0.0
119	119	5/4	5/4	6/4	2	1	V7(6)					E	I		V7(6)	V		7	6				Mm7	0	0	5, 9, 8, 3		5	5	0	1	0.0	0.0	0.25	0.0
120	120	0	0	6/4	2	1	I|PAC}{					E	I		I	I					PAC	}{	M	0	0	4, 8, 5		4	4	0	4	0.0	0.0	1.5	0.0
120	120	3/8	3/8	6/4	2	1	I(+9+6)					E	I		I(+9+6)	I			+9+6				M	0	0	4, 8, 5	6, 7	4	4	0	9	0.0	0.0	1.125	0.0
121	121	0	0	6/4	2	1	IVM7(+9+6)					E	I		IVM7(+9+6)	IV	M	7	+9+6				MM7	0	0	3, 7, 4, 8	5, 6	3	3	0	18	0.0	0.0	6.0	0.0
122	122	0	0	6/4	2	1	I(+9+6)					E	I		I(+9+6)	I			+9+6				M	0	0	4, 8, 5	6, 7	4	4	0	13	0.0	0.0	7.125	0.0
123	123	0	0	6/4	2	1	IVM7(+9+6)					E	I		IVM7(+9+6)	IV	M	7	+9+6				MM7	0	0	3, 7, 4, 8	5, 6	3	3	0	18	0.0	0.0	6.0	0.0
124	124	0	0	6/4	2	1	I(+9+6)					E	I		I(+9+6)	I			+9+6				M	0	0	4, 8, 5	6, 7	4	4	0	98	0.0	0.0	31.0	0.0
129	129	3/4	3/4	6/4	2	1	vi					E	I		vi	vi							m	0	0	7, 4, 8		7	7	0	4	0.0	0.0	2.0	0.0
130	130	1/4	1/4	6/4	2	1	vi64					E	I		vi64	vi		64					m	0	0	8, 7, 4		7	8	0	6	0.0	0.0	2.25	0.0
130	130	5/8	5/8	6/4	2	1	I					E	I		I	I							M	0	0	4, 8, 5		4	4	0	12	0.0	0.0	2.25	0.0
130	130	5/4	5/4	6/4	2	1	vi					E	I		vi	vi							m	0	0	7, 4, 8		7	7	0	4	0.0	0.0	1.0	0.0
131	131	1/4	1/4	6/4	2	1	vi64					E	I		vi64	vi		64					m	0	0	8, 7, 4		7	8	0	6	0.0	0.0	2.25	0.0
131	131	5/8	5/8	6/4	2	1	I					E	I		I	I							M	0	0	4, 8, 5		4	4	0	12	0.0	0.0	2.25	0.0
131	131	1	1	6/4	2	1	vi64					E	I		vi64	vi		64					m	0	0	8, 7, 4		7	8	0	5	0.0	0.0	1.875	0.0
131	131	11/8	11/8	6/4	2	1	I}					E	I		I	I						}	M	0	0	4, 8, 5		4	4	0	24	0.0	0.0	18.75	0.0
